Date,n_present,DailyTotal_kWh,DailyExpected_kWh,DailyResidual,Mean_Abs_Residual,Max_Abs_ZScore,Anomaly_Hours,Daily_Anomaly_Score
2026-01-01,24,48.6,97.6845,-49.0845,2.096020833333333,4.388384612362412,10,12.576125
2026-01-04,24,71.93,96.457,-24.527,1.1602916666666665,2.760591197017291,11,7.541895833333332
2026-01-03,24,72.66,96.457,-23.797,1.1390833333333334,2.7958993765193956,8,5.6954166666666675
2026-01-21,24,67.577,97.6845,-30.107499999999998,1.2829791666666666,2.689998568155267,2,2.565958333333333
2025-12-31,24,35.907,74.025,-38.118,1.6030833333333332,3.5797118239281858,1,2.404625
2026-01-20,24,71.672,97.6845,-26.0125,1.1210208333333334,2.585558603836645,1,1.68153125
2025-10-03,24,73.887,85.32600000000001,-11.439000000000002,0.4767916666666667,3.56304547276581,5,1.6687708333333335
2025-03-31,24,83.629,84.162,-0.5330000000000021,0.29745833333333327,4.226342405806233,8,1.4872916666666662
2025-03-12,22,57.539,69.882,-12.343,0.7431363636363636,4.5677372245745245,2,1.4862727272727272
2025-01-04,23,78.848,89.7275,-10.879500000000002,0.7309782608695652,3.827499432018258,2,1.4619565217391304
2025-01-06,23,79.188,91.007,-11.819,0.6889130434782608,5.480409717303064,2,1.3778260869565215
2025-12-04,24,104.708,74.025,30.683,1.2787083333333333,2.227276861027805,0,1.2787083333333333
2026-01-07,24,85.752,97.6845,-11.932500000000001,0.8453124999999999,6.736764899548345,1,1.2679687499999999
2025-12-02,24,104.428,74.025,30.403,1.266875,1.9578861874192934,0,1.266875
2025-12-05,24,104.14,74.025,30.115000000000002,1.254875,1.9578861874192934,0,1.254875
2025-12-03,24,103.994,74.025,29.969,1.2487916666666667,1.960616998799463,0,1.2487916666666667
2025-12-07,24,104.518,74.88550000000001,29.632499999999997,1.2371458333333332,2.4147543937671365,0,1.2371458333333332
2025-12-01,24,103.589,74.025,29.564,1.2318333333333333,1.8660177891183853,0,1.2318333333333333
2025-02-03,22,73.877,80.4125,-6.535499999999997,0.6086590909090911,5.249656568941529,2,1.2173181818181822
2026-01-05,24,72.17,97.6845,-25.5145,1.2054375,2.4369325007678375,0,1.2054375
2025-03-17,22,59.047,70.405,-11.358,0.5997272727272727,4.577836533598106,2,1.1994545454545453
2025-12-06,24,103.605,74.88550000000001,28.719499999999996,1.1991041666666666,2.1730261761995817,0,1.1991041666666666
2026-01-02,24,72.793,97.6845,-24.8915,1.1968958333333333,2.4406028507887862,0,1.1968958333333333
2025-12-08,24,102.352,74.025,28.327,1.1805416666666668,2.227276861027805,0,1.1805416666666668
2026-01-06,24,72.849,97.6845,-24.8355,1.1727291666666668,2.3794714970527218,0,1.1727291666666668
2026-01-22,24,70.788,97.6845,-26.8965,1.1436041666666668,2.1586334222869445,0,1.1436041666666668
2025-07-19,24,57.975,60.8075,-2.8324999999999996,0.14852083333333332,2.828419124768817,12,1.0396458333333332
2025-10-02,24,76.523,85.32600000000001,-8.803000000000003,0.38462499999999994,3.789018752675613,3,0.9615624999999999
2025-10-01,24,86.427,85.32600000000001,1.100999999999999,0.34437499999999993,2.654287370034664,3,0.8609374999999998
2025-02-12,24,91.228,94.3485,-3.120499999999999,0.2186041666666666,4.783146641563009,5,0.765114583333333
2025-08-28,24,78.453,66.365,12.087999999999997,0.5039166666666666,2.7267081168175267,1,0.7558749999999999
2025-08-29,24,77.841,66.365,11.475999999999997,0.48449999999999993,3.1950509956886597,1,0.7267499999999999
2025-03-30,24,83.455,85.0505,-1.595499999999999,0.2882708333333333,2.7975979442105223,3,0.7206770833333332
2025-04-01,24,82.38,75.4845,6.8955,0.2876458333333333,3.0055701290779315,3,0.7191145833333333
2025-08-23,24,69.054,70.066,-1.0120000000000016,0.35887500000000006,3.1628688427064686,2,0.7177500000000001
2026-01-23,24,85.67999999999999,97.6845,-12.0045,0.7169791666666666,1.9820584893665876,0,0.7169791666666666
2025-05-12,24,59.274,65.267,-5.993,0.24979166666666666,4.578478216369993,3,0.6244791666666667
2026-01-19,24,85.408,97.6845,-12.276500000000002,0.5918541666666667,2.0184294953324766,0,0.5918541666666667
2025-08-31,24,78.843,70.066,8.777,0.3657916666666667,2.5751168728227327,1,0.5486875
2025-09-29,24,87.382,84.8285,2.553499999999998,0.2734791666666666,3.9577109995257076,2,0.5469583333333332
2025-10-17,24,79.371,85.32600000000001,-5.955000000000004,0.26295833333333346,3.384655804187905,2,0.5259166666666669
2025-09-04,24,78.657,84.8285,-6.1715000000000035,0.2573125000000001,3.429892090309179,2,0.5146250000000002
2025-03-03,24,89.083,84.162,4.921,0.23920833333333333,4.5794431881142605,2,0.47841666666666666
2025-11-30,24,105.097,93.639,11.458,0.4774583333333333,1.860462242606336,0,0.4774583333333333
2025-11-23,24,104.591,93.639,10.952,0.45658333333333334,2.0701923923216494,0,0.45658333333333334
2025-01-26,22,102.144,96.4565,5.6875,0.4534318181818182,2.0300727544864547,0,0.4534318181818182
2025-10-16,24,82.221,85.32600000000001,-3.105000000000003,0.15112499999999995,4.563212347579699,4,0.45337499999999986
2025-11-29,24,104.267,93.639,10.628,0.44308333333333333,2.0701923923216494,0,0.44308333333333333
2025-11-28,24,104.402,93.7745,10.6275,0.44306249999999997,2.202993478267941,0,0.44306249999999997
2025-11-22,24,104.194,93.639,10.555,0.4398333333333333,1.9233893345182633,0,0.4398333333333333
2025-08-27,24,73.322,66.365,6.957,0.290875,4.574021483832532,1,0.4363125
2025-02-13,24,92.251,94.3485,-2.097499999999999,0.17256250000000004,4.023180935138589,3,0.4314062500000001
2025-11-21,24,103.861,93.7745,10.0865,0.42068750000000005,2.142720058889884,0,0.42068750000000005
2025-11-24,24,103.67699999999999,93.7745,9.9025,0.41260416666666666,2.1693853195908797,0,0.41260416666666666
2025-11-27,24,103.649,93.7745,9.8745,0.41152083333333334,1.965360056629064,0,0.41152083333333334
2025-11-03,24,92.041,93.7745,-1.7335000000000016,0.26781250000000006,4.471331809595635,1,0.4017187500000001
2026-02-01,24,99.223,95.893,3.3299999999999996,0.26308333333333334,3.3127128984047696,1,0.394625
2025-10-04,24,79.069,85.345,-6.275999999999998,0.2615416666666666,2.5120503978235518,1,0.39231249999999995
2025-11-25,24,103.116,93.7745,9.3415,0.3892291666666667,1.8983010508375113,0,0.3892291666666667
2025-10-31,24,89.81700000000001,85.32600000000001,4.491,0.19329166666666664,2.986917063621777,2,0.3865833333333333
2025-11-13,24,93.714,93.7745,-0.060499999999999776,0.19277083333333334,4.473058646469886,2,0.38554166666666667
2026-02-02,24,97.939,94.3485,3.590500000000002,0.24839583333333334,4.618925546174938,1,0.37259375
2025-10-30,24,89.629,85.32600000000001,4.303,0.18570833333333328,2.7158272311148495,2,0.37141666666666656
2025-11-26,24,102.686,93.7745,8.9115,0.3713125,1.8981682598212342,0,0.3713125
2026-01-29,24,101.709,97.6845,4.0245000000000015,0.36885416666666665,2.0020192600053885,0,0.36885416666666665
2025-04-23,24,71.94200000000001,75.4845,-3.5424999999999986,0.1833958333333333,3.4625097756441674,2,0.3667916666666666
2025-11-20,24,102.494,93.7745,8.7195,0.3633125,1.981039763760407,0,0.3633125
2025-01-25,24,101.372,96.457,4.915,0.3627916666666667,1.9436468538446654,0,0.3627916666666667
2025-09-01,24,79.118,84.8285,-5.710500000000004,0.23810416666666687,2.8602367569929217,1,0.3571562500000003
2026-01-28,24,102.054,97.6845,4.3694999999999995,0.3562291666666666,1.9781375071516232,0,0.3562291666666666
2025-07-16,24,55.787,61.397,-5.609999999999999,0.23608333333333334,2.6078153570770803,1,0.354125
2025-08-30,24,73.115,70.066,3.048999999999998,0.3524583333333333,2.2569735170039884,0,0.3524583333333333
2025-08-01,24,68.787,66.365,2.4219999999999984,0.35024999999999995,1.9720227054853185,0,0.35024999999999995
2025-12-09,24,81.72200000000001,74.025,7.697000000000001,0.34637500000000004,1.9578861874192934,0,0.34637500000000004
2025-08-04,24,69.971,66.365,3.605999999999999,0.33925,1.9720227054853185,0,0.33925
2026-02-03,24,99.685,94.3485,5.336500000000001,0.22535416666666672,2.6450257401172728,1,0.33803125000000006
2026-01-30,24,100.247,97.6845,2.5625000000000004,0.3321875,2.0020192600053885,0,0.3321875
2026-01-31,24,101.123,96.457,4.666000000000003,0.32641666666666674,1.9436468538446654,0,0.32641666666666674
2025-01-27,24,101.033,97.6845,3.3484999999999996,0.3244375,2.0184294953324766,0,0.3244375
2025-01-30,24,100.245,97.6845,2.560500000000001,0.3231875000000001,2.0184294953324766,0,0.3231875000000001
2025-01-31,24,100.03,97.6845,2.3455000000000004,0.3211458333333334,2.0020192600053885,0,0.3211458333333334
2026-02-08,24,100.507,95.893,4.614000000000001,0.3149166666666667,1.9148505488530307,0,0.3149166666666667
2026-01-25,24,102.94,96.457,6.483,0.31083333333333335,2.0300727544864547,0,0.31083333333333335
2025-03-01,24,89.014,85.0505,3.963500000000001,0.20702083333333324,2.6268699425308966,1,0.31053124999999987
2026-02-07,24,100.125,95.893,4.231999999999999,0.30116666666666664,2.0279333728524858,0,0.30116666666666664
2025-01-29,24,100.203,97.6845,2.518499999999999,0.3006875,2.0020192600053885,0,0.3006875
2025-06-08,24,63.565,59.961,3.603999999999998,0.1502499999999999,2.9999910000269994,2,0.3004999999999998
2025-01-28,24,100.228,97.6845,2.5435000000000008,0.30047916666666674,2.0020192600053885,0,0.30047916666666674
2026-01-24,24,102.682,96.457,6.225,0.2999583333333333,1.9436468538446654,0,0.2999583333333333
2025-09-02,24,80.55199999999999,84.8285,-4.276500000000005,0.19906250000000006,2.5096670030716557,1,0.2985937500000001
2025-05-01,24,69.51,65.267,4.243000000000002,0.19812499999999997,4.706379289963236,1,0.29718749999999994
2025-03-04,24,88.328,84.162,4.166,0.19766666666666666,2.528395868834312,1,0.2965
2025-08-07,24,70.407,66.365,4.042,0.29516666666666663,1.9720227054853185,0,0.29516666666666663
2025-08-05,24,69.389,66.365,3.0239999999999996,0.29433333333333334,1.9540130236624311,0,0.29433333333333334
2025-01-24,24,101.3,97.6845,3.6154999999999977,0.2915625,2.0184294953324766,0,0.2915625
2025-08-06,24,69.785,66.365,3.4199999999999995,0.29,2.160242232812701,0,0.29
2025-07-23,24,68.301,61.397,6.904,0.28783333333333333,2.0039603091351093,0,0.28783333333333333
2026-01-08,24,101.713,97.6845,4.028500000000001,0.2816875000000001,2.1416737979340517,0,0.2816875000000001
2025-08-08,24,70.517,66.365,4.151999999999999,0.28141666666666665,1.9720227054853185,0,0.28141666666666665
2025-01-23,24,101.327,97.6845,3.6424999999999996,0.2813541666666667,2.0184294953324766,0,0.2813541666666667
2025-07-31,24,68.106,61.397,6.709000000000001,0.27995833333333336,2.270697155576987,0,0.27995833333333336
2025-11-19,24,100.404,93.7745,6.629499999999999,0.2765624999999999,1.9780291314532237,0,0.2765624999999999
2025-08-24,24,67.731,70.066,-2.334999999999999,0.2735416666666666,1.93648792311097,0,0.2735416666666666
2025-06-06,24,64.221,59.85,4.371,0.18220833333333333,4.582554695052074,1,0.2733125
2026-02-11,24,98.778,94.3485,4.429500000000002,0.27081250000000007,1.9689864930262375,0,0.27081250000000007
2026-01-27,24,99.044,97.6845,1.3594999999999993,0.2707291666666665,2.0184294953324766,0,0.2707291666666665
2026-01-09,24,101.393,97.6845,3.7084999999999995,0.2688541666666666,2.044685688517524,0,0.2688541666666666
2026-02-09,24,99.156,94.3485,4.807500000000001,0.2668958333333334,2.416785223632049,0,0.2668958333333334
2025-07-30,24,67.753,61.397,6.356000000000002,0.26525000000000004,2.1255206273476754,0,0.26525000000000004
2026-02-10,24,98.717,94.3485,4.368500000000001,0.2641875000000001,2.025090983435007,0,0.2641875000000001
2025-08-11,24,71.80799999999999,66.365,5.442999999999999,0.26312499999999994,1.9540130236624311,0,0.26312499999999994
2025-02-01,24,100.062,95.893,4.169,0.1739583333333333,2.554622826419031,1,0.26093749999999993
2025-07-26,24,67.038,60.8075,6.230500000000001,0.2596041666666667,1.9003063533618585,0,0.2596041666666667
2025-07-24,24,67.577,61.397,6.18,0.2579166666666666,2.1255206273476754,0,0.2579166666666666
2026-02-06,24,99.706,94.3485,5.357500000000003,0.2561458333333334,1.9235215878765295,0,0.2561458333333334
2025-07-29,24,67.502,61.397,6.105,0.2545416666666667,2.043176904869372,0,0.2545416666666667
2025-01-22,24,100.4,97.6845,2.715500000000001,0.2501458333333333,2.0184294953324766,0,0.2501458333333333
2025-02-04,24,98.036,94.3485,3.6875,0.16589583333333327,2.8715310661921554,1,0.24884374999999992
2025-05-05,24,69.018,65.267,3.751000000000002,0.16379166666666678,2.533107608944698,1,0.24568750000000017
2025-09-03,24,78.936,84.8285,-5.892500000000002,0.24568750000000006,2.4341169673161884,0,0.24568750000000006
2025-07-27,24,66.702,60.8075,5.8945,0.24560416666666665,2.157570437487609,0,0.24560416666666665
2026-01-26,24,99.699,97.6845,2.014499999999999,0.24502083333333327,2.0184294953324766,0,0.24502083333333327
2026-01-12,24,97.956,97.6845,0.2715000000000005,0.24272916666666658,2.0184294953324766,0,0.24272916666666658
2025-05-13,24,67.963,65.267,2.6960000000000006,0.16029166666666667,3.349292449919518,1,0.2404375
2025-03-28,24,80.329,84.162,-3.833000000000002,0.15970833333333342,2.716632083110925,1,0.23956250000000012
2025-05-06,24,68.501,65.267,3.234000000000001,0.15933333333333327,2.533107608944698,1,0.2389999999999999
2026-01-13,24,97.601,97.6845,-0.0835000000000008,0.23635416666666664,2.0020192600053885,0,0.23635416666666664
2025-02-23,24,90.308,95.893,-5.584999999999999,0.23279166666666662,1.9148505488530307,0,0.23279166666666662
2025-02-05,24,97.877,94.3485,3.5285000000000015,0.15460416666666668,2.611264954574739,1,0.23190625000000004
2025-10-06,24,80.072,85.32600000000001,-5.2540000000000004,0.22966666666666677,2.0039603091351093,0,0.22966666666666677
2025-09-30,24,90.305,84.8285,5.476499999999998,0.22856249999999992,2.1647553010830096,0,0.22856249999999992
2026-01-15,24,98.418,97.6845,0.7335000000000014,0.22797916666666662,2.0184294953324766,0,0.22797916666666662
2025-02-22,24,90.439,95.893,-5.4540000000000015,0.2275833333333334,1.9148505488530307,0,0.2275833333333334
2025-04-30,24,70.033,75.4845,-5.451499999999999,0.22747916666666665,2.4201076598551,0,0.22747916666666665
2025-07-22,24,64.877,61.397,3.48,0.225,2.1255206273476754,0,0.225
2025-07-25,24,66.744,61.397,5.347,0.22295833333333337,2.0039603091351093,0,0.22295833333333337
2025-03-29,24,81.59,85.0505,-3.4604999999999992,0.21852083333333328,2.3135322293709564,0,0.21852083333333328
2025-08-12,24,68.724,66.365,2.359,0.21812499999999999,2.2912825974899493,0,0.21812499999999999
2025-10-05,24,80.258,85.345,-5.086999999999997,0.21712499999999998,2.274501617085787,0,0.21712499999999998
2026-02-05,24,98.91,94.3485,4.561500000000002,0.21539583333333345,1.652689919814042,0,0.21539583333333345
2025-08-16,24,64.949,70.066,-5.117000000000002,0.21325000000000008,1.7488839069761069,0,0.21325000000000008
2026-02-04,24,99.216,94.3485,4.8675,0.2123958333333333,1.7452899420021286,0,0.2123958333333333
2025-04-29,24,70.405,75.4845,-5.0794999999999995,0.21206249999999996,2.0310054761673677,0,0.21206249999999996
2026-01-16,24,97.757,97.6845,0.07250000000000179,0.21010416666666662,2.0020192600053885,0,0.21010416666666662
2026-01-10,24,101.477,96.457,5.02,0.2092083333333333,1.9517963363806923,0,0.2092083333333333
2025-05-10,24,65.549,64.846,0.7030000000000002,0.2087083333333333,2.054138366408614,0,0.2087083333333333
2025-08-17,24,65.36,70.066,-4.706000000000001,0.20375000000000007,1.9364879231109704,0,0.20375000000000007
2025-03-02,24,89.049,85.0505,3.9985000000000004,0.20218749999999996,2.071969121337354,0,0.20218749999999996
2025-04-27,24,70.645,75.4845,-4.8395,0.20206250000000003,2.309285788721465,0,0.20206250000000003
2025-05-08,24,66.547,65.267,1.2800000000000031,0.20162499999999986,2.0312500701818323,0,0.20162499999999986
2026-01-14,24,99.352,97.6845,1.6674999999999993,0.20097916666666668,2.0020192600053885,0,0.20097916666666668
2025-07-28,24,65.503,61.397,4.106,0.19975000000000007,2.1255206273476754,0,0.19975000000000007
2025-08-02,24,68.798,70.066,-1.2680000000000005,0.19741666666666666,2.070192392321649,0,0.19741666666666666
2025-04-02,24,80.128,75.4845,4.643500000000001,0.19718750000000007,1.9621378370424127,0,0.19718750000000007
2025-05-09,24,66.38,65.267,1.1130000000000004,0.19574999999999998,2.1937362843585877,0,0.19574999999999998
2025-04-28,24,70.82000000000001,75.4845,-4.664499999999998,0.19452083333333323,1.9621378370424127,0,0.19452083333333323
2025-08-03,24,69.273,70.066,-0.7930000000000008,0.19299999999999992,1.0851058929259818,0,0.19299999999999992
2025-02-28,24,89.73,94.3485,-4.618499999999997,0.19277083333333325,2.025090983435007,0,0.19277083333333325
2025-01-18,24,96.791,96.457,0.3340000000000005,0.19079166666666666,1.9436468538446654,0,0.19079166666666666
2025-03-05,23,87.876,84.161,3.7149999999999994,0.19047826086956524,1.6673347474407174,0,0.19047826086956524
2025-07-17,24,56.874,61.397,-4.523,0.19037499999999996,2.34204459255357,0,0.19037499999999996
2026-01-11,24,98.834,96.457,2.3770000000000024,0.19012500000000007,2.0300727544864547,0,0.19012500000000007
2025-01-19,24,97.145,96.457,0.6879999999999988,0.18924999999999995,2.0300727544864547,0,0.18924999999999995
2025-06-01,24,64.493,59.961,4.531999999999998,0.18883333333333327,2.1546824827777225,0,0.18883333333333327
2025-05-11,24,65.764,64.846,0.918,0.18841666666666665,1.999996000008,0,0.18841666666666665
2025-01-12,24,97.729,96.457,1.2720000000000007,0.18795833333333337,2.0300727544864547,0,0.18795833333333337
2025-04-05,24,79.922,75.4845,4.437499999999998,0.1853541666666666,2.160242232812701,0,0.1853541666666666
2025-07-09,24,56.982,61.397,-4.414999999999999,0.1839583333333333,1.2209429924396975,0,0.1839583333333333
2025-05-03,24,69.251,64.846,4.404999999999999,0.18387499999999998,2.2677816952098833,0,0.18387499999999998
2025-04-03,24,79.867,75.4845,4.3825,0.1827291666666667,1.9621378370424127,0,0.1827291666666667
2025-05-07,24,67.705,65.267,2.4379999999999997,0.18020833333333333,2.1937362843585877,0,0.18020833333333333
2025-06-02,24,64.158,59.85,4.308000000000002,0.17950000000000008,1.9764317128075346,0,0.17950000000000008
2026-01-17,24,96.982,96.457,0.5250000000000006,0.17945833333333336,1.9436468538446654,0,0.17945833333333336
2025-10-29,24,86.451,85.32600000000001,1.124999999999997,0.17904166666666674,2.38103409662615,0,0.17904166666666674
2025-01-11,24,97.848,96.457,1.3909999999999996,0.1753333333333333,1.9712176355116986,0,0.1753333333333333
2025-11-04,24,89.57,93.7745,-4.204500000000003,0.17518750000000013,1.9591755404412103,0,0.17518750000000013
2026-01-18,24,94.515,96.457,-1.9419999999999993,0.17475,2.0300727544864547,0,0.17475
2025-10-28,24,89.5,85.32600000000001,4.1739999999999995,0.17466666666666666,2.219783095456862,0,0.17466666666666666
2025-07-04,24,64.19,61.397,2.793,0.17454166666666668,1.9728893365159033,0,0.17454166666666668
2025-09-19,24,87.615,84.8285,2.7864999999999966,0.11622916666666654,4.687196294648193,1,0.1743437499999998
2025-05-04,24,68.995,64.846,4.149000000000002,0.1742916666666667,2.2677816952098833,0,0.1742916666666667
2025-06-03,24,64.026,59.85,4.176000000000001,0.17400000000000004,2.485244432283304,0,0.17400000000000004
2025-06-05,24,64.003,59.85,4.153,0.17304166666666665,2.485244432283304,0,0.17304166666666665
2025-02-25,24,90.206,94.3485,-4.142499999999998,0.17293749999999994,2.025090983435007,0,0.17293749999999994
2025-04-04,24,79.515,75.4845,4.030500000000002,0.17147916666666665,1.9621378370424127,0,0.17147916666666665
2025-02-27,24,90.256,94.3485,-4.092499999999999,0.17085416666666664,2.025090983435007,0,0.17085416666666664
2025-03-07,24,86.897,84.162,2.735,0.17054166666666667,1.3627804633136835,0,0.17054166666666667
2025-05-02,24,68.655,65.267,3.388000000000002,0.16995833333333335,2.1937362843585877,0,0.16995833333333335
2025-07-10,24,57.333,61.397,-4.064000000000002,0.16950000000000007,2.0039603091351093,0,0.16950000000000007
2025-07-14,24,57.336,61.397,-4.061000000000002,0.16937500000000005,2.0039603091351093,0,0.16937500000000005
2025-06-07,24,64.025,59.961,4.064,0.16933333333333334,2.022328617254081,0,0.16933333333333334
2025-03-06,24,87.364,84.162,3.2019999999999995,0.1691666666666667,1.4302448426856482,0,0.1691666666666667
2025-07-11,24,57.342,61.397,-4.055,0.16912499999999997,2.0039603091351093,0,0.16912499999999997
2025-07-08,24,57.37,61.397,-4.027000000000001,0.1677916666666667,0.950891832413402,0,0.1677916666666667
2025-06-04,24,63.876,59.85,4.026,0.16774999999999998,1.6443483355878405,0,0.16774999999999998
2025-09-28,24,89.338,85.42699999999999,3.911000000000001,0.1670833333333334,1.932179832832472,0,0.1670833333333334
2025-07-18,24,57.638,61.397,-3.7590000000000003,0.16679166666666667,2.0039603091351093,0,0.16679166666666667
2025-07-21,24,59.225,61.397,-2.1720000000000006,0.16641666666666666,2.1255206273476754,0,0.16641666666666666
2025-09-05,24,80.859,84.8285,-3.9695000000000027,0.16568750000000013,1.9621378370424127,0,0.16568750000000013
2025-07-07,24,60.629,61.397,-0.7679999999999998,0.16541666666666666,1.144169700825841,0,0.16541666666666666
2025-04-06,24,79.448,75.4845,3.963499999999999,0.1651458333333333,1.9161395040047677,0,0.1651458333333333
2025-06-09,24,63.768,59.85,3.918,0.16325,2.485244432283304,0,0.16325
2025-09-06,24,81.515,85.42699999999999,-3.912,0.16320833333333332,2.2653513556859592,0,0.16320833333333332
2025-02-07,24,98.262,94.3485,3.9135000000000013,0.16306250000000005,2.0735250545387545,0,0.16306250000000005
2025-09-27,24,89.057,85.42699999999999,3.6300000000000012,0.1599583333333334,1.932179832832472,0,0.1599583333333334
2025-11-01,24,89.988,93.639,-3.6510000000000007,0.15937500000000007,1.340933518210879,0,0.15937500000000007
2025-09-07,24,81.7,85.42699999999999,-3.7270000000000003,0.1590416666666666,2.0004939286890506,0,0.1590416666666666
2025-06-10,24,63.666000000000004,59.85,3.816000000000001,0.15900000000000006,1.8618792325317695,0,0.15900000000000006
2025-05-15,24,64.86,65.267,-0.40699999999999803,0.07875,2.7519275909715057,2,0.1575
2025-07-05,24,62.671,60.8075,1.8635000000000013,0.1563125,1.932179832832472,0,0.1563125
2025-11-02,24,90.349,93.639,-3.290000000000002,0.1559583333333334,1.9364879231109704,0,0.1559583333333334
2025-10-27,24,88.782,85.32600000000001,3.455999999999999,0.15574999999999997,2.0867717850450886,0,0.15574999999999997
2025-01-05,24,99.045,96.457,2.587999999999999,0.15483333333333332,2.0300727544864547,0,0.15483333333333332
2025-04-25,24,71.80799999999999,75.4845,-3.6765000000000003,0.15360416666666668,2.0310054761673677,0,0.15360416666666668
2025-10-25,24,86.647,85.345,1.3020000000000036,0.15195833333333322,2.2872315253140147,0,0.15195833333333322
2025-02-26,24,90.70400000000001,94.3485,-3.644499999999997,0.15185416666666654,1.2509429897741093,0,0.15185416666666654
2025-04-26,24,71.901,75.4845,-3.583500000000001,0.1508958333333333,1.361790305081215,0,0.1508958333333333
2025-09-26,24,88.219,84.8285,3.390499999999998,0.15056249999999996,1.9621378370424123,0,0.15056249999999996
2025-07-20,24,58.333999999999996,60.8075,-2.473500000000001,0.15039583333333337,1.0394688700010084,0,0.15039583333333337
2025-11-15,24,90.148,93.639,-3.4910000000000014,0.1457083333333334,2.0701923923216494,0,0.1457083333333334
2025-02-06,24,97.772,94.3485,3.4235000000000033,0.14335416666666678,2.3230363681554516,0,0.14335416666666678
2025-09-25,24,87.867,84.8285,3.038499999999996,0.14289583333333342,1.4396620753388596,0,0.14289583333333342
2025-08-25,24,67.85300000000001,66.365,1.488000000000001,0.1425,1.9720227054853185,0,0.1425
2025-04-07,24,78.748,75.4845,3.2635,0.14185416666666673,1.9621378370424127,0,0.14185416666666673
2025-11-05,24,90.401,93.7745,-3.373499999999998,0.14064583333333325,2.126920374688412,0,0.14064583333333325
2025-03-27,24,80.827,84.162,-3.334999999999999,0.14062499999999992,1.9385514130399872,0,0.14062499999999992
2025-02-02,24,99.172,95.893,3.279,0.13987499999999994,2.3429624771645194,0,0.13987499999999994
2025-12-28,24,72.239,74.88550000000001,-2.6465000000000027,0.13935416666666678,2.3488194800186815,0,0.13935416666666678
2025-07-15,24,58.064,61.397,-3.333000000000001,0.1390416666666667,2.0039603091351093,0,0.1390416666666667
2025-07-06,24,62.642,60.8075,1.8345000000000011,0.13893750000000002,1.932179832832472,0,0.13893750000000002
2025-10-26,24,88.583,85.345,3.2380000000000035,0.13779166666666673,2.384333443103377,0,0.13779166666666673
2025-01-16,24,96.807,97.6845,-0.8775000000000004,0.1357291666666667,2.0184294953324766,0,0.1357291666666667
2025-07-12,24,57.558,60.8075,-3.249499999999999,0.1353958333333333,0.935329272441492,0,0.1353958333333333
2025-11-14,24,90.541,93.7745,-3.2335000000000003,0.13489583333333335,2.126920374688412,0,0.13489583333333335
2025-01-14,24,97.204,97.6845,-0.4804999999999999,0.13443750000000002,2.0020192600053885,0,0.13443750000000002
2025-02-20,24,91.625,94.3485,-2.7234999999999987,0.13322916666666662,1.722303025305323,0,0.13322916666666662
2025-12-27,24,72.215,74.88550000000001,-2.6705000000000023,0.13297916666666676,1.7472513254239688,0,0.13297916666666676
2025-01-20,24,96.569,97.6845,-1.1155,0.13281250000000003,2.0020192600053885,0,0.13281250000000003
2025-09-23,24,87.672,84.8285,2.843499999999996,0.13252083333333328,1.9871341815460584,0,0.13252083333333328
2025-12-29,24,72.633,74.025,-1.392,0.08799999999999998,2.735569286311272,1,0.13199999999999998
2025-02-24,24,91.185,94.3485,-3.163499999999999,0.13181249999999997,1.1855173868136957,0,0.13181249999999997
2025-01-15,24,96.814,97.6845,-0.8705000000000003,0.13152083333333334,2.0184294953324766,0,0.13152083333333334
2025-04-24,24,72.723,75.4845,-2.761499999999998,0.12972916666666667,1.9621378370424127,0,0.12972916666666667
2025-01-17,24,96.699,97.6845,-0.9855000000000026,0.12947916666666678,2.0020192600053885,0,0.12947916666666678
2025-01-21,24,96.324,97.6845,-1.3605000000000014,0.12927083333333336,2.0184294953324766,0,0.12927083333333336
2025-03-26,24,82.282,84.162,-1.8799999999999997,0.12924999999999998,1.972022705485319,0,0.12924999999999998
2025-09-24,24,87.87,84.8285,3.0414999999999974,0.12868749999999995,1.9871341815460584,0,0.12868749999999995
2025-02-21,24,91.326,94.3485,-3.022499999999999,0.12860416666666663,1.883687409020315,0,0.12860416666666663
2025-05-14,24,65.309,65.267,0.041999999999999815,0.08562500000000006,2.7731915563414558,1,0.1284375000000001
2025-09-22,24,87.88,84.8285,3.0514999999999977,0.12735416666666657,1.9871341815460584,0,0.12735416666666657
2025-12-12,24,76.828,74.025,2.8030000000000004,0.1272916666666666,2.0534481608435176,0,0.1272916666666666
2025-08-26,24,69.073,66.365,2.7079999999999975,0.1264166666666667,1.9720227054853185,0,0.1264166666666667
2025-06-11,24,62.803,59.85,2.9530000000000003,0.1237916666666667,1.880020409743752,0,0.1237916666666667
2025-08-09,24,70.855,70.066,0.7890000000000001,0.12195833333333334,2.070192392321649,0,0.12195833333333334
2025-12-30,24,72.914,74.025,-1.1109999999999993,0.08087499999999999,2.7584291967818397,1,0.12131249999999999
2025-03-23,24,82.868,85.0505,-2.182499999999999,0.1211458333333333,1.9364879231109704,0,0.1211458333333333
2025-04-22,24,72.589,75.4845,-2.8954999999999966,0.12072916666666654,1.9621378370424123,0,0.12072916666666654
2025-01-10,24,99.012,97.6845,1.3275,0.12027083333333337,1.9820584893665876,0,0.12027083333333337
2025-08-13,24,63.492,66.365,-2.873000000000001,0.12012500000000004,2.2912825974899493,0,0.12012500000000004
2025-05-31,24,64.105,64.846,-0.7409999999999985,0.11970833333333342,1.4659829701195939,0,0.11970833333333342
2025-08-10,24,71.352,70.066,1.286,0.1197083333333333,2.070192392321649,0,0.1197083333333333
2025-10-24,24,87.757,85.32600000000001,2.431,0.11904166666666656,2.053448160843517,0,0.11904166666666656
2025-01-01,24,99.543,97.6845,1.8585000000000007,0.11864583333333334,2.0184294953324766,0,0.11864583333333334
2025-03-24,24,82.989,84.162,-1.173,0.11845833333333326,1.7500125035121614,0,0.11845833333333326
2025-03-11,24,85.686,84.162,1.5239999999999996,0.11808333333333339,1.4894099796002571,0,0.11808333333333339
2025-02-15,24,93.214,95.893,-2.679,0.11612500000000002,1.3229504696145888,0,0.11612500000000002
2025-01-13,24,97.628,97.6845,-0.05649999999999755,0.11577083333333339,1.9820584893665876,0,0.11577083333333339
2025-03-25,24,82.297,84.162,-1.8650000000000009,0.1147083333333333,1.972022705485319,0,0.1147083333333333
2025-03-10,24,86.121,84.162,1.9589999999999985,0.11329166666666668,1.972022705485319,0,0.11329166666666668
2025-10-23,24,87.41,85.32600000000001,2.083999999999998,0.11266666666666662,1.9578861874192934,0,0.11266666666666662
2025-03-08,24,86.812,85.0505,1.7615000000000003,0.1123958333333334,1.9364879231109704,0,0.1123958333333334
2025-02-17,24,93.057,94.3485,-1.2914999999999976,0.11189583333333326,1.9689864930262375,0,0.11189583333333326
2025-09-10,24,82.213,84.8285,-2.615500000000002,0.11185416666666674,2.2300620273150855,0,0.11185416666666674
2025-02-10,24,96.757,94.3485,2.408500000000003,0.11168750000000018,2.010662699545237,0,0.11168750000000018
2025-02-18,24,92.492,94.3485,-1.8564999999999983,0.11068749999999995,1.3018534602881697,0,0.11068749999999995
2025-09-08,24,82.314,84.8285,-2.514500000000003,0.11014583333333339,1.9871341815460584,0,0.11014583333333339
2025-10-22,24,87.957,85.32600000000001,2.6309999999999993,0.10979166666666666,2.0039603091351093,0,0.10979166666666666
2025-11-06,24,91.219,93.7745,-2.555500000000001,0.10956250000000006,1.9591755404412108,0,0.10956250000000006
2025-07-13,24,58.223,60.8075,-2.5845,0.10768749999999999,0.7785800137244696,0,0.10768749999999999
2025-04-08,24,77.547,75.4845,2.0625000000000004,0.1075625,1.9621378370424123,0,0.1075625
2025-08-22,24,67.11,66.365,0.7449999999999981,0.10729166666666672,1.9540130236624311,0,0.10729166666666672
2025-02-19,24,92.641,94.3485,-1.7074999999999996,0.10710416666666667,2.025090983435007,0,0.10710416666666667
2025-10-07,24,83.553,85.32600000000001,-1.7730000000000024,0.10470833333333329,2.053448160843517,0,0.10470833333333329
2025-12-11,24,75.963,74.025,1.9379999999999993,0.10433333333333328,1.9728893365159033,0,0.10433333333333328
2025-01-09,24,98.762,97.6845,1.0774999999999995,0.10427083333333335,1.9781375071516232,0,0.10427083333333335
2025-01-02,24,99.412,97.6845,1.7275000000000003,0.10385416666666665,2.0184294953324766,0,0.10385416666666665
2025-01-08,24,98.545,97.6845,0.8604999999999996,0.10372916666666672,1.9781375071516232,0,0.10372916666666672
2025-01-03,24,98.963,97.6845,1.2785000000000004,0.10314583333333323,2.0020192600053885,0,0.10314583333333323
2025-06-20,24,58.324,59.85,-1.526,0.06858333333333334,4.578126550485463,1,0.10287500000000002
2025-12-26,24,72.141,74.025,-1.8840000000000008,0.10258333333333336,2.17931146486079,0,0.10258333333333336
2025-12-25,24,72.151,74.025,-1.8739999999999997,0.10225,2.209791345488214,0,0.10225
2025-03-16,22,83.423,85.0495,-1.6264999999999985,0.10184090909090905,2.1857344270005945,0,0.10184090909090905
2025-02-14,24,94.417,94.3485,0.06850000000000134,0.10164583333333332,1.3142726761757566,0,0.10164583333333332
2025-09-09,24,82.451,84.8285,-2.3775000000000026,0.10139583333333342,0.9770065118312158,0,0.10139583333333342
2025-08-19,24,65.131,66.365,-1.2340000000000018,0.10116666666666674,2.2912825974899493,0,0.10116666666666674
2025-07-03,24,61.648,61.397,0.2510000000000008,0.10070833333333336,1.9728893365159033,0,0.10070833333333336
2025-05-30,24,64.006,65.267,-1.260999999999998,0.09954166666666665,1.6655950358735099,0,0.09954166666666665
2025-01-07,24,98.639,97.6845,0.9544999999999991,0.09939583333333339,2.0184294953324766,0,0.09939583333333339
2025-03-22,24,82.92099999999999,85.0505,-2.129500000000001,0.09906250000000005,1.9364879231109704,0,0.09906250000000005
2025-08-20,24,66.115,66.365,-0.25000000000000167,0.09866666666666672,2.2912825974899493,0,0.09866666666666672
2025-11-07,24,91.445,93.7745,-2.3295,0.09822916666666669,2.126920374688412,0,0.09822916666666669
2025-03-09,24,87.371,85.0505,2.3204999999999996,0.0977291666666667,1.9364879231109704,0,0.0977291666666667
2025-08-14,24,64.031,66.365,-2.3340000000000005,0.09741666666666669,1.9720227054853185,0,0.09741666666666669
2025-11-08,24,91.30799999999999,93.639,-2.3310000000000013,0.09725000000000006,0.9486814980539292,0,0.09725000000000006
2025-04-09,24,77.286,75.4845,1.8015000000000003,0.09689583333333336,1.9621378370424127,0,0.09689583333333336
2025-02-11,24,96.608,94.3485,2.2595000000000023,0.09685416666666674,1.4568094257450572,0,0.09685416666666674
2025-12-10,24,75.65,74.025,1.625,0.09579166666666665,2.227276861027805,0,0.09579166666666665
2025-02-16,24,93.621,95.893,-2.2720000000000002,0.09500000000000001,1.9148505488530307,0,0.09500000000000001
2025-10-08,24,83.423,85.32600000000001,-1.9030000000000014,0.0902916666666667,2.053448160843517,0,0.0902916666666667
2025-04-21,24,74.056,75.4845,-1.4284999999999992,0.09002083333333329,2.0310054761673677,0,0.09002083333333329
2025-05-17,24,64.504,64.846,-0.3419999999999988,0.05991666666666661,2.658611569731504,1,0.08987499999999991
2025-10-21,24,87.204,85.32600000000001,1.8779999999999974,0.08866666666666663,1.9578861874192934,0,0.08866666666666663
2025-08-21,24,66.539,66.365,0.17399999999999827,0.08833333333333339,1.9720227054853185,0,0.08833333333333339
2025-05-28,24,64.829,65.267,-0.43799999999999883,0.087875,1.4096471456414954,0,0.087875
2025-05-29,24,64.231,65.267,-1.035999999999999,0.08670833333333335,1.3390574072600112,0,0.08670833333333335
2025-08-15,24,64.30199999999999,66.365,-2.0630000000000015,0.08612500000000008,1.9720227054853185,0,0.08612500000000008
2025-10-20,24,87.124,85.32600000000001,1.7979999999999983,0.08258333333333334,1.9728893365159037,0,0.08258333333333334
2025-10-12,24,86.022,85.345,0.6770000000000033,0.08166666666666673,2.160242232812701,0,0.08166666666666673
2025-09-11,24,83.157,84.8285,-1.6715000000000035,0.08160416666666663,1.5011956293172328,0,0.08160416666666663
2025-04-12,24,75.957,75.4845,0.47249999999999864,0.08156250000000007,1.3643227362651706,0,0.08156250000000007
2025-04-10,24,77.421,75.4845,1.936500000000001,0.08093750000000005,2.0310054761673677,0,0.08093750000000005
2025-10-09,24,83.535,85.32600000000001,-1.7910000000000004,0.07770833333333338,2.053448160843517,0,0.07770833333333338
2025-11-09,24,91.799,93.639,-1.8400000000000019,0.0768333333333334,1.9364879231109704,0,0.0768333333333334
2025-10-11,24,85.034,85.345,-0.3109999999999963,0.07658333333333346,0.9354125966967594,0,0.07658333333333346
2025-06-12,24,60.756,59.85,0.9060000000000008,0.07658333333333336,1.824673180207137,0,0.07658333333333336
2025-08-18,24,65.693,66.365,-0.6720000000000018,0.0764166666666667,2.2912825974899493,0,0.0764166666666667
2025-05-26,24,64.801,65.267,-0.4659999999999975,0.07545833333333334,1.5466419033843999,0,0.07545833333333334
2025-09-21,24,87.02799999999999,85.42699999999999,1.6010000000000004,0.07350000000000002,1.932179832832472,0,0.07350000000000002
2025-09-18,24,86.585,84.8285,1.7564999999999975,0.07327083333333323,2.1318340005342487,0,0.07327083333333323
2025-06-22,24,58.269,59.961,-1.6919999999999995,0.07058333333333332,1.8973629961078584,0,0.07058333333333332
2025-05-27,24,64.53999999999999,65.267,-0.7269999999999999,0.07024999999999998,1.31639747763785,0,0.07024999999999998
2025-04-11,24,76.506,75.4845,1.021500000000001,0.06935416666666665,1.9621378370424127,0,0.06935416666666665
2025-12-21,24,73.456,74.88550000000001,-1.4295000000000033,0.06893750000000014,0.9354125966967591,0,0.06893750000000014
2025-02-09,24,97.257,95.893,1.3639999999999994,0.06833333333333334,1.9148505488530307,0,0.06833333333333334
2025-09-13,24,83.989,85.42699999999999,-1.4379999999999984,0.06804166666666663,1.3645376337385335,0,0.06804166666666663
2025-04-20,24,74.451,75.4845,-1.0335000000000014,0.06772916666666667,1.4964137078894353,0,0.06772916666666667
2025-09-20,24,87.021,85.42699999999999,1.594000000000002,0.06762500000000005,1.932179832832472,0,0.06762500000000005
2025-06-24,24,58.236,59.85,-1.6139999999999997,0.06733333333333331,2.160242232812701,0,0.06733333333333331
2025-09-14,24,84.017,85.42699999999999,-1.4099999999999993,0.0673333333333333,1.9277997747747524,0,0.0673333333333333
2025-03-13,24,85.726,84.162,1.5640000000000005,0.06716666666666675,0.5559064860249878,0,0.06716666666666675
2025-12-24,24,72.884,74.025,-1.1410000000000007,0.06712500000000005,2.227276861027805,0,0.06712500000000005
2025-11-16,24,92.523,93.639,-1.1160000000000008,0.06691666666666667,0.9486814980539292,0,0.06691666666666667
2025-05-16,24,64.868,65.267,-0.39899999999999874,0.06575000000000002,2.114477512989,0,0.06575000000000002
2025-06-21,24,58.393,59.961,-1.568000000000001,0.0654166666666667,1.8973629961078584,0,0.0654166666666667
2025-12-13,24,76.158,74.88550000000001,1.2724999999999989,0.06481250000000004,0.9354125966967591,0,0.06481250000000004
2025-11-10,24,92.479,93.7745,-1.295500000000001,0.06439583333333343,2.126920374688412,0,0.06439583333333343
2025-06-25,24,58.307,59.85,-1.5429999999999995,0.06437499999999997,2.160242232812701,0,0.06437499999999997
2025-06-23,24,58.319,59.85,-1.5310000000000001,0.063875,2.160242232812701,0,0.063875
2025-03-21,24,83.286,84.162,-0.8759999999999997,0.06324999999999993,1.9540130236624316,0,0.06324999999999993
2025-07-01,24,60.269999999999996,61.397,-1.1270000000000011,0.06304166666666665,1.9578861874192934,0,0.06304166666666665
2025-02-08,24,97.342,95.893,1.4489999999999992,0.06304166666666661,1.9148505488530307,0,0.06304166666666661
2025-11-12,24,92.269,93.7745,-1.5055000000000005,0.06281250000000003,2.126920374688412,0,0.06281250000000003
2025-09-12,24,83.364,84.8285,-1.4645000000000028,0.06268750000000001,1.9871341815460584,0,0.06268750000000001
2025-11-11,24,92.934,93.7745,-0.8404999999999988,0.06247916666666672,2.126920374688412,0,0.06247916666666672
2025-09-17,24,86.096,84.8285,1.2674999999999959,0.062104166666666516,2.175629320923237,0,0.062104166666666516
2025-03-20,24,84.127,84.162,-0.035000000000001585,0.06070833333333329,1.972022705485319,0,0.06070833333333329
2025-03-14,24,85.288,84.162,1.1260000000000003,0.06025000000000003,1.972022705485319,0,0.06025000000000003
2025-10-10,24,84.284,85.32600000000001,-1.0420000000000007,0.06008333333333332,1.9578861874192934,0,0.06008333333333332
2025-05-21,24,65.85,65.267,0.5830000000000019,0.0595833333333334,1.6267269210353719,0,0.0595833333333334
2025-04-18,24,74.169,75.4845,-1.3154999999999997,0.059187500000000025,1.9621378370424127,0,0.059187500000000025
2025-06-19,24,58.43,59.85,-1.420000000000001,0.05916666666666671,0.9191697611418151,0,0.05916666666666671
2025-05-25,24,64.41,64.846,-0.43599999999999917,0.05800000000000002,0.7866269134098988,0,0.05800000000000002
2025-12-14,24,76.212,74.88550000000001,1.3264999999999991,0.05772916666666663,1.932179832832472,0,0.05772916666666663
2025-07-02,24,60.301,61.397,-1.095999999999999,0.055750000000000015,1.9728893365159033,0,0.055750000000000015
2025-04-14,24,76.812,75.4845,1.327500000000002,0.055645833333333415,2.0310054761673677,0,0.055645833333333415
2025-06-26,24,58.677,59.85,-1.1730000000000007,0.054625000000000014,2.160242232812701,0,0.054625000000000014
2025-05-22,24,65.749,65.267,0.48200000000000054,0.054625000000000014,1.3657329043442534,0,0.054625000000000014
2025-06-18,24,58.564,59.85,-1.2860000000000007,0.053583333333333365,0.9191697611418151,0,0.053583333333333365
2025-12-22,24,73.01,74.025,-1.015,0.05320833333333333,1.9578861874192934,0,0.05320833333333333
2025-04-13,24,76.68299999999999,75.4845,1.1985,0.05177083333333335,0.9354125966967591,0,0.05177083333333335
2025-10-13,24,85.504,85.32600000000001,0.17799999999999727,0.051749999999999935,1.9578861874192934,0,0.051749999999999935
2025-04-19,24,74.532,75.4845,-0.9525000000000006,0.05168750000000002,2.160242232812701,0,0.05168750000000002
2025-05-24,24,64.871,64.846,0.02500000000000202,0.051375000000000094,1.4729808487819167,0,0.051375000000000094
2025-11-18,24,94.028,93.7745,0.2534999999999997,0.050354166666666554,2.126920374688412,0,0.050354166666666554
2025-03-15,24,84.85,85.0505,-0.20049999999999857,0.049895833333333306,1.862650567769076,0,0.049895833333333306
2025-05-20,24,65.861,65.267,0.5940000000000003,0.049749999999999996,1.5589555660521244,0,0.049749999999999996
2025-10-19,24,86.292,85.345,0.9470000000000012,0.049416666666666664,2.160242232812701,0,0.049416666666666664
2025-12-23,24,73.278,74.025,-0.7470000000000006,0.048958333333333354,1.9728893365159033,0,0.048958333333333354
2025-12-20,24,73.803,74.88550000000001,-1.082500000000003,0.0481875000000001,0.9354125966967591,0,0.0481875000000001
2025-04-17,24,74.477,75.4845,-1.0074999999999972,0.04818749999999991,1.9871341815460584,0,0.04818749999999991
2025-05-18,24,64.721,64.846,-0.12500000000000094,0.04695833333333336,1.750331460499389,0,0.04695833333333336
2025-05-19,24,65.803,65.267,0.5360000000000017,0.04462500000000005,1.1075834591847142,0,0.04462500000000005
2025-06-17,24,58.824,59.85,-1.026000000000001,0.04275000000000004,0.9191697611418151,0,0.04275000000000004
2025-11-17,24,94.528,93.7745,0.7535000000000002,0.04206250000000006,2.126920374688412,0,0.04206250000000006
2025-10-18,24,85.997,85.345,0.6520000000000027,0.04150000000000006,2.160242232812701,0,0.04150000000000006
2025-05-23,24,65.168,65.267,-0.09899999999999898,0.0399166666666667,0.9460042710021057,0,0.0399166666666667
2025-04-15,24,76.367,75.4845,0.8825000000000016,0.03693750000000007,1.962137837042413,0,0.03693750000000007
2025-03-19,24,83.809,84.162,-0.35300000000000187,0.035958333333333335,1.972022705485319,0,0.035958333333333335
2025-03-18,24,84.446,84.162,0.2839999999999997,0.03424999999999993,1.2465713959697846,0,0.03424999999999993
2025-10-14,24,84.513,85.32600000000001,-0.8130000000000006,0.03420833333333336,2.053448160843517,0,0.03420833333333336
2025-06-27,24,60.118,59.85,0.26800000000000135,0.032249999999999966,2.160242232812701,0,0.032249999999999966
2025-04-16,24,75.476,75.4845,-0.008499999999999175,0.030145833333333375,2.0310054761673677,0,0.030145833333333375
2025-06-13,24,60.372,59.85,0.5220000000000002,0.02966666666666673,0.6630076965613093,0,0.02966666666666673
2025-06-29,24,60.136,59.961,0.17500000000000004,0.02737500000000002,1.8973629961078584,0,0.02737500000000002
2025-10-15,24,84.868,85.32600000000001,-0.4580000000000011,0.0261666666666667,2.053448160843517,0,0.0261666666666667
2025-06-15,24,59.407000000000004,59.961,-0.5539999999999987,0.0255833333333333,1.0416464759550286,0,0.0255833333333333
2025-09-15,24,85.164,84.8285,0.33549999999999813,0.024854166666666597,1.9871341815460584,0,0.024854166666666597
2025-06-30,24,60.274,59.85,0.4240000000000008,0.024166666666666697,2.160242232812701,0,0.024166666666666697
2025-09-16,24,84.964,84.8285,0.13549999999999596,0.02360416666666668,1.9621378370424127,0,0.02360416666666668
2025-06-14,24,59.763,59.961,-0.19799999999999995,0.021833333333333278,1.0900951492552626,0,0.021833333333333278
2025-06-16,24,59.328,59.85,-0.5219999999999998,0.02174999999999999,0.9116355827717993,0,0.02174999999999999
2025-12-15,24,73.589,74.025,-0.4359999999999986,0.02083333333333325,1.9578861874192934,0,0.02083333333333325
2025-06-28,24,59.708,59.961,-0.253000000000001,0.020791666666666698,1.8973629961078584,0,0.020791666666666698
2025-12-17,24,73.886,74.025,-0.13899999999999968,0.018708333333333303,2.227276861027805,0,0.018708333333333303
2025-12-19,24,74.016,74.025,-0.00899999999999962,0.012541666666666666,1.9578861874192934,0,0.012541666666666666
2025-12-18,24,73.85,74.025,-0.17499999999999882,0.01112500000000001,2.227276861027805,0,0.01112500000000001
2025-12-16,24,73.869,74.025,-0.1559999999999997,0.008583333333333396,1.9578861874192934,0,0.008583333333333396
2026-02-12,15,76.571,77.4845,-0.9134999999999978,0.31256666666666677,2.3242730147324355,0,
2026-02-13,10,56.242,56.3765,-0.13449999999999884,0.26895,2.0069284020290215,0,
