Date,GAF_ReconError_Raw,n_present,presence_ratio,GAF_ReconError_MaskAware,GAF_Anomaly_Score
2025-01-04,0.9992507501414991,23,0.9583,0.9576153022189366,0.9999999989234449
2025-01-06,0.7280595216698568,23,0.9583,0.6977237082669461,0.7202123803909184
2025-03-17,0.5314901957713821,22,0.9167,0.4871993461237669,0.4935713065822742
2025-02-03,0.5257310102676838,22,0.9167,0.4819200927453768,0.4878878994819952
2025-03-12,0.408774744631089,22,0.9167,0.3747101825784982,0.3724705249045851
2026-01-01,0.2787367480303361,24,1.0,0.2787367480303361,0.26914983535747355
2025-12-09,0.17591129785836293,24,1.0,0.17591129785836293,0.1584525735081124
2026-01-07,0.1472343178293559,24,1.0,0.1472343178293559,0.1275802246683001
2025-07-07,0.12494991990494425,24,1.0,0.12494991990494425,0.1035898426367286
2026-01-20,0.12387791159357925,24,1.0,0.12387791159357925,0.10243576663171824
2025-05-12,0.11767131433654643,24,1.0,0.11767131433654643,0.09575402275793789
2025-06-20,0.11482090574852068,24,1.0,0.11482090574852068,0.09268540088155773
2026-01-23,0.11340331243536624,24,1.0,0.11340331243536624,0.091159283583557
2025-01-02,0.11272595190432631,24,1.0,0.11272595190432631,0.09043006765553974
2025-06-25,0.11262115863613478,24,1.0,0.11262115863613478,0.09031725192918359
2025-07-03,0.11236697657901498,24,1.0,0.11236697657901498,0.09004361094159404
2025-01-01,0.11199481937634381,24,1.0,0.11199481937634381,0.08964296321046993
2025-06-24,0.11189893703135415,24,1.0,0.11189893703135415,0.08953974058385074
2025-06-27,0.11183300763382172,24,1.0,0.11183300763382172,0.08946876395530194
2025-06-23,0.11158325760029258,24,1.0,0.11158325760029258,0.08919989428527159
2025-07-16,0.11130483293650495,24,1.0,0.11130483293650495,0.08890015479605883
2025-01-05,0.11084116515349603,24,1.0,0.11084116515349603,0.08840099088380744
2025-06-19,0.11031695249056218,24,1.0,0.11031695249056218,0.0878366470728493
2025-06-21,0.10918054893104029,24,1.0,0.10918054893104029,0.08661324603561046
2025-12-27,0.10914993035565537,24,1.0,0.10914993035565537,0.08658028345240593
2025-06-28,0.1091223821663122,24,1.0,0.1091223821663122,0.08655062630892543
2025-01-08,0.10823880288371321,24,1.0,0.10823880288371321,0.08559940453409297
2025-06-15,0.10807488700440714,24,1.0,0.10807488700440714,0.0854229400597584
2025-01-07,0.10779059686805087,24,1.0,0.10779059686805087,0.08511688606619175
2025-06-22,0.10770269188149915,24,1.0,0.10770269188149915,0.0850222515054103
2025-06-26,0.10756440341356481,24,1.0,0.10756440341356481,0.08487337635125272
2025-06-16,0.1074876468124833,24,1.0,0.1074876468124833,0.08479074364160373
2025-06-17,0.10732597114028596,24,1.0,0.10732597114028596,0.08461669087363657
2025-06-18,0.10729043101002594,24,1.0,0.10729043101002594,0.08457842996547646
2025-06-29,0.10660540771449714,24,1.0,0.10660540771449714,0.08384096464933886
2025-11-13,0.10624618778793578,24,1.0,0.10624618778793578,0.08345424460867222
2025-06-30,0.10616973797131131,24,1.0,0.10616973797131131,0.08337194216939225
2025-12-17,0.10610904783477842,24,1.0,0.10610904783477842,0.0833066058939447
2025-07-01,0.10592821612148023,24,1.0,0.10592821612148023,0.08311193059241032
2025-12-25,0.10576002603880197,24,1.0,0.10576002603880197,0.08293086470267617
2025-12-22,0.10557519288768609,24,1.0,0.10557519288768609,0.08273188163288851
2025-01-03,0.10509938675476099,24,1.0,0.10509938675476099,0.08221965011824062
2025-06-14,0.10471346602250042,24,1.0,0.10471346602250042,0.08180418518926927
2025-01-09,0.10429861556192856,24,1.0,0.10429861556192856,0.08135757581400813
2025-01-14,0.10410047526197605,24,1.0,0.10410047526197605,0.08114426686539598
2025-07-05,0.10343784613065388,24,1.0,0.10343784613065388,0.08043091010073988
2025-07-02,0.10337391532308796,24,1.0,0.10337391532308796,0.08036208506439402
2025-06-09,0.10334997536244489,24,1.0,0.10334997536244489,0.08033631237788949
2025-01-10,0.10295995523537144,24,1.0,0.10295995523537144,0.07991643422456303
2025-07-06,0.10288374794890348,24,1.0,0.10288374794890348,0.07983439288235773
2025-12-11,0.10285874020905643,24,1.0,0.10285874020905643,0.07980747067271528
2025-12-19,0.10274868152819756,24,1.0,0.10274868152819756,0.0796889864395468
2025-07-04,0.10236771950574883,24,1.0,0.10236771950574883,0.07927885983486732
2025-07-09,0.10211383072477918,24,1.0,0.10211383072477918,0.07900553457521023
2025-06-13,0.10170604181555211,24,1.0,0.10170604181555211,0.07856652734899847
2025-06-10,0.10100839004682473,24,1.0,0.10100839004682473,0.07781546678574955
2025-06-08,0.10028150361979707,24,1.0,0.10028150361979707,0.07703293350227886
2025-12-14,0.10017992516384033,24,1.0,0.10017992516384033,0.07692357869840014
2025-06-11,0.10006506825651475,24,1.0,0.10006506825651475,0.07679992891010197
2025-01-12,0.09927441043356137,24,1.0,0.09927441043356137,0.07594874220569821
2025-01-11,0.09922836799309596,24,1.0,0.09922836799309596,0.075899174982021
2025-06-05,0.09815473719828383,24,1.0,0.09815473719828383,0.07474335228419583
2025-12-12,0.09806330374246447,24,1.0,0.09806330374246447,0.07464491913186147
2025-06-07,0.09759902929479562,24,1.0,0.09759902929479562,0.07414510211168203
2025-12-15,0.09750070271827854,24,1.0,0.09750070271827854,0.07403924813516884
2025-07-08,0.09737953891818979,24,1.0,0.09737953891818979,0.07390880862935917
2025-06-06,0.09686004669328524,24,1.0,0.09686004669328524,0.0733495466299924
2025-12-13,0.09676178696108817,24,1.0,0.09676178696108817,0.0732437646150722
2025-12-16,0.09629003273822462,24,1.0,0.09629003273822462,0.07273589520482865
2025-06-04,0.09584776465980657,24,1.0,0.09584776465980657,0.0722597692534968
2025-07-10,0.09557558966782204,24,1.0,0.09557558966782204,0.07196675788027966
2025-01-13,0.09549802317772987,24,1.0,0.09549802317772987,0.07188325328049326
2025-12-18,0.0950559247332001,24,1.0,0.0950559247332001,0.0714073099493874
2025-01-15,0.09485050548257626,24,1.0,0.09485050548257626,0.07118616480937415
2025-12-20,0.09469171211527827,24,1.0,0.09469171211527827,0.07101521500141972
2025-12-03,0.09464621706314744,24,1.0,0.09464621706314744,0.07096623707144076
2025-06-12,0.09450749062049114,24,1.0,0.09450749062049114,0.07081689041336661
2025-07-14,0.09411487381745362,24,1.0,0.09411487381745362,0.07039421679531178
2025-12-21,0.09401456084766519,24,1.0,0.09401456084766519,0.07028622435700993
2025-07-11,0.09364341535633453,24,1.0,0.09364341535633453,0.06988666578887989
2025-06-03,0.09353188034797771,24,1.0,0.09353188034797771,0.06976659220782779
2025-01-20,0.09274574762983671,24,1.0,0.09274574762983671,0.06892027702804632
2025-07-15,0.09272393001760487,24,1.0,0.09272393001760487,0.0688967891665284
2025-12-23,0.09240004581239972,24,1.0,0.09240004581239972,0.06854810997657587
2025-06-02,0.09239530325851773,24,1.0,0.09239530325851773,0.0685430043560507
2025-01-16,0.09219505280017969,24,1.0,0.09219505280017969,0.06832742370568615
2026-01-03,0.09161271478718026,24,1.0,0.09161271478718026,0.06770050475320873
2025-07-12,0.09137692162086701,24,1.0,0.09137692162086701,0.06744666041963164
2025-12-26,0.09108099497507675,24,1.0,0.09108099497507675,0.06712807908259436
2025-06-01,0.09084854724863772,24,1.0,0.09084854724863772,0.06687783629934493
2025-07-13,0.09049762613698337,24,1.0,0.09049762613698337,0.06650005039011427
2025-05-31,0.09043970302703781,24,1.0,0.09043970302703781,0.06643769297122576
2026-01-05,0.09033616095089826,24,1.0,0.09033616095089826,0.06632622422204279
2025-08-23,0.09025250289673752,24,1.0,0.09025250289673752,0.06623616171794725
2025-11-03,0.0898074434798656,24,1.0,0.0898074434798656,0.06575703073699266
2025-05-30,0.08965071993229518,24,1.0,0.08965071993229518,0.06558830920400302
2025-12-07,0.08921417391004083,24,1.0,0.08921417391004083,0.06511834336136421
2025-08-12,0.08917432914384381,24,1.0,0.08917432914384381,0.06507544827547194
2025-11-26,0.08884750544723535,24,1.0,0.08884750544723535,0.06472360456108475
2025-01-22,0.08855260075413793,24,1.0,0.08855260075413793,0.06440612341242152
2025-01-19,0.08820482120963456,24,1.0,0.08820482120963456,0.06403171957330044
2025-12-28,0.08820284735811532,24,1.0,0.08820284735811532,0.06402959461339885
2025-12-24,0.0881792641906479,24,1.0,0.0881792641906479,0.06400420603440395
2025-07-22,0.088156510436354,24,1.0,0.088156510436354,0.0639797103643834
2025-01-18,0.08798906039802595,24,1.0,0.08798906039802595,0.06379944117316191
2025-07-17,0.0871591467184554,24,1.0,0.0871591467184554,0.0629059933764721
2025-05-29,0.08707103869685362,24,1.0,0.08707103869685362,0.06281114023727388
2025-12-30,0.08691644208372971,24,1.0,0.08691644208372971,0.06264470846639052
2025-12-10,0.08686937322435445,24,1.0,0.08686937322435445,0.06259403624621059
2025-12-06,0.0865669551828513,24,1.0,0.0865669551828513,0.06226846656407201
2025-12-04,0.08615835149631304,24,1.0,0.08615835149631304,0.06182858218519799
2025-12-02,0.0855935544516952,24,1.0,0.0855935544516952,0.06122054705152981
2025-05-28,0.08541258514324428,24,1.0,0.08541258514324428,0.06102572362123327
2025-05-27,0.0851265704279439,24,1.0,0.0851265704279439,0.06071781302342481
2025-01-17,0.0850585424642109,24,1.0,0.0850585424642109,0.06064457717274937
2026-01-02,0.08499229042238442,24,1.0,0.08499229042238442,0.06057325319984328
2025-07-18,0.0849222296726328,24,1.0,0.0849222296726328,0.06049782894303092
2026-01-08,0.08482523594250169,24,1.0,0.08482523594250169,0.060393409849079836
2026-01-04,0.0847108977195743,24,1.0,0.0847108977195743,0.06027031845311108
2025-05-26,0.08446895966709549,24,1.0,0.08446895966709549,0.0600098588110499
2025-12-08,0.08442017907213578,24,1.0,0.08442017907213578,0.059957343813212396
2025-12-29,0.08379032085684078,24,1.0,0.08379032085684078,0.05927926674503646
2025-05-25,0.08345200131384642,24,1.0,0.08345200131384642,0.05891504711869914
2025-01-23,0.08304056091177651,24,1.0,0.08304056091177651,0.058472108859278296
2025-01-24,0.08302538116555946,24,1.0,0.08302538116555946,0.058455767026210845
2025-07-24,0.08273065879900877,24,1.0,0.08273065879900877,0.058138482162119705
2025-05-24,0.08211062493379814,24,1.0,0.08211062493379814,0.05747098154804118
2025-11-27,0.08206216732904842,24,1.0,0.08206216732904842,0.05741881426695851
2025-01-21,0.08180052084721089,24,1.0,0.08180052084721089,0.05713713741493897
2025-01-25,0.08129094137990608,24,1.0,0.08129094137990608,0.05658854704523036
2025-05-21,0.08128648246116586,24,1.0,0.08128648246116586,0.056583746773560976
2026-01-06,0.08109774606640255,24,1.0,0.08109774606640255,0.05638056164695393
2025-05-20,0.08105425291009326,24,1.0,0.08105425291009326,0.05633373886811297
2025-05-23,0.08087135758224201,24,1.0,0.08087135758224201,0.056136841971825974
2025-05-22,0.08065272535918888,24,1.0,0.08065272535918888,0.055901472339078995
2026-01-09,0.08043529710446506,24,1.0,0.08043529710446506,0.05566739884456613
2025-07-19,0.08031843834178048,24,1.0,0.08031843834178048,0.05554159394869014
2025-12-01,0.08018429793514185,24,1.0,0.08018429793514185,0.05539718441103753
2025-11-30,0.08010374237400446,24,1.0,0.08010374237400446,0.05531046191160053
2026-01-12,0.08002247582167016,24,1.0,0.08002247582167016,0.05522297399097096
2025-05-19,0.0795569885726646,24,1.0,0.0795569885726646,0.05472185132333832
2025-11-29,0.07947727835183145,24,1.0,0.07947727835183145,0.05463603887930933
2026-01-10,0.07939171416189467,24,1.0,0.07939171416189467,0.05454392431504028
2025-07-23,0.07894465179033336,24,1.0,0.07894465179033336,0.05406263704301813
2026-01-15,0.07873281828623639,24,1.0,0.07873281828623639,0.05383458660577452
2025-11-18,0.07859543188308374,24,1.0,0.07859543188308374,0.05368668257404992
2025-07-20,0.07832375943535659,24,1.0,0.07832375943535659,0.053394212217411446
2026-01-14,0.07757990180207079,24,1.0,0.07757990180207079,0.05259340849544604
2025-05-18,0.07755136746995069,24,1.0,0.07755136746995069,0.05256268971493875
2025-12-05,0.0771334389434199,24,1.0,0.0771334389434199,0.052112766632099614
2025-11-23,0.0767993946988054,24,1.0,0.0767993946988054,0.05175314959999794
2025-05-17,0.07664605264761463,24,1.0,0.07664605264761463,0.05158806843415045
2025-05-15,0.07603220105226215,24,1.0,0.07603220105226215,0.05092722337416059
2025-07-21,0.07593643088803864,24,1.0,0.07593643088803864,0.0508241215163163
2025-01-28,0.07545450521209876,24,1.0,0.07545450521209876,0.0503053019764823
2025-07-28,0.07539056472708548,24,1.0,0.07539056472708548,0.05023646652183122
2025-05-16,0.07488309642003749,24,1.0,0.07488309642003749,0.04969014893244462
2026-01-17,0.07474089830453526,24,1.0,0.07474089830453526,0.04953706482729449
2025-01-27,0.07451889326698087,24,1.0,0.07451889326698087,0.04929806417392576
2025-11-24,0.07442756156172073,24,1.0,0.07442756156172073,0.049199740561673914
2025-01-29,0.07365240945853199,24,1.0,0.07365240945853199,0.048365246618819725
2025-07-25,0.07274694248223852,24,1.0,0.07274694248223852,0.04739046153591398
2025-10-16,0.07233359727665645,24,1.0,0.07233359727665645,0.04694547265057508
2025-11-25,0.07194182335173303,24,1.0,0.07194182335173303,0.046523706437244954
2026-01-24,0.07157830764832486,24,1.0,0.07157830764832486,0.04613236175614481
2025-05-14,0.07144362655216065,24,1.0,0.07144362655216065,0.04598737013643087
2025-07-26,0.07116825854769512,24,1.0,0.07116825854769512,0.04569092130937225
2025-07-27,0.07098285091854718,24,1.0,0.07098285091854718,0.04549131978233461
2025-05-03,0.07046693724063585,24,1.0,0.07046693724063585,0.04493591028595116
2026-01-19,0.07032959183800415,24,1.0,0.07032959183800415,0.04478805039354612
2025-11-22,0.0700724673284051,24,1.0,0.0700724673284051,0.0445112416937605
2025-01-26,0.07586883958772525,22,0.9167,0.06954643628874814,0.04394494030008404
2025-05-01,0.06945902426539392,24,1.0,0.06945902426539392,0.043850836441342446
2025-01-30,0.06917982710775966,24,1.0,0.06917982710775966,0.043550265319946456
2025-11-12,0.06901348187257206,24,1.0,0.06901348187257206,0.0433711855101702
2026-01-21,0.06878878675711696,24,1.0,0.06878878675711696,0.04312928883974273
2025-07-29,0.06878807975112222,24,1.0,0.06878807975112222,0.04312852770883985
2025-11-28,0.06873576874333787,24,1.0,0.06873576874333787,0.043072212027103235
2025-01-31,0.06867678970789545,24,1.0,0.06867678970789545,0.043008717846245555
2025-05-11,0.06865333563499688,24,1.0,0.06865333563499688,0.042983468244665944
2025-11-20,0.0683476426502165,24,1.0,0.0683476426502165,0.04265437290567009
2025-07-30,0.0682092673856117,24,1.0,0.0682092673856117,0.042505404310115055
2025-08-01,0.06810967964161023,24,1.0,0.06810967964161023,0.04239819261732616
2025-05-04,0.06807003407446077,24,1.0,0.06807003407446077,0.042355511980182635
2025-05-10,0.06802929549089583,24,1.0,0.06802929549089583,0.042311654650652654
2025-07-31,0.0679006796452835,24,1.0,0.0679006796452835,0.042173192607297495
2026-01-16,0.06779669283766451,24,1.0,0.06779669283766451,0.042061245080176286
2025-08-02,0.06766977639893994,24,1.0,0.06766977639893994,0.04192461254195753
2025-05-07,0.0676062989723106,24,1.0,0.0676062989723106,0.04185627559516703
2025-05-09,0.06750435507267606,24,1.0,0.06750435507267606,0.04174652737103657
2025-05-02,0.06737501885055759,24,1.0,0.06737501885055759,0.04160728980268641
2025-04-30,0.06727024796405792,24,1.0,0.06727024796405792,0.041494498171454584
2025-11-21,0.06707725090903034,24,1.0,0.06707725090903034,0.041286726209349756
2025-05-05,0.06691067173688602,24,1.0,0.06691067173688602,0.04110739455355179
2025-11-16,0.06691030479323293,24,1.0,0.06691030479323293,0.04110699951849402
2026-01-30,0.06690537139856037,24,1.0,0.06690537139856037,0.04110168844734421
2025-08-03,0.0664154530627911,24,1.0,0.0664154530627911,0.040574264368881625
2025-05-08,0.06635790059800335,24,1.0,0.06635790059800335,0.040512305969924646
2025-05-06,0.06623439901740633,24,1.0,0.06623439901740633,0.04037934971460756
2025-12-31,0.06613114786135929,24,1.0,0.06613114786135929,0.040268194156931204
2025-04-29,0.06566592571627278,24,1.0,0.06566592571627278,0.0397673568882722
2025-08-04,0.06560426119033355,24,1.0,0.06560426119033355,0.03970097162894881
2025-11-10,0.06482733845662246,24,1.0,0.06482733845662246,0.038864571504791806
2026-01-29,0.06458069962129244,24,1.0,0.06458069962129244,0.03859905121102128
2026-01-11,0.06444481667364294,24,1.0,0.06444481667364294,0.038452765731972434
2025-02-02,0.06429767703331642,24,1.0,0.06429767703331642,0.03829436180311626
2025-08-30,0.06419170670699537,24,1.0,0.06419170670699537,0.038180278908838586
2026-01-25,0.06409686798974021,24,1.0,0.06409686798974021,0.03807817980496991
2026-01-28,0.06380802875295341,24,1.0,0.06380802875295341,0.037767228454176086
2025-10-17,0.06353875693699573,24,1.0,0.06353875693699573,0.03747734250989024
2025-04-28,0.06351615484632342,24,1.0,0.06351615484632342,0.037453010114113595
2025-02-01,0.0635057684966534,24,1.0,0.0635057684966534,0.037441828636501216
2025-08-05,0.06337164107090694,24,1.0,0.06337164107090694,0.037297433073494146
2026-01-27,0.06321796236195999,24,1.0,0.06321796236195999,0.037131989477025375
2025-11-14,0.0626690914728038,24,1.0,0.0626690914728038,0.036541099727096765
2025-08-06,0.062434685267766604,24,1.0,0.062434685267766604,0.0362887485337422
2025-05-13,0.06204704965665843,24,1.0,0.06204704965665843,0.03587143744321731
2026-02-02,0.06176136256550488,24,1.0,0.06176136256550488,0.03556387955085199
2025-02-04,0.06161916306507928,24,1.0,0.06161916306507928,0.035410793954755555
2025-11-19,0.06152127732378392,24,1.0,0.06152127732378392,0.035305414561644516
2025-04-27,0.061476312127137334,24,1.0,0.061476312127137334,0.03525700705028454
2025-08-07,0.06136195474538605,24,1.0,0.06136195474538605,0.035133895028786374
2026-01-13,0.061280112226631864,24,1.0,0.061280112226631864,0.03504578704857535
2025-11-17,0.06105861629480686,24,1.0,0.06105861629480686,0.03480733447557135
2025-04-26,0.06048820542285754,24,1.0,0.06048820542285754,0.03419325574751043
2026-01-26,0.060252015120853576,24,1.0,0.060252015120853576,0.03393898387548377
2025-08-08,0.0602219299288777,24,1.0,0.0602219299288777,0.033906595508903584
2025-10-21,0.06020816030265005,24,1.0,0.06020816030265005,0.033891771747689405
2026-02-06,0.05979927851473686,24,1.0,0.05979927851473686,0.033451587977364444
2025-11-04,0.059731194022708024,24,1.0,0.059731194022708024,0.03337829127086433
2025-11-15,0.05950168002036617,24,1.0,0.05950168002036617,0.0331312068032268
2025-02-05,0.059476255665306156,24,1.0,0.059476255665306156,0.033103836084355916
2026-01-18,0.059403149239983945,24,1.0,0.059403149239983945,0.03302513299000302
2026-02-03,0.059190126690456646,24,1.0,0.059190126690456646,0.03279580247984816
2025-08-09,0.05918841932742436,24,1.0,0.05918841932742436,0.03279396440948386
2025-10-22,0.05891108917387286,24,1.0,0.05891108917387286,0.032495403220837764
2025-02-06,0.05871736785253453,24,1.0,0.05871736785253453,0.03228685154614898
2026-01-31,0.05813156105533896,24,1.0,0.05813156105533896,0.0316561982563862
2025-10-20,0.057959902161975364,24,1.0,0.057959902161975364,0.03147139800084965
2025-11-06,0.05774198762732598,24,1.0,0.05774198762732598,0.031236800999207347
2025-11-09,0.05762248088045426,24,1.0,0.05762248088045426,0.03110814540247426
2025-08-10,0.05754244240831441,24,1.0,0.05754244240831441,0.031021979577829973
2025-02-09,0.05751923964035082,24,1.0,0.05751923964035082,0.030997000519857463
2025-04-25,0.057289017580645925,24,1.0,0.057289017580645925,0.030749153789461154
2025-02-11,0.05713240422743368,24,1.0,0.05713240422743368,0.030580550886768802
2025-11-08,0.05708462886806693,24,1.0,0.05708462886806693,0.030529118080426368
2026-01-22,0.05701464140415154,24,1.0,0.05701464140415154,0.03045377271985409
2025-11-11,0.05694613749546489,24,1.0,0.05694613749546489,0.03038002448821583
2025-11-07,0.05692315217942875,24,1.0,0.05692315217942875,0.03035527952922282
2026-02-07,0.05683384494808241,24,1.0,0.05683384494808241,0.030259135374669132
2025-11-05,0.056830864043604906,24,1.0,0.056830864043604906,0.030255926266778598
2025-02-07,0.05680650254484007,24,1.0,0.05680650254484007,0.030229699771263104
2025-02-08,0.056431205577247394,24,1.0,0.056431205577247394,0.029825671910228745
2025-08-11,0.05630085362395024,24,1.0,0.05630085362395024,0.029685340851307262
2025-02-14,0.055999222799146674,24,1.0,0.055999222799146674,0.029360618651314212
2025-10-24,0.05594109749959829,24,1.0,0.05594109749959829,0.02929804356417947
2025-04-23,0.05576984854676782,24,1.0,0.05576984854676782,0.0291136846322108
2025-10-23,0.05539841138729402,24,1.0,0.05539841138729402,0.028713812067256428
2025-04-24,0.055101162256321196,24,1.0,0.055101162256321196,0.028393807002063315
2025-08-27,0.05508714885375208,24,1.0,0.05508714885375208,0.0283787208021877
2025-11-01,0.05507581577372753,24,1.0,0.05507581577372753,0.028366520117192505
2026-02-05,0.05506793946246372,24,1.0,0.05506793946246372,0.02835804083420451
2025-02-15,0.05490166561760319,24,1.0,0.05490166561760319,0.02817903788004829
2025-10-19,0.05489888102326216,24,1.0,0.05489888102326216,0.02817604011083456
2025-02-10,0.054846848561436935,24,1.0,0.054846848561436935,0.02812002429916828
2025-08-13,0.05417854451169531,24,1.0,0.05417854451169531,0.02740055817219769
2025-10-25,0.05405543107522743,24,1.0,0.05405543107522743,0.02726801977541881
2025-10-28,0.053879375913308714,24,1.0,0.053879375913308714,0.027078486694588594
2025-10-31,0.05354708212945008,24,1.0,0.05354708212945008,0.026720754129924945
2025-02-16,0.05343222729987907,24,1.0,0.05343222729987907,0.02659710657844405
2026-02-04,0.05336141831763,24,1.0,0.05336141831763,0.02652087680812743
2025-08-14,0.05325171053686229,24,1.0,0.05325171053686229,0.026402770338238468
2025-08-21,0.053002119428139045,24,1.0,0.053002119428139045,0.026134071759516948
2025-10-26,0.05293794507149266,24,1.0,0.05293794507149266,0.026064984529168642
2025-10-27,0.052880027830696036,24,1.0,0.052880027830696036,0.026002633428742303
2025-02-12,0.0528113398051836,24,1.0,0.0528113398051836,0.025928686985197937
2026-02-01,0.05225745126967391,24,1.0,0.05225745126967391,0.025332395462543487
2025-08-15,0.052241785495609205,24,1.0,0.052241785495609205,0.02531553039372236
2025-08-16,0.05211267721862209,24,1.0,0.05211267721862209,0.025176538220863794
2025-02-17,0.05159791917837359,24,1.0,0.05159791917837359,0.024622372832089418
2025-08-17,0.051570476096858844,24,1.0,0.051570476096858844,0.024592828842976696
2025-10-30,0.05151233050530665,24,1.0,0.05151233050530665,0.024530231910381957
2025-08-19,0.05097142477139344,24,1.0,0.05097142477139344,0.02394791708887941
2025-04-22,0.05093973428479294,24,1.0,0.05093973428479294,0.02391380053419881
2025-10-03,0.05085248168985917,24,1.0,0.05085248168985917,0.023819868308934868
2025-08-29,0.050852371009983265,24,1.0,0.050852371009983265,0.02381974915595101
2025-10-15,0.05035883952130378,24,1.0,0.05035883952130378,0.023288435319328987
2025-08-18,0.05028523022941855,24,1.0,0.05028523022941855,0.023209190861417664
2025-08-25,0.05024159034744256,24,1.0,0.05024159034744256,0.023162210124313267
2025-04-21,0.0498404465636512,24,1.0,0.0498404465636512,0.0227303567417185
2025-11-02,0.04976985631948353,24,1.0,0.04976985631948353,0.02265436245499698
2025-08-22,0.04964054015086196,24,1.0,0.04964054015086196,0.022515146475341
2025-08-20,0.049407466592896104,24,1.0,0.049407466592896104,0.022264229949975366
2025-08-24,0.04865881162580475,24,1.0,0.04865881162580475,0.02145826163387919
2025-10-18,0.04861477732996241,24,1.0,0.04861477732996241,0.021410856288519072
2025-02-23,0.04847441669670283,24,1.0,0.04847441669670283,0.02125975033423157
2025-08-26,0.047418461647404875,24,1.0,0.047418461647404875,0.02012295655022389
2025-04-20,0.04738523258324701,24,1.0,0.04738523258324701,0.02008718363204128
2025-02-20,0.04710511374106636,24,1.0,0.04710511374106636,0.019785620266454734
2025-02-18,0.04699358543029662,24,1.0,0.04699358543029662,0.019665553895724084
2025-02-22,0.04666140730283843,24,1.0,0.04666140730283843,0.019307945841547117
2025-03-04,0.0465878417686933,24,1.0,0.0465878417686933,0.019228748491253667
2025-04-19,0.046548308056075176,24,1.0,0.046548308056075176,0.019186188271675276
2026-02-08,0.046426539744871334,24,1.0,0.046426539744871334,0.0190550979763472
2025-10-29,0.04586554686848614,24,1.0,0.04586554686848614,0.018451158239356242
2025-02-19,0.045854479120132186,24,1.0,0.045854479120132186,0.018439243198521787
2025-10-14,0.04572092733434655,24,1.0,0.04572092733434655,0.01829546734364504
2026-02-09,0.045705562284508616,24,1.0,0.045705562284508616,0.018278926021021175
2025-03-03,0.04542985602038309,24,1.0,0.04542985602038309,0.017982113038803555
2026-02-10,0.04525596778200207,24,1.0,0.04525596778200207,0.017794912770539285
2025-08-28,0.04503198789147573,24,1.0,0.04503198789147573,0.017553786079149963
2025-02-21,0.04466318947080396,24,1.0,0.04466318947080396,0.017156754261886287
2025-03-06,0.04455143043176728,24,1.0,0.04455143043176728,0.017036439499465258
2025-09-12,0.04444024896129021,24,1.0,0.04444024896129021,0.01691674652141738
2025-03-01,0.04439021736560506,24,1.0,0.04439021736560506,0.016862884752380267
2025-04-18,0.0443630884705398,24,1.0,0.0443630884705398,0.016833679002289204
2025-02-27,0.04416102786621258,24,1.0,0.04416102786621258,0.016616149630044874
2025-03-07,0.04403603963301022,24,1.0,0.04403603963301022,0.016481592911297225
2025-09-07,0.0440048998162751,24,1.0,0.0440048998162751,0.01644806918306357
2025-10-02,0.04382532191716185,24,1.0,0.04382532191716185,0.016254743681572925
2025-09-03,0.043550354837727935,24,1.0,0.043550354837727935,0.015958726472398124
2025-02-24,0.04343163755558144,24,1.0,0.04343163755558144,0.015830920777934
2025-04-17,0.04324398477317186,24,1.0,0.04324398477317186,0.01562890221972285
2025-09-09,0.04320244508898081,24,1.0,0.04320244508898081,0.01558418246123557
2025-09-10,0.0431003126886537,24,1.0,0.0431003126886537,0.015474231305724895
2025-03-24,0.0428289502070529,24,1.0,0.0428289502070529,0.015182094644697724
2025-09-08,0.0426390606480963,24,1.0,0.0426390606480963,0.014977668073307832
2025-03-02,0.04241706159730785,24,1.0,0.04241706159730785,0.01473867386502245
2025-09-05,0.042254624797938574,24,1.0,0.042254624797938574,0.014563801701723585
2025-03-22,0.04212041953776414,24,1.0,0.04212041953776414,0.014419322345666844
2025-03-23,0.041754676532405506,24,1.0,0.041754676532405506,0.014025579851313124
2025-03-11,0.04175429506298648,24,1.0,0.04175429506298648,0.014025169178468078
2025-08-31,0.04161997464326034,24,1.0,0.04161997464326034,0.01388056584680969
2025-09-11,0.041614434376134955,24,1.0,0.041614434376134955,0.013874601444031309
2025-02-28,0.04160344466202394,24,1.0,0.04160344466202394,0.013862770411358345
2025-02-25,0.041580942162851055,24,1.0,0.041580942162851055,0.013838545231317414
2025-09-06,0.04153881512679276,24,1.0,0.04153881512679276,0.013793193156187341
2025-04-16,0.041520983764512534,24,1.0,0.041520983764512534,0.013773996712348162
2025-09-01,0.041148073539806825,24,1.0,0.041148073539806825,0.013372538311519263
2025-03-05,0.04282014295234525,23,0.9583,0.041035970329330866,0.01325185302958316
2025-02-26,0.040973957777025755,24,1.0,0.040973957777025755,0.013185093100703829
2025-09-04,0.04094685539971761,24,1.0,0.04094685539971761,0.013155915898439193
2025-09-14,0.040675631387814166,24,1.0,0.040675631387814166,0.012863928307669635
2025-10-10,0.040466738978639186,24,1.0,0.040466738978639186,0.012639044121136898
2025-09-13,0.04046388182574567,24,1.0,0.04046388182574567,0.012635968238644112
2025-03-09,0.04028742457003044,24,1.0,0.04028742457003044,0.012446002281690268
2025-10-12,0.04028010287049207,24,1.0,0.04028010287049207,0.012438120068778721
2025-03-25,0.04024365749588518,24,1.0,0.04024365749588518,0.012398884615208524
2025-09-02,0.04004950902786623,24,1.0,0.04004950902786623,0.01218987309358618
2025-10-13,0.040005009268019115,24,1.0,0.040005009268019115,0.01214196665058213
2025-03-14,0.03995835356951495,24,1.0,0.03995835356951495,0.012091739220841316
2025-04-15,0.0395963428098639,24,1.0,0.0395963428098639,0.011702014694604313
2026-02-11,0.03952538334558658,24,1.0,0.03952538334558658,0.011625622922094108
2025-03-08,0.03931119317627126,24,1.0,0.03931119317627126,0.011395035404912305
2025-10-11,0.039011141010060875,24,1.0,0.039011141010060875,0.011072012717864418
2025-03-13,0.03898457502357236,24,1.0,0.03898457502357236,0.01104341296986733
2025-04-14,0.03873609314601182,24,1.0,0.03873609314601182,0.010775908539600927
2025-02-13,0.0387188348620471,24,1.0,0.0387188348620471,0.010757329046139746
2025-03-19,0.03861941982459259,24,1.0,0.03861941982459259,0.010650303281463196
2025-03-21,0.03822725719716555,24,1.0,0.03822725719716555,0.010228118608473967
2025-04-13,0.03789449016105045,24,1.0,0.03789449016105045,0.00986987656168437
2025-09-19,0.03784760034621884,24,1.0,0.03784760034621884,0.009819397092819404
2025-03-10,0.037674822479056416,24,1.0,0.037674822479056416,0.00963339220034322
2025-03-26,0.03758753899767451,24,1.0,0.03758753899767451,0.009539426724116302
2025-09-15,0.037545125986473034,24,1.0,0.037545125986473034,0.00949376678098999
2025-09-16,0.037538982513958034,24,1.0,0.037538982513958034,0.009487152994378604
2025-09-17,0.037179598791545095,24,1.0,0.037179598791545095,0.009100256618454088
2025-03-15,0.03717108395712443,24,1.0,0.03717108395712443,0.009091089930110959
2025-03-29,0.03692692788868653,24,1.0,0.03692692788868653,0.00882824247167749
2025-09-18,0.036827755425614506,24,1.0,0.036827755425614506,0.008721477851687308
2025-03-16,0.040164750926840735,22,0.9167,0.03681768834960401,0.008710640089758448
2025-03-20,0.03681250460899576,24,1.0,0.03681250460899576,0.008705059507417106
2025-04-12,0.0367099820589768,24,1.0,0.0367099820589768,0.008594688334269482
2025-03-27,0.036583248666856444,24,1.0,0.036583248666856444,0.00845825285580436
2025-10-01,0.03636404295002642,24,1.0,0.03636404295002642,0.008222265825412304
2025-03-18,0.036317406173639856,24,1.0,0.036317406173639856,0.008172058766373525
2025-10-09,0.03628851372624442,24,1.0,0.03628851372624442,0.008140954455043476
2025-04-11,0.036131200783397745,24,1.0,0.036131200783397745,0.007971598405568688
2025-03-28,0.03587803076356106,24,1.0,0.03587803076356106,0.007699046931868375
2025-10-06,0.035697321420384634,24,1.0,0.035697321420384634,0.007504503368511535
2025-10-07,0.03530965783732328,24,1.0,0.03530965783732328,0.007087162164638052
2025-10-08,0.03515362787141152,24,1.0,0.03515362787141152,0.00691918731051396
2025-04-10,0.03502393572832696,24,1.0,0.03502393572832696,0.0067795665736358314
2025-04-09,0.034170626631862516,24,1.0,0.034170626631862516,0.0058609323217868395
2025-03-31,0.03378243984001238,24,1.0,0.03378243984001238,0.005443027854828222
2025-09-21,0.03363755592922081,24,1.0,0.03363755592922081,0.005287052343086432
2025-04-07,0.033515384600870446,24,1.0,0.033515384600870446,0.005155528177597577
2025-04-08,0.033418933476780543,24,1.0,0.033418933476780543,0.0050516932289424695
2025-04-04,0.03330508815371853,24,1.0,0.03330508815371853,0.004929132466833051
2025-04-01,0.033015370167560766,24,1.0,0.033015370167560766,0.0046172350939303565
2025-03-30,0.03291533493831148,24,1.0,0.03291533493831148,0.004509541658619851
2025-10-04,0.03289421639793401,24,1.0,0.03289421639793401,0.0044868063864656185
2025-04-06,0.032762751277143044,24,1.0,0.032762751277143044,0.004345276941411733
2025-09-20,0.03263005351438798,24,1.0,0.03263005351438798,0.00420242048937623
2025-04-05,0.03239002252499212,24,1.0,0.03239002252499212,0.003944013905785529
2025-09-29,0.03230859220268057,24,1.0,0.03230859220268057,0.0038563496777532357
2025-04-03,0.03228955470376893,24,1.0,0.03228955470376893,0.0038358547613832686
2025-04-02,0.03198676444134199,24,1.0,0.03198676444134199,0.0035098843629142763
2025-09-23,0.0318744505763487,24,1.0,0.0318744505763487,0.0033889722997851295
2025-09-22,0.031824005290139096,24,1.0,0.031824005290139096,0.003334665170107887
2025-09-30,0.031672787714804036,24,1.0,0.031672787714804036,0.0031718711195582
2025-10-05,0.03154965968523547,24,1.0,0.03154965968523547,0.003039317012502492
2025-09-24,0.031197090049085503,24,1.0,0.031197090049085503,0.0026597563758337197
2025-09-26,0.03099765064012589,24,1.0,0.03099765064012589,0.0024450488648064396
2025-09-25,0.029900871709312618,24,1.0,0.029900871709312618,0.001264305923326065
2025-09-27,0.028938412812969605,24,1.0,0.028938412812969605,0.00022816589875489723
2025-09-28,0.028726472057964376,24,1.0,0.028726472057964376,0.0
