Date,GAF_ReconError,GAF_Anomaly_Score
2026-02-28,0.3526895092651616,0.9999999969492345
2026-02-15,0.3526895092651616,0.9999999969492345
2026-02-27,0.3526895092651616,0.9999999969492345
2026-02-26,0.3526895092651616,0.9999999969492345
2026-02-14,0.3526895092651616,0.9999999969492345
2026-02-25,0.3526895092651616,0.9999999969492345
2026-02-24,0.3526895092651616,0.9999999969492345
2026-02-23,0.3526895092651616,0.9999999969492345
2026-02-22,0.3526895092651616,0.9999999969492345
2026-02-21,0.3526895092651616,0.9999999969492345
2026-02-20,0.3526895092651616,0.9999999969492345
2026-02-19,0.3526895092651616,0.9999999969492345
2026-02-18,0.3526895092651616,0.9999999969492345
2026-02-17,0.3526895092651616,0.9999999969492345
2026-02-16,0.3526895092651616,0.9999999969492345
2026-02-13,0.24218548575458687,0.6628781437539141
2025-03-12,0.2366887029181218,0.6461087487801283
2025-03-17,0.20420202986930103,0.5469995301794058
2025-01-04,0.2041471515282722,0.5468321092345372
2025-01-06,0.1976045576311296,0.5268721900457303
2025-02-03,0.17636545093633021,0.46207665788595587
2026-01-01,0.15404844948559349,0.39399272168326144
2026-02-12,0.10773970125244374,0.25271559414029016
2025-05-12,0.1073507925159165,0.2515291248171223
2025-06-15,0.09474807222673426,0.21308118161815992
2025-06-21,0.09449567557941609,0.21231117865554341
2025-06-19,0.09433555276499869,0.2118226815110926
2025-06-14,0.09426430080085951,0.21160530848311312
2025-06-22,0.09409423178119934,0.21108646779969256
2025-06-16,0.09406194831107774,0.21098797850555454
2025-06-24,0.09397784945310851,0.21073141261818226
2025-06-25,0.09396715542201425,0.21069878763796804
2025-06-23,0.09391314484548406,0.21053401403902064
2025-06-20,0.0938973536481052,0.21048583880018848
2025-06-17,0.09381604528211841,0.21023778604924837
2025-06-18,0.09371696648455695,0.20993551988024242
2025-06-27,0.09301132972904205,0.20778278767063968
2025-06-13,0.09267688815472683,0.20676248488222654
2025-06-09,0.092529752564153,0.2063136087111205
2025-06-28,0.09247515108541687,0.20614703240815932
2025-06-10,0.09227113707559724,0.20552463352273212
2025-06-26,0.09218249957671773,0.2052542213066376
2025-06-08,0.0919934231333828,0.20467739343243305
2025-07-03,0.09159832172461674,0.20347203171896974
2025-06-07,0.09157860774049112,0.20341188897799836
2025-12-27,0.091554648353087,0.20333879450753026
2026-01-07,0.09145186819648654,0.20302523636037792
2025-06-12,0.09122840086194915,0.20234348994468607
2025-06-11,0.09115684154241849,0.20212517924750803
2025-06-30,0.09114210926974382,0.20208023453954102
2025-06-29,0.09107819470106358,0.20188524618386725
2025-06-06,0.09040492054358709,0.1998312446691145
2025-07-07,0.09038363643413899,0.19976631184411137
2025-07-01,0.0903194305650214,0.1995704347991378
2025-06-05,0.09024709795026163,0.19934976495961887
2025-12-25,0.09011183104845512,0.19893709737373105
2025-06-04,0.08999169327000506,0.1985705851941453
2025-07-05,0.08970062677318524,0.19768260959204811
2025-07-02,0.0896498633162665,0.19752774219331118
2025-07-04,0.08873613167394716,0.1947401612999112
2025-06-03,0.08861228934943324,0.19436234741931388
2025-06-02,0.08838601933970937,0.19367205069909232
2025-12-17,0.08837868663190578,0.19364968032772345
2025-12-22,0.08797086494289387,0.19240551202321116
2025-07-06,0.08773380235804557,0.19168228968805623
2025-06-01,0.08728617713546,0.19031669013990427
2025-05-31,0.08727483636130005,0.19028209209831254
2025-05-30,0.08725911043440487,0.19023411598441467
2025-12-19,0.08629477851425531,0.18729216551339753
2025-07-09,0.08586206118733722,0.18597204645776522
2025-05-29,0.08567769160866684,0.18540957812349457
2025-07-08,0.08501793142950224,0.18339680458640104
2025-07-14,0.08480345911635084,0.18274249987086488
2025-05-27,0.0845935765058308,0.1821021972613837
2025-05-28,0.0845158257112025,0.18186499782610713
2025-07-10,0.08386823861920562,0.17988936152234425
2025-05-26,0.08379835034584146,0.17967614879501861
2025-05-25,0.08322329882963317,0.1779218015172621
2025-12-14,0.08288285364055342,0.17688318310855763
2025-07-11,0.08275485730983637,0.17649269632950015
2025-12-11,0.08269653818342218,0.17631477835557588
2025-07-16,0.0825093714382858,0.17574377652258943
2025-07-12,0.0821932824988733,0.17477946331802013
2025-05-24,0.08209045807859337,0.17446577013276535
2025-07-13,0.08137712171228875,0.17228954821685277
2025-12-15,0.08126893395495545,0.17195949274840408
2025-05-21,0.0811034992635772,0.1714547903134299
2025-05-23,0.08106793193095155,0.17134628272513536
2025-05-22,0.08066907090779622,0.17012945131011784
2026-01-03,0.08043249558908158,0.1694077155096316
2025-05-20,0.08038433811328856,0.16926079834798635
2025-12-12,0.080354902080879,0.1691709959183429
2026-01-05,0.08023294187233786,0.1687989239320632
2025-12-20,0.0801137939197082,0.1684354314788577
2025-07-15,0.07996748806147011,0.1679890866264656
2025-12-16,0.07992157843066174,0.16784902711255886
2025-12-18,0.0798937418827414,0.16776410433487768
2025-12-21,0.0797942211643919,0.16746048996921523
2025-12-13,0.07938555369896205,0.16621374139925785
2025-07-17,0.07922520505408809,0.16572455529906038
2025-12-26,0.07826504303584245,0.1627953262205576
2025-12-23,0.07803224836276058,0.16208512428301597
2025-07-22,0.07798392222548155,0.16193769257474228
2025-05-19,0.07797845314382247,0.16192100768956244
2025-01-02,0.07743827498619336,0.16027305084808027
2025-07-18,0.07720995919254474,0.15957651292101357
2025-05-18,0.07714029810985461,0.15936399329913897
2026-01-08,0.07696625753341418,0.15883303632764767
2025-01-01,0.07695507776521543,0.15879892947747404
2025-01-05,0.07684122013230395,0.15845157654870148
2025-01-08,0.076576710261541,0.1576446189829299
2025-01-14,0.07609138633623663,0.15616400953631568
2026-01-04,0.07594264169531623,0.1557102245300606
2025-12-03,0.07593398496050793,0.15568381486289662
2025-05-17,0.07580771575163871,0.1552985971274408
2025-07-19,0.0757474610819268,0.1551147742649637
2025-12-28,0.07564467206348019,0.15480118908239762
2025-12-30,0.07527107155742188,0.1536614215793163
2026-01-23,0.07515782166001464,0.15331592270900182
2025-01-07,0.07512240465079774,0.15320787372216385
2026-01-02,0.07504665866799133,0.152976790497458
2025-07-20,0.07478068495621451,0.15216536709614753
2025-05-16,0.07463559912200263,0.15172274425086066
2025-12-24,0.07417528357658798,0.15031842950471072
2025-01-09,0.07401964480971104,0.1498436121374176
2026-01-09,0.07386139494425853,0.14936082892089375
2025-07-21,0.07384289773311033,0.14930439826884034
2025-07-28,0.07376953410689371,0.14908058305522592
2025-07-23,0.07337433780579658,0.14787493184752076
2025-05-15,0.07324861228454393,0.14749137277544244
2025-01-10,0.0732323768615865,0.1474418423085785
2025-07-24,0.07314559957869686,0.14717710517509114
2026-01-10,0.07312588758565729,0.1471169685084562
2026-01-06,0.0728189760881041,0.1461806535261137
2026-01-15,0.07268935231896087,0.14578520181418986
2025-12-07,0.07256532690012002,0.14540682935575217
2026-01-12,0.07249465043028162,0.14519121202588234
2025-01-03,0.0724122919318006,0.14493995556704714
2026-01-14,0.07231688847115775,0.14464890198880268
2025-12-29,0.07182391575956402,0.14314495788950665
2025-01-12,0.07148150260920254,0.14210033569258487
2025-11-26,0.0712308883637814,0.1413357704200323
2025-07-25,0.0712138842650793,0.1412838949037908
2025-05-14,0.07119399673516079,0.14122322271531648
2025-05-03,0.07084346632287884,0.14015383665645953
2025-07-27,0.07068658361225313,0.13967522430859888
2025-12-10,0.07040721025584579,0.13882292173487018
2025-07-26,0.07034633308364376,0.13863719976332517
2025-01-20,0.07021769759025451,0.13824476304889252
2025-05-01,0.06998802219301112,0.13754407729020018
2025-01-15,0.06981513825590376,0.13701664895398435
2025-01-13,0.06944984865037557,0.1359022360588117
2025-12-04,0.06928929797841102,0.13541243362135325
2026-01-17,0.06903713653349047,0.13464314820607703
2025-05-04,0.06893527042868046,0.13433237861651495
2025-01-11,0.06890051151429809,0.13422633732263825
2025-07-29,0.06887908165126519,0.13416095983763943
2026-01-24,0.06857354343763859,0.13322883442240577
2025-12-02,0.06849881503939548,0.1330008556094929
2025-07-30,0.06828944263086562,0.13236210950659827
2025-07-31,0.06807560042524766,0.13170972710133316
2025-08-01,0.06794977269026593,0.13132585619914516
2025-01-16,0.06773524517054884,0.13067138306132767
2025-05-02,0.06772851429752125,0.13065084874667926
2025-08-02,0.06762226243313753,0.13032669923348916
2025-12-08,0.06758377632023747,0.13020928713127816
2025-05-05,0.06756647060418608,0.1301564914512588
2025-04-30,0.067497848070203,0.1299471401978619
2025-12-06,0.06729747219544978,0.12933584040907212
2025-01-22,0.06720316022562906,0.12904811671327907
2025-01-19,0.06698669903984467,0.12838774441389844
2025-01-24,0.06689721668970622,0.1281147547548019
2026-01-19,0.06681172827041158,0.12785394964179544
2025-05-09,0.06674636986146536,0.12765455646817275
2025-12-09,0.06667276514780256,0.1274300057533154
2025-05-06,0.06662078056249957,0.12727141297833597
2025-05-11,0.06643060770748438,0.1266912402092962
2025-08-03,0.06642241139160877,0.12666623517228873
2025-05-07,0.06628089792849966,0.12623451079321335
2025-04-29,0.06607973871582945,0.12562082122419777
2025-11-27,0.06595503592552239,0.12524038226431755
2025-05-08,0.06590057680685134,0.12507424026851943
2025-05-10,0.06563689372276373,0.12426980503494292
2026-01-21,0.06542017867657106,0.12360865826700836
2025-11-30,0.0652782099794659,0.12317554507580192
2025-01-23,0.06509376989389455,0.12261286164151623
2025-08-04,0.06481883841628688,0.12177411019800924
2025-01-18,0.06475539403448893,0.12158055627221477
2025-11-18,0.06456653504844619,0.12100439180919657
2025-12-01,0.06437966282379187,0.12043428848911099
2025-01-25,0.0641684500139681,0.11978992775359835
2025-04-28,0.06395450037634279,0.11913721759848069
2025-11-29,0.06372519010761159,0.11843764576122554
2025-01-17,0.06368098512835438,0.11830278673931648
2025-08-05,0.06332816124225579,0.11722640382985845
2026-01-30,0.06321591254616937,0.11688395938990745
2025-01-21,0.06321574833446168,0.1168834584185088
2025-11-23,0.0631794008796769,0.11677257086051136
2025-01-28,0.06281228666785102,0.11565259151954886
2026-01-16,0.06274055638350849,0.1154337592488355
2025-05-13,0.06237561448459288,0.1143204071249712
2025-01-29,0.06211897721574111,0.11353746702083992
2026-01-29,0.06207829047894732,0.11341334133136147
2025-01-27,0.06198963127600513,0.11314286290126313
2025-08-06,0.06191773505196512,0.11292352438745965
2026-01-25,0.061850659142422236,0.11271889152241564
2025-04-27,0.061610090399973165,0.11198497272291114
2026-01-28,0.06132860327534257,0.11112622153819064
2025-08-07,0.0611361597878851,0.11053912160222473
2025-08-12,0.06111489130499313,0.1104742364501786
2025-12-05,0.06104629686180184,0.11026497089519782
2025-01-26,0.06094131558687484,0.10994469765237956
2025-11-24,0.0608887273218649,0.10978426319222814
2025-01-31,0.060607100001872194,0.10892508430434551
2025-01-30,0.06042214858878213,0.10836084092974975
2025-08-08,0.06013532897509423,0.1074858215718349
2025-04-26,0.059466936762550576,0.10544671372584345
2025-11-12,0.05931725470457251,0.10499006888004898
2025-08-09,0.058842623017020174,0.10354207894258255
2025-10-21,0.058565769241828214,0.10269746302008718
2025-11-25,0.058312822206590335,0.10192578095304013
2025-02-02,0.05820437413780152,0.10159493133540572
2025-11-13,0.05795507975582819,0.10083439265661283
2026-02-02,0.05778673597091472,0.10032081525969105
2025-04-25,0.05746935268479879,0.09935255330696328
2025-10-22,0.05740036063237313,0.09914207473948143
2025-11-22,0.05730256048158406,0.0988437094218273
2025-08-10,0.05722113006606912,0.09859528432640771
2026-01-27,0.05707788913460765,0.0981582898466267
2025-02-01,0.057024738545209,0.09799613986667793
2025-02-04,0.056895803490006336,0.09760278925942513
2025-11-10,0.05659992518726035,0.09670013396622244
2026-02-03,0.05651285723663821,0.09643451007366938
2025-08-11,0.05642959855842008,0.09618050737762454
2025-11-20,0.05640348175209591,0.09610083112812848
2025-10-20,0.05639105854128785,0.09606293082624627
2025-11-16,0.056349357932672324,0.09593571205167836
2026-02-06,0.05631651833166387,0.09583552613266424
2025-11-03,0.05614069255458484,0.09529912293280503
2025-02-05,0.05584186584349541,0.09438747273739752
2026-01-31,0.055796300072068844,0.09424846225780056
2025-02-06,0.05566532016123696,0.09384887327571452
2026-01-13,0.05554798117777539,0.09349089956308464
2026-01-11,0.05538298048092927,0.09298752114361958
2025-11-21,0.05517866880723212,0.09236421415552942
2025-02-09,0.05513461347677309,0.09222981167699833
2025-04-24,0.055011926648658976,0.0918555229448552
2025-02-11,0.054998677289647246,0.0918151022586052
2025-11-04,0.05492331422204631,0.09158518721836524
2025-10-24,0.05433728737140631,0.08979735676990136
2025-08-13,0.05423116279350775,0.08947359557791806
2025-02-14,0.05419166294538755,0.089353090807357
2025-11-14,0.05393232164068946,0.0885619013241836
2025-11-28,0.05388713092928487,0.08842403506473041
2025-02-08,0.05387179866876073,0.08837725993458254
2025-02-07,0.05387126062796346,0.08837561849832612
2025-10-23,0.05376122983409709,0.08803994035776291
2025-04-23,0.053639010341145245,0.08766707735557028
2026-02-07,0.05358218284432965,0.08749370999363804
2026-01-20,0.05344180148972397,0.0870654394120315
2025-08-30,0.05332652427781262,0.08671375568074163
2025-10-17,0.053195688368481875,0.08631460601345503
2025-08-14,0.053173834697514896,0.08624793558986812
2025-10-19,0.0530739572219707,0.08594323284169435
2025-02-15,0.05299058328716165,0.08568887852482804
2026-01-26,0.05290073543115993,0.0854147737930847
2025-02-10,0.05264858719013014,0.08464552865978174
2026-02-05,0.052481864365369224,0.08413689643203323
2025-08-15,0.05238901612226478,0.08385363822308389
2025-11-06,0.05223485291422191,0.08338332243965024
2025-08-16,0.05221495295004483,0.08332261231716989
2025-11-05,0.05192760351387929,0.08244597659516392
2025-08-21,0.051823179927733096,0.08212740472999074
2025-10-25,0.05173855188095575,0.08186922441170441
2025-10-28,0.05167009772447365,0.0816603868385643
2025-11-01,0.0516459588714655,0.08158674486063815
2025-11-09,0.051592959644589015,0.08142505665223719
2025-08-17,0.05150091389748497,0.08114424667033193
2025-11-07,0.05141792926869003,0.08089108003478948
2025-02-16,0.0514016650058903,0.0808414615843321
2025-08-23,0.05122894319822839,0.08031452786702128
2025-11-17,0.05118663136097912,0.08018544437727661
2025-10-26,0.051179658106570734,0.0801641706138943
2025-11-08,0.05104863433693197,0.07976444782887707
2026-02-04,0.05084028271431221,0.07912881590433357
2025-04-22,0.05083308146318554,0.07910684657644829
2025-10-27,0.05080650628672763,0.07902577194720073
2025-11-15,0.050628165234127456,0.07848169523177126
2025-10-31,0.05062640680273797,0.07847633067010275
2025-08-18,0.05050603051176458,0.0781090908447597
2026-01-18,0.050484429512636174,0.07804319126367935
2025-08-19,0.0503605065516536,0.07766513138013222
2025-08-22,0.049944951541715896,0.07639737052759284
2025-08-20,0.04990251790342923,0.07626791545145571
2025-11-11,0.049819904889597755,0.07601588252599167
2025-02-17,0.04971591528973233,0.07569863465115463
2026-01-22,0.049456102181755474,0.07490600580685547
2025-12-31,0.049401944951728886,0.07474078480249322
2025-04-21,0.04940091640620856,0.07473764695139158
2025-10-30,0.04901607682206411,0.0735635916575834
2025-08-25,0.04893279645351142,0.07330952278941602
2025-08-24,0.04878466907063128,0.0728576208926426
2025-08-27,0.04871443593276546,0.07264335606462227
2025-10-15,0.04864728903677239,0.07243850663657106
2025-10-16,0.04836489250161877,0.07157698105367845
2025-04-20,0.04732169095875108,0.06839441786534244
2025-08-26,0.04730608059616259,0.06834679431103467
2025-10-18,0.04707374431300827,0.0676379908136308
2026-02-01,0.0464932060556732,0.06586690477580111
2025-04-19,0.04621428358377502,0.06501597774493934
2025-02-23,0.04620200610584643,0.06497852203988572
2025-11-02,0.04574273383528831,0.06357739008058687
2025-11-19,0.045452525562164815,0.06269203271766113
2025-08-28,0.045077964166072966,0.061549333764497435
2025-02-20,0.04506015051503466,0.061494988493986685
2025-02-18,0.04491797131480909,0.06106123310714064
2025-08-29,0.04466985896685157,0.06030430053684309
2025-02-12,0.044625586660788946,0.06016923611664454
2025-10-14,0.04453697411448711,0.05989890002501098
2026-02-08,0.044416318836898894,0.059530809076952046
2025-02-22,0.04434041763456387,0.059299252313876456
2025-03-04,0.04433579396456908,0.059285146581363864
2025-04-18,0.04414887473346987,0.058714899855641885
2025-02-19,0.043966167261237143,0.05815750221820803
2025-09-12,0.04370186414924413,0.0573511754249411
2026-02-09,0.04345199073278258,0.05658887024775719
2025-09-09,0.04293584167905313,0.0550142205654166
2025-04-17,0.042926429103631716,0.05498550500585053
2026-02-10,0.04292007406530807,0.05496611727471882
2025-09-10,0.04279022955801063,0.05456999214246826
2025-03-01,0.042751725575211626,0.054452525523387564
2025-09-07,0.042705597366532316,0.05431179917967157
2025-10-29,0.042701460774842825,0.05429917940880739
2025-02-21,0.04261875411125408,0.05404686077990269
2025-10-02,0.042423060652072006,0.053449845942598155
2025-09-08,0.04226828875384284,0.052977673188195414
2025-03-06,0.04225338238443221,0.05293219735192736
2025-02-27,0.04218396634294213,0.05272042529327125
2025-09-03,0.04206491315428802,0.05235722194272498
2025-03-07,0.04190794278935027,0.05187834218212063
2025-03-24,0.04162365591886447,0.051011049629573
2025-02-24,0.04160329340362229,0.050948928372300355
2025-08-31,0.0415747582664653,0.05086187436273638
2025-09-11,0.041532833926178986,0.05073397303532489
2025-09-05,0.04149372185449925,0.05061465127971734
2025-03-03,0.04146651997117671,0.05053166471484152
2025-03-05,0.04107730852961834,0.04934427190963365
2025-09-06,0.04102400934245429,0.04918166859276138
2025-03-22,0.04074193808627008,0.048321135359699036
2025-09-01,0.040704278769380514,0.048206245618162474
2025-03-02,0.04059952730351944,0.0478866734688947
2025-04-16,0.040520774653820237,0.04764641760881647
2025-09-14,0.04035061558234897,0.04712730219844501
2025-09-13,0.040165153115694636,0.046561499719309944
2025-03-23,0.04015483509432194,0.046530021856550134
2025-09-02,0.04008912733399413,0.04632956289381468
2025-02-28,0.03986240062333197,0.04563787288616538
2025-02-25,0.03962825353081904,0.044923545034196245
2025-09-04,0.03947947534030362,0.044469657675996976
2025-10-10,0.03945421927590256,0.04439260734819159
2025-03-11,0.039349738866384876,0.04407386212824185
2025-10-12,0.039218515087604405,0.043673529162252325
2025-04-15,0.039200398456550975,0.04361825957078986
2025-03-25,0.03900712710514573,0.04302863401612338
2025-10-13,0.039000856511655635,0.04300950390636939
2025-02-26,0.03899742464810423,0.04299903409573619
2025-03-09,0.03820996177549745,0.040596669598028066
2025-04-14,0.03811726712046424,0.04031387995025468
2025-10-11,0.03808593999731538,0.04021830824638627
2025-03-14,0.0380750189900973,0.04018499081526334
2025-03-08,0.03798402503528601,0.039907389604909055
2026-02-11,0.03775807971334581,0.03921808343094877
2025-04-13,0.03745441604707848,0.038291676819968375
2025-09-15,0.037403443778855044,0.03813617238692474
2025-03-13,0.0372520949252874,0.037674442538790945
2025-09-16,0.03724265761644972,0.03764565152337393
2025-03-19,0.0371255376055308,0.037288345844604096
2025-03-21,0.03707671468972257,0.0371393985815744
2025-03-26,0.03682760915222572,0.036379436022979265
2025-09-17,0.03644661304375082,0.035217106271818906
2025-10-03,0.036322030579791255,0.034837034399398184
2025-04-12,0.03624532622324004,0.03460302740121657
2025-03-10,0.03596177308118287,0.03373797328198333
2025-03-16,0.03594807156723908,0.03369617317710417
2025-03-20,0.03586339684418244,0.03343785046043925
2025-03-27,0.03559808725311307,0.0326284531356148
2025-09-18,0.03551057721674931,0.032361480543170514
2025-04-11,0.035335803934672,0.0318282882586625
2025-10-09,0.03515514438743014,0.03127713835996425
2025-03-18,0.03515275929519786,0.03126986200306931
2025-03-28,0.034896101322392487,0.030486858736032428
2025-03-15,0.03473293169557852,0.029989066481694745
2025-04-10,0.03435665997764533,0.028841149737808176
2025-10-07,0.034304979955409695,0.02868348611330146
2025-10-08,0.0340510111585514,0.027908686891240004
2025-03-29,0.033969572891767656,0.027660237843441092
2025-04-09,0.033831438069475944,0.027238820904922724
2025-02-13,0.03376223334855289,0.02702769353574406
2025-09-19,0.03356893522447525,0.026437986303934565
2025-04-08,0.03272856253505177,0.023874206366943686
2025-09-21,0.032517659110483405,0.02323078949326829
2025-04-07,0.03239590450329098,0.022859344748472638
2025-04-04,0.03234284892112463,0.022697484613302392
2025-10-06,0.032135181522882986,0.02206394009682808
2025-09-20,0.032031493905231016,0.021747613498883937
2025-04-06,0.03202427968032106,0.021725604591029284
2025-04-05,0.03188175210445632,0.021290786391831677
2025-03-30,0.031868746702585965,0.021251109961591436
2025-04-03,0.03171157344667136,0.0207716112282118
2025-10-04,0.03167412071265124,0.02065735172254876
2025-09-22,0.03140117308671857,0.019824652545121262
2025-03-31,0.03128848701565885,0.019480873776728136
2025-04-01,0.031250950173731536,0.01936635767757066
2025-04-02,0.031029193917428914,0.018689831360180577
2025-09-24,0.030651329599050876,0.01753705596593622
2025-09-23,0.03063813321359012,0.017496796889563453
2025-09-30,0.03034264188948521,0.0165953221774155
2025-09-26,0.030041132848003773,0.015675488821215215
2025-09-25,0.029297168861642093,0.013405829221274708
2025-09-29,0.028378444830869005,0.010603017721839495
2025-09-28,0.028296983697478864,0.01035449891338862
2025-09-27,0.028246848608603808,0.010201548518147549
2025-10-05,0.025705879390939514,0.0024496475071470254
2025-10-01,0.024902917781786396,0.0
