Date,anomaly_score,missing_ratio,data_quality_flag,Priority,AnomalyTypes,Notes
2025-01-01,0.12603208693937656,0.0,complete,LOW,ScheduleShift,Flags: ScheduleShift
2025-01-02,0.1263752628208062,0.0,complete,LOW,ScheduleShift,Flags: ScheduleShift
2025-01-03,0.12531498969435212,0.0,complete,LOW,ScheduleShift,Flags: ScheduleShift
2025-01-04,0.5419764091636274,0.0417,partial_missing,HIGH,"NightDrop, ScheduleShift","Partial missing (4% missing, scores mask-aware); Flags: NightDrop, ScheduleShift"
2025-01-05,0.12920704870876157,0.0,complete,LOW,ScheduleShift,Flags: ScheduleShift
2025-01-06,0.48561658208676656,0.0417,partial_missing,HIGH,"NightDrop, ScheduleShift","Partial missing (4% missing, scores mask-aware); Flags: NightDrop, ScheduleShift"
2025-01-07,0.12905510953552154,0.0,complete,LOW,ScheduleShift,Flags: ScheduleShift
2025-01-08,0.13038011971338545,0.0,complete,LOW,ScheduleShift,Flags: ScheduleShift
2025-01-09,0.1308572604152065,0.0,complete,LOW,ScheduleShift,Flags: ScheduleShift
2025-01-10,0.13250219491924936,0.0,complete,LOW,ScheduleShift,Flags: ScheduleShift
2025-01-11,0.13487461280152266,0.0,complete,LOW,ScheduleShift,Flags: ScheduleShift
2025-01-12,0.13746103011024932,0.0,complete,LOW,ScheduleShift,Flags: ScheduleShift
2025-01-13,0.13776865863300208,0.0,complete,LOW,ScheduleShift,Flags: ScheduleShift
2025-01-14,0.14372291625319555,0.0,complete,LOW,ScheduleShift,Flags: ScheduleShift
2025-01-15,0.1465369554871552,0.0,complete,LOW,ScheduleShift,Flags: ScheduleShift
2025-01-16,0.15289106128748167,0.0,complete,LOW,ScheduleShift,Flags: ScheduleShift
2025-01-17,0.16144339336146987,0.0,complete,LOW,ScheduleShift,Flags: ScheduleShift
2025-01-18,0.18060144995176403,0.0,complete,LOW,ScheduleShift,Flags: ScheduleShift
2025-01-19,0.2147380886077124,0.0,complete,LOW,ScheduleShift,Flags: ScheduleShift
2025-01-20,0.3167495319622013,0.0,complete,MEDIUM,ScheduleShift,Flags: ScheduleShift
2025-01-21,0.21192740847109995,0.0,complete,LOW,ScheduleShift,Flags: ScheduleShift
2025-01-22,0.18213963071761569,0.0,complete,LOW,ScheduleShift,Flags: ScheduleShift
2025-01-23,0.1646343103958389,0.0,complete,LOW,ScheduleShift,Flags: ScheduleShift
2025-01-24,0.15463663008904027,0.0,complete,LOW,ScheduleShift,Flags: ScheduleShift
2025-01-25,0.14913810191105883,0.0,complete,LOW,ScheduleShift,Flags: ScheduleShift
2025-01-26,0.14389776970471943,0.0833,partial_missing,LOW,ScheduleShift,"Partial missing (8% missing, scores mask-aware); Flags: ScheduleShift"
2025-01-27,0.13823270634132104,0.0,complete,LOW,ScheduleShift,Flags: ScheduleShift
2025-01-28,0.13501832877731623,0.0,complete,LOW,ScheduleShift,Flags: ScheduleShift
2025-01-29,0.13236015855876257,0.0,complete,LOW,ScheduleShift,Flags: ScheduleShift
2025-01-30,0.13007278831759503,0.0,complete,LOW,ScheduleShift,Flags: ScheduleShift
2025-01-31,0.128364515611929,0.0,complete,LOW,ScheduleShift,Flags: ScheduleShift
2025-02-01,0.1245013273113678,0.0,complete,LOW,ScheduleShift,Flags: ScheduleShift
2025-02-02,0.12065688354598043,0.0,complete,LOW,ScheduleShift,Flags: ScheduleShift
2025-02-03,0.23532019893264333,0.0833,partial_missing,LOW,ScheduleShift,"Partial missing (8% missing, scores mask-aware); Flags: ScheduleShift"
2025-02-04,0.12085313356018496,0.0,complete,LOW,ScheduleShift,Flags: ScheduleShift
2025-02-05,0.11923462551576472,0.0,complete,NORMAL,ScheduleShift,Flags: ScheduleShift
2025-02-06,0.11771020144720827,0.0,complete,NORMAL,ScheduleShift,Flags: ScheduleShift
2025-02-07,0.01862240365379192,0.0,complete,NORMAL,,Normal operation
2025-02-08,0.017129055764139988,0.0,complete,NORMAL,,Normal operation
2025-02-09,0.018614704361730395,0.0,complete,NORMAL,,Normal operation
2025-02-10,0.020386793476402924,0.0,complete,NORMAL,,Normal operation
2025-02-11,0.022076038594425317,0.0,complete,NORMAL,,Normal operation
2025-02-12,0.23895919340014427,0.0,complete,LOW,NightDrop,Flags: NightDrop
2025-02-13,0.030234096806687837,0.0,complete,NORMAL,,Normal operation
2025-02-14,0.028926953583754744,0.0,complete,NORMAL,,Normal operation
2025-02-15,0.03269273244703616,0.0,complete,NORMAL,,Normal operation
2025-02-16,0.03674735440026143,0.0,complete,NORMAL,,Normal operation
2025-02-17,0.04358112519965182,0.0,complete,NORMAL,,Normal operation
2025-02-18,0.052799012503939396,0.0,complete,NORMAL,,Normal operation
2025-02-19,0.06953170461703075,0.0,complete,NORMAL,,Normal operation
2025-02-20,0.10455159447540906,0.0,complete,NORMAL,,Normal operation
2025-02-21,0.20629637020154126,0.0,complete,LOW,,Normal operation
2025-02-22,0.10670838950104046,0.0,complete,NORMAL,,Normal operation
2025-02-23,0.07309609448623466,0.0,complete,NORMAL,,Normal operation
2025-02-24,0.05253636111238106,0.0,complete,NORMAL,,Normal operation
2025-02-25,0.04288148633612834,0.0,complete,NORMAL,,Normal operation
2025-02-26,0.13542211847734856,0.0,complete,LOW,ScheduleShift,Flags: ScheduleShift
2025-02-27,0.13168659565907453,0.0,complete,LOW,ScheduleShift,Flags: ScheduleShift
2025-02-28,0.1280026303509453,0.0,complete,LOW,ScheduleShift,Flags: ScheduleShift
2025-03-01,0.12856979877681227,0.0,complete,LOW,ScheduleShift,Flags: ScheduleShift
2025-03-02,0.12328354883232308,0.0,complete,LOW,ScheduleShift,Flags: ScheduleShift
2025-03-03,0.12866463592270683,0.0,complete,LOW,ScheduleShift,Flags: ScheduleShift
2025-03-04,0.12302020063084765,0.0,complete,LOW,ScheduleShift,Flags: ScheduleShift
2025-03-05,0.11798139849402109,0.0417,partial_missing,NORMAL,ScheduleShift,"Partial missing (4% missing, scores mask-aware); Flags: ScheduleShift"
2025-03-06,0.11710452095182937,0.0,complete,NORMAL,ScheduleShift,Flags: ScheduleShift
2025-03-07,0.11605131759302428,0.0,complete,NORMAL,ScheduleShift,Flags: ScheduleShift
2025-03-08,0.11279283131507574,0.0,complete,NORMAL,ScheduleShift,Flags: ScheduleShift
2025-03-09,0.11190011532177845,0.0,complete,NORMAL,ScheduleShift,Flags: ScheduleShift
2025-03-10,0.11103992945449898,0.0,complete,NORMAL,ScheduleShift,Flags: ScheduleShift
2025-03-11,0.11143394778746142,0.0,complete,NORMAL,ScheduleShift,Flags: ScheduleShift
2025-03-12,0.41524424408983773,0.0833,partial_missing,HIGH,"NightDrop, ScheduleShift","Partial missing (8% missing, scores mask-aware); Flags: NightDrop, ScheduleShift"
2025-03-13,0.10859578847018286,0.0,complete,NORMAL,ScheduleShift,Flags: ScheduleShift
2025-03-14,0.10819713826738087,0.0,complete,NORMAL,ScheduleShift,Flags: ScheduleShift
2025-03-15,0.10694517612473277,0.0,complete,NORMAL,ScheduleShift,Flags: ScheduleShift
2025-03-16,0.10773812246021872,0.0833,partial_missing,NORMAL,ScheduleShift,"Partial missing (8% missing, scores mask-aware); Flags: ScheduleShift"
2025-03-17,0.13057013972738624,0.0833,partial_missing,LOW,,"Partial missing (8% missing, scores mask-aware)"
2025-03-18,0.10536065430334154,0.0,complete,NORMAL,ScheduleShift,Flags: ScheduleShift
2025-03-19,0.10560539923581268,0.0,complete,NORMAL,ScheduleShift,Flags: ScheduleShift
2025-03-20,0.10553630906943903,0.0,complete,NORMAL,ScheduleShift,Flags: ScheduleShift
2025-03-21,0.10564942322457965,0.0,complete,NORMAL,ScheduleShift,Flags: ScheduleShift
2025-03-22,0.10710718625580923,0.0,complete,NORMAL,ScheduleShift,Flags: ScheduleShift
2025-03-23,0.10733541528976988,0.0,complete,NORMAL,ScheduleShift,Flags: ScheduleShift
2025-03-24,0.10729615168022817,0.0,complete,NORMAL,ScheduleShift,Flags: ScheduleShift
2025-03-25,0.10685640657065727,0.0,complete,NORMAL,ScheduleShift,Flags: ScheduleShift
2025-03-26,0.10685181345427866,0.0,complete,NORMAL,ScheduleShift,Flags: ScheduleShift
2025-03-27,0.10714247000927922,0.0,complete,NORMAL,ScheduleShift,Flags: ScheduleShift
2025-03-28,0.10960453739612963,0.0,complete,NORMAL,ScheduleShift,Flags: ScheduleShift
2025-03-29,0.1095989396032937,0.0,complete,NORMAL,ScheduleShift,Flags: ScheduleShift
2025-03-30,0.12101386341428076,0.0,complete,LOW,ScheduleShift,Flags: ScheduleShift
2025-03-31,0.13981544867277426,0.0,complete,LOW,ScheduleShift,Flags: ScheduleShift
2025-04-01,0.12165439179368782,0.0,complete,LOW,ScheduleShift,Flags: ScheduleShift
2025-04-02,0.10934493687998806,0.0,complete,NORMAL,ScheduleShift,Flags: ScheduleShift
2025-04-03,0.10946966363582206,0.0,complete,NORMAL,ScheduleShift,Flags: ScheduleShift
2025-04-04,0.10986297782265429,0.0,complete,NORMAL,ScheduleShift,Flags: ScheduleShift
2025-04-05,0.11048469281492523,0.0,complete,NORMAL,ScheduleShift,Flags: ScheduleShift
2025-04-06,0.11062139907263299,0.0,complete,NORMAL,ScheduleShift,Flags: ScheduleShift
2025-04-07,0.11082617257029093,0.0,complete,NORMAL,ScheduleShift,Flags: ScheduleShift
2025-04-08,0.11065598517619848,0.0,complete,NORMAL,ScheduleShift,Flags: ScheduleShift
2025-04-09,0.1113160099347127,0.0,complete,NORMAL,ScheduleShift,Flags: ScheduleShift
2025-04-10,0.11197196974314505,0.0,complete,NORMAL,ScheduleShift,Flags: ScheduleShift
2025-04-11,0.11290892685292667,0.0,complete,NORMAL,ScheduleShift,Flags: ScheduleShift
2025-04-12,0.11445003558137125,0.0,complete,NORMAL,ScheduleShift,Flags: ScheduleShift
2025-04-13,0.11530649216007967,0.0,complete,NORMAL,ScheduleShift,Flags: ScheduleShift
2025-04-14,0.11713142529772122,0.0,complete,NORMAL,ScheduleShift,Flags: ScheduleShift
2025-04-15,0.11873153144850251,0.0,complete,NORMAL,ScheduleShift,Flags: ScheduleShift
2025-04-16,0.12125893613758917,0.0,complete,LOW,ScheduleShift,Flags: ScheduleShift
2025-04-17,0.12490450551397717,0.0,complete,LOW,ScheduleShift,Flags: ScheduleShift
2025-04-18,0.12906450464210711,0.0,complete,LOW,ScheduleShift,Flags: ScheduleShift
2025-04-19,0.13423125731616428,0.0,complete,LOW,ScheduleShift,Flags: ScheduleShift
2025-04-20,0.14161978411054968,0.0,complete,LOW,ScheduleShift,Flags: ScheduleShift
2025-04-21,0.15291863872373634,0.0,complete,LOW,ScheduleShift,Flags: ScheduleShift
2025-04-22,0.1709518586911316,0.0,complete,LOW,ScheduleShift,Flags: ScheduleShift
2025-04-23,0.21199258174426144,0.0,complete,LOW,ScheduleShift,Flags: ScheduleShift
2025-04-24,0.3085706356460519,0.0,complete,MEDIUM,ScheduleShift,Flags: ScheduleShift
2025-04-25,0.20723067315249233,0.0,complete,LOW,ScheduleShift,Flags: ScheduleShift
2025-04-26,0.17372785874698457,0.0,complete,LOW,ScheduleShift,Flags: ScheduleShift
2025-04-27,0.15809851731096172,0.0,complete,LOW,ScheduleShift,Flags: ScheduleShift
2025-04-28,0.14811959543336078,0.0,complete,LOW,ScheduleShift,Flags: ScheduleShift
2025-04-29,0.1421758053854231,0.0,complete,LOW,ScheduleShift,Flags: ScheduleShift
2025-04-30,0.13801396170685423,0.0,complete,LOW,ScheduleShift,Flags: ScheduleShift
2025-05-01,0.13649277558205805,0.0,complete,LOW,ScheduleShift,Flags: ScheduleShift
2025-05-02,0.13666343924630966,0.0,complete,LOW,ScheduleShift,Flags: ScheduleShift
2025-05-03,0.1425366517761184,0.0,complete,LOW,ScheduleShift,Flags: ScheduleShift
2025-05-04,0.1486172050274789,0.0,complete,LOW,ScheduleShift,Flags: ScheduleShift
2025-05-05,0.16030996792681582,0.0,complete,LOW,ScheduleShift,Flags: ScheduleShift
2025-05-06,0.17706821359658623,0.0,complete,LOW,ScheduleShift,Flags: ScheduleShift
2025-05-07,0.21008716602915906,0.0,complete,LOW,ScheduleShift,Flags: ScheduleShift
2025-05-08,0.3127105620975392,0.0,complete,MEDIUM,ScheduleShift,Flags: ScheduleShift
2025-05-09,0.21043621177256144,0.0,complete,LOW,ScheduleShift,Flags: ScheduleShift
2025-05-10,0.17673158169611664,0.0,complete,LOW,ScheduleShift,Flags: ScheduleShift
2025-05-11,0.159318069632862,0.0,complete,LOW,ScheduleShift,Flags: ScheduleShift
2025-05-12,0.3700433406325173,0.0,complete,MEDIUM,"NightDrop, ScheduleShift","Flags: NightDrop, ScheduleShift"
2025-05-13,0.14207396160120253,0.0,complete,LOW,ScheduleShift,Flags: ScheduleShift
2025-05-14,0.136548310798202,0.0,complete,LOW,ScheduleShift,Flags: ScheduleShift
2025-05-15,0.13457357029155198,0.0,complete,LOW,ScheduleShift,Flags: ScheduleShift
2025-05-16,0.12929207425492195,0.0,complete,LOW,ScheduleShift,Flags: ScheduleShift
2025-05-17,0.1279724141641802,0.0,complete,LOW,ScheduleShift,Flags: ScheduleShift
2025-05-18,0.12528140208213293,0.0,complete,LOW,ScheduleShift,Flags: ScheduleShift
2025-05-19,0.12410630881352806,0.0,complete,LOW,ScheduleShift,Flags: ScheduleShift
2025-05-20,0.12323844897206343,0.0,complete,LOW,ScheduleShift,Flags: ScheduleShift
2025-05-21,0.12239811680898884,0.0,complete,LOW,ScheduleShift,Flags: ScheduleShift
2025-05-22,0.12116824477361653,0.0,complete,LOW,ScheduleShift,Flags: ScheduleShift
2025-05-23,0.12001104122290523,0.0,complete,LOW,ScheduleShift,Flags: ScheduleShift
2025-05-24,0.11979859008707407,0.0,complete,NORMAL,ScheduleShift,Flags: ScheduleShift
2025-05-25,0.1195763921372245,0.0,complete,NORMAL,ScheduleShift,Flags: ScheduleShift
2025-05-26,0.11961338362687628,0.0,complete,NORMAL,ScheduleShift,Flags: ScheduleShift
2025-05-27,0.11909179913848798,0.0,complete,NORMAL,ScheduleShift,Flags: ScheduleShift
2025-05-28,0.11908657958698539,0.0,complete,NORMAL,ScheduleShift,Flags: ScheduleShift
2025-05-29,0.11897260580475165,0.0,complete,NORMAL,ScheduleShift,Flags: ScheduleShift
2025-05-30,0.1194297165201004,0.0,complete,NORMAL,ScheduleShift,Flags: ScheduleShift
2025-05-31,0.11971004663567929,0.0,complete,NORMAL,ScheduleShift,Flags: ScheduleShift
2025-06-01,0.1211068895060002,0.0,complete,LOW,ScheduleShift,Flags: ScheduleShift
2025-06-02,0.12090210864458913,0.0,complete,LOW,ScheduleShift,Flags: ScheduleShift
2025-06-03,0.12072385199702942,0.0,complete,LOW,ScheduleShift,Flags: ScheduleShift
2025-06-04,0.12080244447046168,0.0,complete,LOW,ScheduleShift,Flags: ScheduleShift
2025-06-05,0.12117330870831836,0.0,complete,LOW,ScheduleShift,Flags: ScheduleShift
2025-06-06,0.12305275582689208,0.0,complete,LOW,ScheduleShift,Flags: ScheduleShift
2025-06-07,0.12050960438351085,0.0,complete,LOW,ScheduleShift,Flags: ScheduleShift
2025-06-08,0.12401183917356993,0.0,complete,LOW,ScheduleShift,Flags: ScheduleShift
2025-06-09,0.12120231455569419,0.0,complete,LOW,ScheduleShift,Flags: ScheduleShift
2025-06-10,0.12041419637341416,0.0,complete,LOW,ScheduleShift,Flags: ScheduleShift
2025-06-11,0.11919856124915947,0.0,complete,NORMAL,ScheduleShift,Flags: ScheduleShift
2025-06-12,0.11671253317566326,0.0,complete,NORMAL,ScheduleShift,Flags: ScheduleShift
2025-06-13,0.11698878686603623,0.0,complete,NORMAL,ScheduleShift,Flags: ScheduleShift
2025-06-14,0.11730369444594209,0.0,complete,NORMAL,ScheduleShift,Flags: ScheduleShift
2025-06-15,0.11797879580669875,0.0,complete,NORMAL,ScheduleShift,Flags: ScheduleShift
2025-06-16,0.11762959332674325,0.0,complete,NORMAL,ScheduleShift,Flags: ScheduleShift
2025-06-17,0.11797121930884355,0.0,complete,NORMAL,ScheduleShift,Flags: ScheduleShift
2025-06-18,0.1181032604583446,0.0,complete,NORMAL,ScheduleShift,Flags: ScheduleShift
2025-06-19,0.11877480504028662,0.0,complete,NORMAL,ScheduleShift,Flags: ScheduleShift
2025-06-20,0.12090129685323209,0.0,complete,LOW,ScheduleShift,Flags: ScheduleShift
2025-06-21,0.118911606725607,0.0,complete,NORMAL,ScheduleShift,Flags: ScheduleShift
2025-06-22,0.11884159622671664,0.0,complete,NORMAL,ScheduleShift,Flags: ScheduleShift
2025-06-23,0.11964824767621707,0.0,complete,NORMAL,ScheduleShift,Flags: ScheduleShift
2025-06-24,0.11993693679722459,0.0,complete,NORMAL,ScheduleShift,Flags: ScheduleShift
2025-06-25,0.12016745499750955,0.0,complete,LOW,ScheduleShift,Flags: ScheduleShift
2025-06-26,0.11899966261932629,0.0,complete,NORMAL,ScheduleShift,Flags: ScheduleShift
2025-06-27,0.1195471355853509,0.0,complete,NORMAL,ScheduleShift,Flags: ScheduleShift
2025-06-28,0.1188620548138916,0.0,complete,NORMAL,ScheduleShift,Flags: ScheduleShift
2025-06-29,0.11865977058422326,0.0,complete,NORMAL,ScheduleShift,Flags: ScheduleShift
2025-06-30,0.11868328322769199,0.0,complete,NORMAL,ScheduleShift,Flags: ScheduleShift
2025-07-01,0.11976567990616836,0.0,complete,NORMAL,ScheduleShift,Flags: ScheduleShift
2025-07-02,0.11926182539260513,0.0,complete,NORMAL,ScheduleShift,Flags: ScheduleShift
2025-07-03,0.1225066902178759,0.0,complete,LOW,ScheduleShift,Flags: ScheduleShift
2025-07-04,0.12236838657828754,0.0,complete,LOW,ScheduleShift,Flags: ScheduleShift
2025-07-05,0.12243449696580869,0.0,complete,LOW,ScheduleShift,Flags: ScheduleShift
2025-07-06,0.12219211822771477,0.0,complete,LOW,ScheduleShift,Flags: ScheduleShift
2025-07-07,0.12789031113473878,0.0,complete,LOW,ScheduleShift,Flags: ScheduleShift
2025-07-08,0.12235206783337296,0.0,complete,LOW,ScheduleShift,Flags: ScheduleShift
2025-07-09,0.12412827327712038,0.0,complete,LOW,ScheduleShift,Flags: ScheduleShift
2025-07-10,0.12278005061268876,0.0,complete,LOW,ScheduleShift,Flags: ScheduleShift
2025-07-11,0.12279828814867373,0.0,complete,LOW,ScheduleShift,Flags: ScheduleShift
2025-07-12,0.12199266591014928,0.0,complete,LOW,ScheduleShift,Flags: ScheduleShift
2025-07-13,0.12168076492749952,0.0,complete,LOW,ScheduleShift,Flags: ScheduleShift
2025-07-14,0.12453086058654135,0.0,complete,LOW,ScheduleShift,Flags: ScheduleShift
2025-07-15,0.12417644409817134,0.0,complete,LOW,ScheduleShift,Flags: ScheduleShift
2025-07-16,0.13406417624201636,0.0,complete,LOW,ScheduleShift,Flags: ScheduleShift
2025-07-17,0.1258096395320014,0.0,complete,LOW,ScheduleShift,Flags: ScheduleShift
2025-07-18,0.12574010518467132,0.0,complete,LOW,ScheduleShift,Flags: ScheduleShift
2025-07-19,0.1467098401928349,0.0,complete,LOW,ScheduleShift,Flags: ScheduleShift
2025-07-20,0.12636563834615355,0.0,complete,LOW,ScheduleShift,Flags: ScheduleShift
2025-07-21,0.1277852803404762,0.0,complete,LOW,ScheduleShift,Flags: ScheduleShift
2025-07-22,0.13367631371670638,0.0,complete,LOW,ScheduleShift,Flags: ScheduleShift
2025-07-23,0.13546792688973125,0.0,complete,LOW,ScheduleShift,Flags: ScheduleShift
2025-07-24,0.13841287000160174,0.0,complete,LOW,ScheduleShift,Flags: ScheduleShift
2025-07-25,0.13908523749193957,0.0,complete,LOW,ScheduleShift,Flags: ScheduleShift
2025-07-26,0.14449538620120186,0.0,complete,LOW,ScheduleShift,Flags: ScheduleShift
2025-07-27,0.15094666848400953,0.0,complete,LOW,ScheduleShift,Flags: ScheduleShift
2025-07-28,0.16103920748182607,0.0,complete,LOW,ScheduleShift,Flags: ScheduleShift
2025-07-29,0.17798904458427675,0.0,complete,LOW,ScheduleShift,Flags: ScheduleShift
2025-07-30,0.21224702283776462,0.0,complete,LOW,ScheduleShift,Flags: ScheduleShift
2025-07-31,0.31491263575221873,0.0,complete,MEDIUM,ScheduleShift,Flags: ScheduleShift
2025-08-01,0.2142546169389542,0.0,complete,LOW,ScheduleShift,Flags: ScheduleShift
2025-08-02,0.17638462970803065,0.0,complete,LOW,ScheduleShift,Flags: ScheduleShift
2025-08-03,0.15894563768482106,0.0,complete,LOW,ScheduleShift,Flags: ScheduleShift
2025-08-04,0.15202402012580332,0.0,complete,LOW,ScheduleShift,Flags: ScheduleShift
2025-08-05,0.1436457090779782,0.0,complete,LOW,ScheduleShift,Flags: ScheduleShift
2025-08-06,0.13846524764969853,0.0,complete,LOW,ScheduleShift,Flags: ScheduleShift
2025-08-07,0.13470114795094015,0.0,complete,LOW,ScheduleShift,Flags: ScheduleShift
2025-08-08,0.1377839241488293,0.0,complete,LOW,ScheduleShift,Flags: ScheduleShift
2025-08-09,0.13863024879943672,0.0,complete,LOW,ScheduleShift,Flags: ScheduleShift
2025-08-10,0.14504753887000965,0.0,complete,LOW,ScheduleShift,Flags: ScheduleShift
2025-08-11,0.1584418080417723,0.0,complete,LOW,ScheduleShift,Flags: ScheduleShift
2025-08-12,0.18150912583548579,0.0,complete,LOW,ScheduleShift,Flags: ScheduleShift
2025-08-13,0.2057617722737326,0.0,complete,LOW,ScheduleShift,Flags: ScheduleShift
2025-08-14,0.30740109607803373,0.0,complete,MEDIUM,ScheduleShift,Flags: ScheduleShift
2025-08-15,0.20453315214168044,0.0,complete,LOW,ScheduleShift,Flags: ScheduleShift
2025-08-16,0.17341297260839839,0.0,complete,LOW,ScheduleShift,Flags: ScheduleShift
2025-08-17,0.1560059640082877,0.0,complete,LOW,ScheduleShift,Flags: ScheduleShift
2025-08-18,0.1424515650167502,0.0,complete,LOW,ScheduleShift,Flags: ScheduleShift
2025-08-19,0.13636472110623205,0.0,complete,LOW,ScheduleShift,Flags: ScheduleShift
2025-08-20,0.1310930226890305,0.0,complete,LOW,ScheduleShift,Flags: ScheduleShift
2025-08-21,0.12796386129170711,0.0,complete,LOW,ScheduleShift,Flags: ScheduleShift
2025-08-22,0.131349093515252,0.0,complete,LOW,ScheduleShift,Flags: ScheduleShift
2025-08-23,0.2595408412351326,0.0,complete,MEDIUM,"DaytimeNonZero, ScheduleShift","Flags: DaytimeNonZero, ScheduleShift"
2025-08-24,0.14680695338486252,0.0,complete,LOW,ScheduleShift,Flags: ScheduleShift
2025-08-25,0.15425774047676535,0.0,complete,LOW,ScheduleShift,Flags: ScheduleShift
2025-08-26,0.170329456302358,0.0,complete,LOW,ScheduleShift,Flags: ScheduleShift
2025-08-27,0.21350512196817553,0.0,complete,LOW,ScheduleShift,Flags: ScheduleShift
2025-08-28,0.3213493692525913,0.0,complete,MEDIUM,ScheduleShift,Flags: ScheduleShift
2025-08-29,0.21952636612001514,0.0,complete,LOW,ScheduleShift,Flags: ScheduleShift
2025-08-30,0.17933676523177017,0.0,complete,LOW,ScheduleShift,Flags: ScheduleShift
2025-08-31,0.16209752031196334,0.0,complete,LOW,ScheduleShift,Flags: ScheduleShift
2025-09-01,0.14718577385370318,0.0,complete,LOW,ScheduleShift,Flags: ScheduleShift
2025-09-02,0.1387258975550056,0.0,complete,LOW,ScheduleShift,Flags: ScheduleShift
2025-09-03,0.13334145879496623,0.0,complete,LOW,ScheduleShift,Flags: ScheduleShift
2025-09-04,0.1355442457124283,0.0,complete,LOW,ScheduleShift,Flags: ScheduleShift
2025-09-05,0.12465241455650355,0.0,complete,LOW,ScheduleShift,Flags: ScheduleShift
2025-09-06,0.12216398034260482,0.0,complete,LOW,ScheduleShift,Flags: ScheduleShift
2025-09-07,0.12073402111650283,0.0,complete,LOW,ScheduleShift,Flags: ScheduleShift
2025-09-08,0.11772152107728766,0.0,complete,NORMAL,ScheduleShift,Flags: ScheduleShift
2025-09-09,0.1163213762442158,0.0,complete,NORMAL,ScheduleShift,Flags: ScheduleShift
2025-09-10,0.11542397165445853,0.0,complete,NORMAL,ScheduleShift,Flags: ScheduleShift
2025-09-11,0.11340689073004412,0.0,complete,NORMAL,ScheduleShift,Flags: ScheduleShift
2025-09-12,0.1127105850725822,0.0,complete,NORMAL,ScheduleShift,Flags: ScheduleShift
2025-09-13,0.11122943769784913,0.0,complete,NORMAL,ScheduleShift,Flags: ScheduleShift
2025-09-14,0.11058896452319572,0.0,complete,NORMAL,ScheduleShift,Flags: ScheduleShift
2025-09-15,0.10830219229033015,0.0,complete,NORMAL,ScheduleShift,Flags: ScheduleShift
2025-09-16,0.007732183644038907,0.0,complete,NORMAL,,Normal operation
2025-09-17,0.008086310176230797,0.0,complete,NORMAL,,Normal operation
2025-09-18,0.007833906525877486,0.0,complete,NORMAL,,Normal operation
2025-09-19,0.010061535884139303,0.0,complete,NORMAL,,Normal operation
2025-09-20,0.006019709993697178,0.0,complete,NORMAL,,Normal operation
2025-09-21,0.006035608747916456,0.0,complete,NORMAL,,Normal operation
2025-09-22,0.006615666722589545,0.0,complete,NORMAL,,Normal operation
2025-09-23,0.006458178111035197,0.0,complete,NORMAL,,Normal operation
2025-09-24,0.005949980280784195,0.0,complete,NORMAL,,Normal operation
2025-09-25,0.006010057555649713,0.0,complete,NORMAL,,Normal operation
2025-09-26,0.006700066354434555,0.0,complete,NORMAL,,Normal operation
2025-09-27,0.0067726614824149736,0.0,complete,NORMAL,,Normal operation
2025-09-28,0.007212127613319841,0.0,complete,NORMAL,,Normal operation
2025-09-29,0.017392669950474116,0.0,complete,NORMAL,,Normal operation
2025-09-30,0.010026287387688765,0.0,complete,NORMAL,,Normal operation
2025-10-01,0.026536468462387747,0.0,complete,NORMAL,,Normal operation
2025-10-02,0.030988192700848204,0.0,complete,NORMAL,,Normal operation
2025-10-03,0.24987052807665183,0.0,complete,LOW,NightDrop,Flags: NightDrop
2025-10-04,0.016072404309531333,0.0,complete,NORMAL,,Normal operation
2025-10-05,0.012199721674289458,0.0,complete,NORMAL,,Normal operation
2025-10-06,0.014061297835398896,0.0,complete,NORMAL,,Normal operation
2025-10-07,0.011747748223378813,0.0,complete,NORMAL,,Normal operation
2025-10-08,0.012223187361496073,0.0,complete,NORMAL,,Normal operation
2025-10-09,0.013142220516864948,0.0,complete,NORMAL,,Normal operation
2025-10-10,0.01474617718829118,0.0,complete,NORMAL,,Normal operation
2025-10-11,0.016139218999360463,0.0,complete,NORMAL,,Normal operation
2025-10-12,0.018085011357167932,0.0,complete,NORMAL,,Normal operation
2025-10-13,0.019173111278193974,0.0,complete,NORMAL,,Normal operation
2025-10-14,0.022260206271134647,0.0,complete,NORMAL,,Normal operation
2025-10-15,0.02591075245004824,0.0,complete,NORMAL,,Normal operation
2025-10-16,0.04449651986768309,0.0,complete,NORMAL,,Normal operation
2025-10-17,0.24920982063796482,0.0,complete,LOW,NightDrop,Flags: NightDrop
2025-10-18,0.04125840176034815,0.0,complete,NORMAL,,Normal operation
2025-10-19,0.05303851264845938,0.0,complete,NORMAL,,Normal operation
2025-10-20,0.07155279835245676,0.0,complete,NORMAL,,Normal operation
2025-10-21,0.10630907258237239,0.0,complete,NORMAL,,Normal operation
2025-10-22,0.20891502649047908,0.0,complete,LOW,,Normal operation
2025-10-23,0.10584638505169433,0.0,complete,NORMAL,,Normal operation
2025-10-24,0.07198842495720337,0.0,complete,NORMAL,,Normal operation
2025-10-25,0.05530468244308026,0.0,complete,NORMAL,,Normal operation
2025-10-26,0.044487807415514224,0.0,complete,NORMAL,,Normal operation
2025-10-27,0.03807862404920549,0.0,complete,NORMAL,,Normal operation
2025-10-28,0.033870071326313866,0.0,complete,NORMAL,,Normal operation
2025-10-29,0.028592578747481664,0.0,complete,NORMAL,,Normal operation
2025-10-30,0.031556665022619626,0.0,complete,NORMAL,,Normal operation
2025-10-31,0.030081680948767814,0.0,complete,NORMAL,,Normal operation
2025-11-01,0.023125668311540972,0.0,complete,NORMAL,,Normal operation
2025-11-02,0.020350450918772287,0.0,complete,NORMAL,,Normal operation
2025-11-03,0.03352495934093246,0.0,complete,NORMAL,,Normal operation
2025-11-04,0.02295425644746752,0.0,complete,NORMAL,,Normal operation
2025-11-05,0.023056465287121443,0.0,complete,NORMAL,,Normal operation
2025-11-06,0.024372121318785973,0.0,complete,NORMAL,,Normal operation
2025-11-07,0.026200411107762153,0.0,complete,NORMAL,,Normal operation
2025-11-08,0.029055720457870037,0.0,complete,NORMAL,,Normal operation
2025-11-09,0.03234062191161109,0.0,complete,NORMAL,,Normal operation
2025-11-10,0.03847029480728437,0.0,complete,NORMAL,,Normal operation
2025-11-11,0.043553029445073776,0.0,complete,NORMAL,,Normal operation
2025-11-12,0.0563973138960032,0.0,complete,NORMAL,,Normal operation
2025-11-13,0.18918129119186614,0.0,complete,LOW,DaytimeNonZero,Flags: DaytimeNonZero
2025-11-14,0.1079424753993759,0.0,complete,NORMAL,,Normal operation
2025-11-15,0.20989955456546738,0.0,complete,LOW,,Normal operation
2025-11-16,0.10723292351967498,0.0,complete,NORMAL,,Normal operation
2025-11-17,0.07125271214925821,0.0,complete,NORMAL,,Normal operation
2025-11-18,0.058163020224975,0.0,complete,NORMAL,,Normal operation
2025-11-19,0.04964849433706536,0.0,complete,NORMAL,,Normal operation
2025-11-20,0.04636369990146871,0.0,complete,NORMAL,,Normal operation
2025-11-21,0.04258448671204322,0.0,complete,NORMAL,,Normal operation
2025-11-22,0.04002995773638687,0.0,complete,NORMAL,,Normal operation
2025-11-23,0.03903426350899774,0.0,complete,NORMAL,,Normal operation
2025-11-24,0.035198621993210846,0.0,complete,NORMAL,,Normal operation
2025-11-25,0.03638056242194426,0.0,complete,NORMAL,,Normal operation
2025-11-26,0.04243676834106518,0.0,complete,NORMAL,,Normal operation
2025-11-27,0.04559208667176903,0.0,complete,NORMAL,,Normal operation
2025-11-28,0.04835098132668876,0.0,complete,NORMAL,,Normal operation
2025-11-29,0.05748964083786952,0.0,complete,NORMAL,,Normal operation
2025-11-30,0.06868318688982833,0.0,complete,NORMAL,,Normal operation
2025-12-01,0.1037717218561891,0.0,complete,NORMAL,,Normal operation
2025-12-02,0.13989985873107796,0.0,complete,LOW,,Normal operation
2025-12-03,0.24379828156180677,0.0,complete,LOW,,Normal operation
2025-12-04,0.14030393945838113,0.0,complete,LOW,,Normal operation
2025-12-05,0.10366486631498506,0.0,complete,NORMAL,,Normal operation
2025-12-06,0.0873012077329012,0.0,complete,NORMAL,,Normal operation
2025-12-07,0.07854118112424588,0.0,complete,NORMAL,,Normal operation
2025-12-08,0.06933238536681914,0.0,complete,NORMAL,,Normal operation
2025-12-09,0.07594442152289123,0.0,complete,NORMAL,,Normal operation
2025-12-10,0.06102913029346696,0.0,complete,NORMAL,,Normal operation
2025-12-11,0.081739207515649,0.0,complete,NORMAL,,Normal operation
2025-12-12,0.11538172009723002,0.0,complete,NORMAL,,Normal operation
2025-12-13,0.215991000328721,0.0,complete,LOW,,Normal operation
2025-12-14,0.11417692439524565,0.0,complete,NORMAL,,Normal operation
2025-12-15,0.07859233309253504,0.0,complete,NORMAL,,Normal operation
2025-12-16,0.11216622667567419,0.0,complete,NORMAL,,Normal operation
2025-12-17,0.21690301524322786,0.0,complete,LOW,,Normal operation
2025-12-18,0.11196118179235186,0.0,complete,NORMAL,,Normal operation
2025-12-19,0.0795243502391789,0.0,complete,NORMAL,,Normal operation
2025-12-20,0.06157700617747996,0.0,complete,NORMAL,,Normal operation
2025-12-21,0.05168843641181917,0.0,complete,NORMAL,,Normal operation
2025-12-22,0.046976699840349634,0.0,complete,NORMAL,,Normal operation
2025-12-23,0.03916321023733263,0.0,complete,NORMAL,,Normal operation
2025-12-24,0.03503162367060153,0.0,complete,NORMAL,,Normal operation
2025-12-25,0.03965542487829505,0.0,complete,NORMAL,,Normal operation
2025-12-26,0.04015928734155635,0.0,complete,NORMAL,,Normal operation
2025-12-27,0.049650591118778044,0.0,complete,NORMAL,,Normal operation
2025-12-28,0.05211802790450083,0.0,complete,NORMAL,,Normal operation
2025-12-29,0.06123050613083242,0.0,complete,NORMAL,,Normal operation
2025-12-30,0.07871196504578995,0.0,complete,NORMAL,,Normal operation
2025-12-31,0.3628686376693978,0.0,complete,MEDIUM,NightDrop,Flags: NightDrop
2026-01-01,0.5538299671294457,0.0,complete,HIGH,,Normal operation
2026-01-02,0.13809992608776084,0.0,complete,LOW,,Normal operation
2026-01-03,0.21278265928357054,0.0,complete,LOW,,Normal operation
2026-01-04,0.23831046542250175,0.0,complete,LOW,,Normal operation
2026-01-05,0.0780258471345508,0.0,complete,NORMAL,,Normal operation
2026-01-06,0.07525593343836233,0.0,complete,NORMAL,,Normal operation
2026-01-07,0.10200742700302026,0.0,complete,NORMAL,,Normal operation
2026-01-08,0.08209001966335114,0.0,complete,NORMAL,,Normal operation
2026-01-09,0.11496545687103786,0.0,complete,NORMAL,,Normal operation
2026-01-10,0.21569790764803365,0.0,complete,LOW,,Normal operation
2026-01-11,0.21202413735471293,0.0,complete,LOW,,Normal operation
2026-01-12,0.11425294158270545,0.0,complete,NORMAL,,Normal operation
2026-01-13,0.07593834232991503,0.0,complete,NORMAL,,Normal operation
2026-01-14,0.06153993733537674,0.0,complete,NORMAL,,Normal operation
2026-01-15,0.05219459517695328,0.0,complete,NORMAL,,Normal operation
2026-01-16,0.042587835616126606,0.0,complete,NORMAL,,Normal operation
2026-01-17,0.03847616891385415,0.0,complete,NORMAL,,Normal operation
2026-01-18,0.031404927253054674,0.0,complete,NORMAL,,Normal operation
2026-01-19,0.040870296019989455,0.0,complete,NORMAL,,Normal operation
2026-01-20,0.07613640711862266,0.0,complete,NORMAL,,Normal operation
2026-01-21,0.28352581357308304,0.0,complete,MEDIUM,NightDrop,Flags: NightDrop
2026-01-22,0.245486443390138,0.0,complete,LOW,NightDrop,Flags: NightDrop
2026-01-23,0.046130996661995646,0.0,complete,NORMAL,,Normal operation
2026-01-24,0.026045835499841442,0.0,complete,NORMAL,,Normal operation
2026-01-25,0.023719539727735824,0.0,complete,NORMAL,,Normal operation
2026-01-26,0.020467514635509325,0.0,complete,NORMAL,,Normal operation
2026-01-27,0.02096699869651694,0.0,complete,NORMAL,,Normal operation
2026-01-28,0.02246586188881404,0.0,complete,NORMAL,,Normal operation
2026-01-29,0.02233487900943879,0.0,complete,NORMAL,,Normal operation
2026-01-30,0.021421288718370304,0.0,complete,NORMAL,,Normal operation
2026-01-31,0.01890690667322466,0.0,complete,NORMAL,,Normal operation
2026-02-01,0.01882714080737499,0.0,complete,NORMAL,,Normal operation
2026-02-02,0.019942861489341705,0.0,complete,NORMAL,,Normal operation
2026-02-03,0.018193258571967744,0.0,complete,NORMAL,,Normal operation
2026-02-04,0.01359795843568024,0.0,complete,NORMAL,,Normal operation
2026-02-05,0.013721985977088338,0.0,complete,NORMAL,,Normal operation
2026-02-06,0.015421755722042943,0.0,complete,NORMAL,,Normal operation
2026-02-07,0.015587109195527913,0.0,complete,NORMAL,,Normal operation
2026-02-08,0.013422358362904603,0.0,complete,NORMAL,,Normal operation
2026-02-09,0.011885459334551964,0.0,complete,NORMAL,,Normal operation
2026-02-10,0.0115038319223345,0.0,complete,NORMAL,,Normal operation
2026-02-11,0.010221706228089097,0.0,complete,NORMAL,,Normal operation
2026-02-12,0.0,0.375,data_quality_low,DATA_QUALITY_LOW,,Low data quality (38% missing)
2026-02-13,0.0,0.5833,data_quality_low,DATA_QUALITY_LOW,,Low data quality (58% missing)
