Date,OSF_ID,NightMean,DailyTotal,NightEfficiency,NightSlope_14d,NightSlope_30d,DailySlope_14d,DailySlope_30d,Night_Volatility_14d,Night_Volatility_30d,FlagAccum_14d,DegradationScore,RiskLevel,missing_ratio,data_quality_flag
2025-01-01,2193681000,6.8353,99.543,0.9973735279358305,,,,,,,1.0,0.0,NORMAL,0.0,complete
2025-01-02,2193681000,6.8644,99.412,1.0016196575370084,,,,,,,2.0,0.0,NORMAL,0.0,complete
2025-01-03,2193681000,6.8334,98.963,0.997096289233348,,,,,,,3.0,8.0,NORMAL,0.0,complete
2025-01-04,2193681000,5.8979,78.848,0.8605927070373991,,,,,,,5.0,30.0,LOW_RISK,0.0417,partial_missing
2025-01-05,2193681000,6.8368,99.045,0.997592400595685,,,,,,,6.0,15.0,LOW_RISK,0.0,complete
2025-01-06,2193681000,6.0317,79.188,0.8801161482964242,,,,,,,8.0,30.0,LOW_RISK,0.0417,partial_missing
2025-01-07,2193681000,6.8392,98.639,0.9979425968514521,-0.05893928571428511,,-1.5385000000000106,,0.4298085576049834,,9.0,45.0,MEDIUM_RISK,0.0,complete
2025-01-08,2193681000,6.8624,98.545,1.001327827323869,-0.016696428571428952,,-0.5949880952380985,,0.4093108840739868,,10.0,35.0,MEDIUM_RISK,0.0,complete
2025-01-09,2193681000,6.8767,98.762,1.0034144133478158,0.005083333333333131,,-0.10054999999999752,,0.39195024698437325,,11.0,15.0,LOW_RISK,0.0,complete
2025-01-10,2193681000,6.8982,99.012,1.006551588139064,0.01706666666666713,,0.17028484848484918,,0.3775758172576441,,12.0,15.0,LOW_RISK,0.0,complete
2025-01-11,2193681000,6.8533,97.848,0.9999999998540848,0.02078636363636359,,0.25736363636363324,,0.3620960593293142,,13.0,15.0,LOW_RISK,0.0,complete
2025-01-12,2193681000,6.8204,97.729,0.995199392847942,0.02086748251748216,,0.2931258741258746,,0.34718089196040774,,14.0,15.0,LOW_RISK,0.0,complete
2025-01-13,2193681000,6.8536,97.628,1.0000437743860557,0.02132307692307642,,0.3017472527472563,,0.3349750974288028,,15.0,15.0,LOW_RISK,0.0,complete
2025-01-14,2193681000,6.808,97.204,0.9933900455264777,0.019697362637362662,,0.28643076923077126,,0.322778932701012,0.322778932701012,16.0,15.0,LOW_RISK,0.0,complete
2025-01-15,2193681000,6.803,96.814,0.9926604699936292,0.02573230769230805,0.018023214285714337,0.4424637362637372,0.25956428571428874,0.3220231631147325,0.3117358226814127,16.0,15.0,LOW_RISK,0.0,complete
2025-01-16,2193681000,6.8138,96.807,0.9942363531445819,0.03317714285714237,0.016743676470587963,0.6059736263736257,0.23570735294118575,0.32055755479175024,0.3019350845656508,16.0,15.0,LOW_RISK,0.0,complete
2025-01-17,2193681000,6.8214,96.699,0.9953453079545116,0.04003956043956096,0.015686274509803554,0.7630461538461435,0.21259558823529753,0.3202362774680493,0.2931324113574535,16.0,15.0,LOW_RISK,0.0,complete
2025-01-18,2193681000,6.8394,96.791,0.9979717798727662,0.016628351648351913,0.014984829721362367,0.26956703296703177,0.19426109391125682,0.21782364590256442,0.2853787077377452,15.0,15.0,LOW_RISK,0.0,complete
2025-01-19,2193681000,6.8797,97.145,1.0038521586675249,0.021182857142857,0.014882456140350511,0.3731670329670319,0.18365964912281102,0.2189420275519789,0.2790844885592641,15.0,15.0,LOW_RISK,0.0,complete
2025-01-20,2193681000,6.8201,96.569,0.9951556183159711,-0.0026958241758235214,0.01374383458646573,-0.18596483516483367,0.16508345864661986,0.02950814378185573,0.27208024798229163,14.0,15.0,LOW_RISK,0.0,complete
2025-01-21,2193681000,6.8214,96.324,0.9953453079545116,-0.003381978021978033,0.012739350649350117,-0.18725494505494253,0.1460064935064964,0.030021065863898248,0.2655933299327412,14.0,15.0,LOW_RISK,0.0,complete
2025-01-22,2193681000,7.0089,100.4,1.0227043904363293,0.002132087912087774,0.014057255787689779,-0.06501098901099285,0.17828063241107125,0.05404434331136027,0.26467105141013336,14.0,15.0,LOW_RISK,0.0,complete
2025-01-23,2193681000,7.1805,101.327,1.0477434227236888,0.012376483516484396,0.016772430830038966,0.08271868131868212,0.2109752964426862,0.10344761720549529,0.2724468482086263,14.0,15.0,LOW_RISK,0.0,complete
2025-01-24,2193681000,7.1876,101.3,1.0487794199803335,0.02219714285714261,0.018766391304347634,0.22664395604395288,0.23377043478260917,0.13344158474202003,0.27872723378143244,14.0,15.0,LOW_RISK,0.0,complete
2025-01-25,2193681000,7.2229,101.372,1.0539302232422438,0.030274065934066372,0.020471230769230395,0.3241956043956027,0.250022307692307,0.15896456668559397,0.2854528959974541,14.0,15.0,LOW_RISK,0.0,complete
2025-01-26,2193681000,7.3184,102.144,1.0678651159196495,0.03837032967032993,0.02245305982905967,0.4243912087912093,0.2672629059829035,0.1880148446617634,0.2962475940570916,14.0,15.0,LOW_RISK,0.0833,partial_missing
2025-01-27,2193681000,7.262,101.033,1.0596355039091188,0.04376065934065906,0.023400122100121726,0.47010769230770305,0.2700073260073217,0.2021215189102675,0.30165677261009477,14.0,15.0,LOW_RISK,0.0,complete
2025-01-28,2193681000,7.2146,100.228,1.0527191278577153,0.04449824175824222,0.02363508483853265,0.46387912087911687,0.264260810071154,0.20396779386478195,0.30370991424479704,14.0,15.0,LOW_RISK,0.0,complete
2025-01-29,2193681000,7.2001,100.203,1.0506033588124548,0.042869450549450884,0.023561674876847145,0.4307868131868122,0.2576290640394073,0.19996469303739284,0.30454513004073314,14.0,15.0,LOW_RISK,0.0,complete
2025-01-30,2193681000,7.2231,100.245,1.0539594062635578,0.0405083516483515,0.023498375973303627,0.3837670329670269,0.25084694104560595,0.19382952306341086,0.30575352773784625,14.0,15.0,LOW_RISK,0.0,complete
2025-01-31,2193681000,7.241,100.03,1.0565712866711552,0.037110109890109384,0.02537310344827604,0.31193186813186263,0.28091790878753675,0.184404794966383,0.31211354861634094,14.0,15.0,LOW_RISK,0.0,complete
2025-02-01,2193681000,7.2679,100.062,1.06049640303788,0.033229450549450215,0.02744155728587367,0.22940219780220486,0.31007519466073513,0.17276565656377577,0.31894682373056493,14.0,15.0,LOW_RISK,0.0,complete
2025-02-02,2193681000,7.2229,99.172,1.0539302232422438,0.027508131868131926,0.028826362625139587,0.11873626373626008,0.3301047830923205,0.1579211216378009,0.32328606792227166,14.0,15.0,LOW_RISK,0.0,complete
2025-02-03,2193681000,7.2338,73.877,1.0555206979038534,0.018624835164835422,0.023656462736373913,-0.742542857142856,0.04812369299221343,0.12550510365700884,0.2623555930324381,14.0,15.0,LOW_RISK,0.0833,partial_missing
2025-02-04,2193681000,7.1794,98.036,1.0475829161064623,0.006411648351648787,0.024016373748610053,-0.8218967032967016,0.06350856507229828,0.06943146870227057,0.26356694724141894,14.0,15.0,LOW_RISK,0.0,complete
2025-02-05,2193681000,7.1881,97.877,1.0488523775336185,-0.0009452747252743817,0.018727563959955805,-0.7789450549450557,-0.05862825361513151,0.03904903721851356,0.19459780970049448,14.0,15.0,LOW_RISK,0.0,complete
2025-02-06,2193681000,7.1954,97.772,1.0499175578115774,-0.0032241758241758974,0.018540289210233776,-0.697342857142856,-0.05561312569521815,0.03794651817701849,0.1937102303269843,14.0,15.0,LOW_RISK,0.0,complete
2025-02-07,2193681000,7.2651,98.262,1.060087840739485,-0.0033430769230779183,0.01880420467185764,-0.5870043956043945,-0.049699221357059536,0.03764174748662339,0.1951224237277184,13.0,15.0,LOW_RISK,0.0,complete
2025-02-08,2193681000,7.2172,97.342,1.0530985071347967,-0.004007472527472725,0.01867853170189112,-0.4872241758241693,-0.048098331479421996,0.03776729790717565,0.19455505665226355,12.0,15.0,LOW_RISK,0.0,complete
2025-02-09,2193681000,7.233,97.257,1.0554039658185976,-0.0010470329670337081,0.018651568409343854,-0.34670769230769094,-0.04468987764182549,0.02818359354403725,0.19443515362587388,11.0,15.0,LOW_RISK,0.0,complete
2025-02-10,2193681000,7.2214,96.757,1.0537113505823894,9.802197802150195e-05,0.018091145717464174,-0.23562197802198892,-0.05175394883203573,0.026040197160014263,0.19167469595375763,10.0,15.0,LOW_RISK,0.0,complete
2025-02-11,2193681000,7.2054,96.608,1.0513767088772743,-0.0005982417582422178,0.017036818687430753,-0.136536263736269,-0.060114571746389706,0.026345890269005506,0.18612349901357797,9.0,15.0,LOW_RISK,0.0,complete
2025-02-12,2193681000,6.7836,91.228,0.9898297169261772,-0.013783516483516972,0.013318865406006884,-0.17607692307692546,-0.10338264738599064,0.12009693269088394,0.18970138812136383,9.0,25.0,LOW_RISK,0.0,complete
2025-02-13,2193681000,6.9912,92.251,1.0201216930500456,-0.01844835164835273,0.010656929922135704,-0.14555384615384842,-0.14012725250278887,0.13087288270903127,0.18293989720262124,8.0,25.0,LOW_RISK,0.0,complete
2025-02-14,2193681000,7.1254,94.417,1.0397035003516986,-0.01766945054945069,0.00874480533926559,-0.025094505494503046,-0.1633835372636264,0.13001003427039554,0.17401700012738178,7.0,25.0,LOW_RISK,0.0,complete
2025-02-15,2193681000,7.0349,93.214,1.0264981832071414,-0.018081318681318664,0.0061798442714125655,0.08672087912087631,-0.1933828698553927,0.13092945504279227,0.16538389600402784,6.0,25.0,LOW_RISK,0.0,complete
2025-02-16,2193681000,7.1154,93.621,1.0382443492860018,-0.016652527472526952,0.004088275862068777,0.21092527472527658,-0.21990255839822617,0.12945475874003204,0.15548228401872013,5.0,25.0,LOW_RISK,0.0,complete
2025-02-17,2193681000,7.0871,93.057,1.0341149517700794,-0.015200439560438818,0.001807452725250606,-0.4904857142857143,-0.24805695216908008,0.1273812439830984,0.14579362539869953,4.0,18.0,LOW_RISK,0.0,complete
2025-02-18,2193681000,7.0875,92.492,1.0341733178127073,-0.014885494505494364,-0.0003030700778643386,-0.4958967032967069,-0.27575372636262613,0.12709690276441835,0.1378036776530742,3.0,18.0,LOW_RISK,0.0,complete
2025-02-19,2193681000,7.1297,92.641,1.0403309353099484,-0.012674065934066787,-0.002644827586206888,-0.4779230769230762,-0.3043913236929951,0.12582032475271804,0.12346650665005272,2.0,10.0,NORMAL,0.0,complete
2025-02-20,2193681000,7.0474,91.625,1.0283221220392624,-0.012316703296703762,-0.005646340378197672,-0.4694241758241741,-0.3395256952169045,0.12529377456623794,0.10834764338731999,1.0,10.0,NORMAL,0.0,complete
2025-02-21,2193681000,7.0568,91.326,1.0296937240410176,-0.008742417582417695,-0.007394660734149149,-0.4262945054945122,-0.3463879866518383,0.11763171621353213,0.10633217611880502,1.0,0.0,NORMAL,0.0,complete
2025-02-22,2193681000,6.9966,90.439,1.020909634625522,-0.007551648351648822,-0.008369232480534254,-0.4083494505494622,-0.3485423804226949,0.11480640848215627,0.11060072794963054,1.0,0.0,NORMAL,0.0,complete
2025-02-23,2193681000,7.0166,90.308,1.023827936756916,-0.004298901098901387,-0.009083982202447423,-0.3666065934065956,-0.34688364849833325,0.10686802685946555,0.1134195856203793,1.0,0.0,NORMAL,0.0,complete
2025-02-24,2193681000,7.114,91.185,1.038040068136804,0.002305494505494172,-0.008850812013348645,-0.28574505494505437,-0.33417953281423707,0.09822166230040709,0.11283975006797035,1.0,0.0,NORMAL,0.0,complete
2025-02-25,2193681000,7.0652,90.206,1.030919410936203,0.007460219780219786,-0.008225406006674487,-0.2132747252747249,-0.3179348164627382,0.08854808714062651,0.10915426266285261,1.0,0.0,NORMAL,0.0,complete
2025-02-26,2193681000,7.1291,90.704,1.0402433862460065,0.0011514285714288785,-0.007464048943270314,-0.275797802197806,-0.3008275862069007,0.048903428608540606,0.10673269053989426,1.0,0.0,NORMAL,0.0,complete
2025-02-27,2193681000,7.0997,90.256,1.0359534821128575,-0.0006720879120881104,-0.007160133481646232,-0.31509230769230867,-0.2875666295884306,0.04355360471323588,0.10588412447620159,2.0,0.0,NORMAL,0.0,complete
2025-02-28,2193681000,7.0999,89.73,1.0359826651341715,0.0014573626373621065,-0.006903804226918603,-0.28923956043955673,-0.27343470522803404,0.0419662246454137,0.10525562294205168,3.0,8.0,NORMAL,0.0,complete
2025-03-01,2193681000,7.0504,89.014,1.0287598673589715,-0.0006989010989001349,-0.00676362625139052,-0.30290109890109596,-0.25897263626251366,0.040958622916415464,0.10465977111409625,4.0,8.0,NORMAL,0.0,complete
2025-03-02,2193681000,7.0809,89.049,1.0332102781093473,0.0006019780219777579,-0.006226384872080067,-0.2836835164835231,-0.24077041156841375,0.03956523685046365,0.10251473345189224,5.0,15.0,LOW_RISK,0.0,complete
2025-03-03,2193681000,7.0575,89.083,1.0297958646156165,0.0004529670329669087,-0.005583359288098083,-0.26199120879121196,-0.21724226918798747,0.039704342082700426,0.09904675106509868,6.0,15.0,LOW_RISK,0.0,complete
2025-03-04,2193681000,7.0522,88.328,1.029022514550797,0.00029582417582344844,-0.005191256952169274,-0.2630285714285757,-0.19983804226918908,0.039878598738708824,0.09728537526976617,7.0,15.0,LOW_RISK,0.0,complete
2025-03-05,2193681000,7.0654,87.876,1.0309485939575171,0.0020621978021979318,-0.00456286985539499,-0.25376483516483345,-0.35497330367074803,0.03614357587349908,0.09443360405444977,8.0,15.0,LOW_RISK,0.0417,partial_missing
2025-03-06,2193681000,7.0505,87.364,1.0287744588696286,0.0009723076923074877,-0.00433085650723028,-0.27167912087911483,-0.3530266963292609,0.03602653783770701,0.09361190389968628,9.0,15.0,LOW_RISK,0.0,complete
2025-03-07,2193681000,7.0038,86.897,1.0219602233928238,-0.001155604395604297,-0.0042827808676304535,-0.2940637362637342,-0.35044115684093946,0.03974744998386799,0.09336707196028353,10.0,15.0,LOW_RISK,0.0,complete
2025-03-08,2193681000,7.0633,86.812,1.0306421722337207,-0.003335164835164675,-0.003718487208008859,-0.3286505494505382,-0.34424271412680674,0.03487718562217113,0.09128127025217479,11.0,15.0,LOW_RISK,0.0,complete
2025-03-09,2193681000,7.1074,87.371,1.0370770284334443,-0.003888571428571275,-0.0023302113459403064,-0.3356417582417583,-0.32618197997776094,0.033027182444466625,0.08485945005930587,12.0,15.0,LOW_RISK,0.0,complete
2025-03-10,2193681000,7.0506,86.121,1.0287890503802857,-0.0032529670329668036,-0.0015685650723028328,-0.3365252747252789,-0.3176847608453875,0.03146508356125553,0.08090442843398568,13.0,15.0,LOW_RISK,0.0,complete
2025-03-11,2193681000,7.0069,85.686,1.02241256022319,-0.005196043956044488,-0.0009057619577309726,-0.35985274725274535,-0.3075875417130157,0.03568269811905,0.07596875007860669,14.0,15.0,LOW_RISK,0.0,complete
2025-03-12,2193681000,4.6865,57.539,0.6838311469388716,-0.07107340659340722,-0.015192680756396267,-1.151094505494507,-0.47738375973304153,0.6352585063500608,0.43918878444162357,15.0,85.0,HIGH_RISK,0.0833,partial_missing
2025-03-13,2193681000,7.0907,85.726,1.0346402461537303,-0.058491868131868026,-0.012951101223581798,-1.0059824175824188,-0.44890634037820504,0.635035656695532,0.4376738408775493,15.0,45.0,MEDIUM_RISK,0.0,complete
2025-03-14,2193681000,7.0682,85.288,1.031357156255912,-0.04650703296703205,-0.013712614015572918,-0.8708131868131894,-0.4555163515016781,0.634287385250497,0.43639275566329333,15.0,45.0,MEDIUM_RISK,0.0,complete
2025-03-15,2193681000,7.0435,84.85,1.0277530531236407,-0.036720439560439286,-0.01332838709677386,-0.7522373626373547,-0.45525406006674607,0.6341542938052604,0.4365116971086161,15.0,45.0,MEDIUM_RISK,0.0,complete
2025-03-16,2193681000,6.919,83.423,1.0095866223557137,-0.029455164835163947,-0.012845139043381653,-0.6549758241758236,-0.445967296996666,0.6318315031767517,0.435921008886365,15.0,45.0,MEDIUM_RISK,0.0833,partial_missing
2025-03-17,2193681000,6.31,59.047,0.92072432245477,-0.03964967032967092,-0.016823225806451566,-1.228320879120876,-0.5973499443826449,0.6467318072813885,0.4526878843570688,14.0,60.0,HIGH_RISK,0.0833,partial_missing
2025-03-18,2193681000,7.1345,84.446,1.0410313278214829,-0.023176043956043703,-0.014604249165739724,-0.9688439560439549,-0.5668589543937755,0.6493469636302495,0.45292968179969517,14.0,45.0,MEDIUM_RISK,0.0,complete
2025-03-19,2193681000,7.0821,83.809,1.033385376237231,-0.008126153846153596,-0.012927007786429112,-0.7254043956044003,-0.540284983314792,0.6498306026095665,0.4528818476374836,14.0,25.0,LOW_RISK,0.0,complete
2025-03-20,2193681000,7.1462,84.127,1.0427385345683484,0.008190549450548383,-0.010831234705228279,-0.4718813186813218,-0.5114411568409298,0.6528273763803479,0.4535830474847114,14.0,25.0,LOW_RISK,0.0,complete
2025-03-21,2193681000,7.1111,83.286,1.037616914327752,0.021544175824176073,-0.008696996662958688,-0.24355384615384532,-0.48327363737486234,0.6555651711511021,0.4533569021087645,14.0,25.0,LOW_RISK,0.0,complete
2025-03-22,2193681000,7.0951,82.921,1.035282272622637,0.035930549450549416,-0.00722529477196868,-0.012584615384618345,-0.4603054505005523,0.6564369050637467,0.4537567427826174,14.0,25.0,LOW_RISK,0.0,complete
2025-03-23,2193681000,7.0681,82.868,1.0313425647452552,0.05085956043956091,-0.005884182424916493,0.25240219780220174,-0.43586852057841785,0.655318727795872,0.45384301275869154,14.0,25.0,LOW_RISK,0.0,complete
2025-03-24,2193681000,7.1543,82.989,1.0439204469315628,0.06655164835164852,-0.004407141268075099,0.4994307692307755,-0.4130048943270332,0.6584153770920064,0.45516694601775204,14.0,25.0,LOW_RISK,0.0,complete
2025-03-25,2193681000,7.1188,82.297,1.0387404606483388,0.07933296703296626,-0.003091368186873975,0.7261142857142854,-0.39219443826473804,0.6611250885364341,0.4559295129656603,14.0,25.0,LOW_RISK,0.0,complete
2025-03-26,2193681000,7.1502,82.282,1.043322194994627,0.016022857142856842,-0.0009467630700780957,0.03934285714286193,-0.3618680756395972,0.21712574318041675,0.4563691854592972,13.0,15.0,LOW_RISK,0.0,complete
2025-03-27,2193681000,7.0531,80.827,1.0291538381467098,0.018368351648351395,0.00021873192436007067,0.13148131868131754,-0.3437192436040082,0.21661743205045114,0.45628934961788603,13.0,15.0,LOW_RISK,0.0,complete
2025-03-28,2193681000,7.0405,80.329,1.0273153078039317,0.019777362637362853,0.0017490100111236277,0.21648571428571817,-0.32117575083426236,0.21639209287111857,0.4555210865326246,13.0,15.0,LOW_RISK,0.0,complete
2025-03-29,2193681000,7.1202,81.59,1.0389447417975362,0.022770989010989277,0.0036301446051165373,0.3448769230769245,-0.28897018909900496,0.21771441319831272,0.4557397325026752,13.0,15.0,LOW_RISK,0.0,complete
2025-03-30,2193681000,7.3851,83.455,1.0775976535278482,0.02889164835164871,0.007212569521690699,0.4938395604395607,-0.24450411568409952,0.23352015761169084,0.4614948822146846,13.0,15.0,LOW_RISK,0.0,complete
2025-03-31,2193681000,7.4469,83.629,1.0866152071138553,0.014652307692307904,0.010725428253614862,-0.15597142857142865,-0.2010614015572885,0.11857444084615264,0.46922692821375916,14.0,15.0,LOW_RISK,0.0,complete
2025-04-01,2193681000,7.3607,82.38,1.0740373249275477,0.020134065934067205,0.013716084538375767,-0.11219120879120356,-0.16303937708565322,0.1309955430833126,0.4738114631102897,14.0,15.0,LOW_RISK,0.0,complete
2025-04-02,2193681000,7.1755,80.128,1.0470138471908403,0.017602637362637712,0.015226028921023005,-0.14467252747252496,-0.13634460511679866,0.12871963228763286,0.47478191344377696,14.0,15.0,LOW_RISK,0.0,complete
2025-04-03,2193681000,7.1755,79.867,1.0470138471908403,0.016773846153847163,0.016646918798664964,-0.15794725274724986,-0.11255617352614154,0.12848359731973363,0.4757342149035382,14.0,15.0,LOW_RISK,0.0,complete
2025-04-04,2193681000,7.162,79.515,1.0450439932521494,0.014273406593406828,0.01801688542825376,-0.19027912087913137,-0.09039132369299581,0.12723935651422294,0.47645229936974115,14.0,15.0,LOW_RISK,0.0,complete
2025-04-05,2193681000,7.2513,79.922,1.0580742122688231,0.013573186813186486,0.019817241379310423,-0.20643956043956335,-0.06541156840934371,0.12616028702399856,0.47840840592747713,14.0,15.0,LOW_RISK,0.0,complete
2025-04-06,2193681000,7.2419,79.448,1.056702610267068,0.011027692307692879,0.021145539488320535,-0.2247076923076933,-0.04339933259176794,0.12169798954518656,0.4801131669278318,14.0,15.0,LOW_RISK,0.0,complete
2025-04-07,2193681000,7.2109,78.748,1.0521792419634075,0.009674285714285493,0.022578242491657664,-0.2439538461538514,-0.023175083426026574,0.1209086168408741,0.48124965700540184,14.0,15.0,LOW_RISK,0.0,complete
2025-04-08,2193681000,7.1181,77.547,1.03863832007374,0.004250329670329658,0.02365070077864352,-0.30168571428570706,-0.00325606229143548,0.12094786293874825,0.48131125214021586,14.0,15.0,LOW_RISK,0.0,complete
2025-04-09,2193681000,7.1351,77.286,1.0411188768854247,0.00035032967032953876,0.024436351501668726,-0.3464901098901133,0.010729477196882805,0.12155496925033639,0.48166744071846573,14.0,15.0,LOW_RISK,0.0,complete
2025-04-10,2193681000,7.1605,77.421,1.044825120592295,-0.005958681318680737,0.02504689655172452,-0.413443956043957,0.026517018909902098,0.11437500207169732,0.48217014839162414,14.0,15.0,LOW_RISK,0.0,complete
2025-04-11,2193681000,7.1116,76.506,1.037689871881037,-0.01455230769230695,0.00927085650723017,-0.5079868131868253,-0.15403848720800606,0.10749011122418968,0.18659921218618952,14.0,25.0,LOW_RISK,0.0,complete
2025-04-12,2193681000,7.0626,75.957,1.0305400316591218,-0.02223098901098869,0.008680355951056961,-0.5598395604395673,-0.15218197997774607,0.11251601717479506,0.18682879014645212,14.0,35.0,MEDIUM_RISK,0.0,complete
2025-04-13,2193681000,7.1669,76.683,1.045758977274341,-0.017943516483516147,0.008620088987763926,-0.5047054945054971,-0.14431568409343523,0.10159250886331388,0.18674652256375757,14.0,25.0,LOW_RISK,0.0,complete
2025-04-14,2193681000,7.2218,76.812,1.0537697166250173,-0.009090989010988862,0.008699755283648582,-0.41038241758241734,-0.1348091212458253,0.07307036349969581,0.18694291537578056,14.0,15.0,LOW_RISK,0.0,complete
2025-04-15,2193681000,7.1997,76.367,1.050544992769827,-0.002722197802197381,0.00769888765294734,-0.339984615384623,-0.13443848720800738,0.05268623691666768,0.1830194305682271,14.0,15.0,LOW_RISK,0.0,complete
2025-04-16,2193681000,7.1596,75.476,1.0446937969963823,-0.002896923076923985,0.0021144160177976666,-0.3428549450549412,-0.30478709677420074,0.052752107921006985,0.09477613241667389,14.0,15.0,LOW_RISK,0.0,complete
2025-04-17,2193681000,7.0811,74.477,1.0332394611306612,-0.005244615384615647,0.0013316796440488708,-0.36242417582417463,-0.31372525027808745,0.057765389938309625,0.09590866614326435,14.0,15.0,LOW_RISK,0.0,complete
2025-04-18,2193681000,7.0785,74.169,1.03286008185358,-0.0076967032967041925,0.0001945494994439387,-0.3787054945054887,-0.32460800889877567,0.06203800146985177,0.09601886721925952,14.0,15.0,LOW_RISK,0.0,complete
2025-04-19,2193681000,7.1425,74.532,1.0421986486740404,-0.005009230769230937,-8.600667408251569e-05,-0.3476989010988926,-0.32666651835372623,0.05583655701152093,0.0960467915180948,14.0,15.0,LOW_RISK,0.0,complete
2025-04-20,2193681000,7.1734,74.451,1.046707425467044,-0.0012705494505502674,-0.00040763070077873097,-0.3109406593406609,-0.3307784204671838,0.049774209416892375,0.09550633877982796,14.0,15.0,LOW_RISK,0.0,complete
2025-04-21,2193681000,7.1646,74.056,1.0454233725292308,0.001495824175824056,-0.000924093437152186,-0.28658021978021575,-0.33602491657397254,0.04644635804693324,0.09453045851051255,14.0,15.0,LOW_RISK,0.0,complete
2025-04-22,2193681000,7.0448,72.589,1.0279427427621814,-0.0020164835164831283,-0.0024305895439382438,-0.3231032967032975,-0.3471570634037846,0.0529234783478874,0.09548489204683763,14.0,15.0,LOW_RISK,0.0,complete
2025-04-23,2193681000,6.9615,71.942,1.0157880143849258,-0.007026153846154514,-0.0038696551724138224,-0.3649230769230766,-0.35705539488320476,0.07053432840480053,0.10271740772904824,14.0,15.0,LOW_RISK,0.0,complete
2025-04-24,2193681000,7.129,72.723,1.0402287947353495,-0.005649670329670073,-0.004387119021134399,-0.35648791208790886,-0.36177219132369115,0.0697616901070579,0.1025845773288946,14.0,15.0,LOW_RISK,0.0,complete
2025-04-25,2193681000,7.0624,71.808,1.030510848637808,-0.0076496703296708955,-0.005122246941045502,-0.383709890109893,-0.3682358175750824,0.07150310067817468,0.10419728419917469,14.0,15.0,LOW_RISK,0.0,complete
2025-04-26,2193681000,7.0829,71.901,1.0335021083224867,-0.010463076923076232,-0.0063557063403782725,-0.40572307692308235,-0.3794736373748576,0.07049761004443905,0.10328195584079373,14.0,25.0,LOW_RISK,0.0,complete
2025-04-27,2193681000,6.9819,70.645,1.0187646825589476,-0.012812967032966714,-0.008340934371523872,-0.42185934065933245,-0.3982776418242491,0.07782504222807714,0.10615188776400952,14.0,25.0,LOW_RISK,0.0,complete
2025-04-28,2193681000,7.0563,70.82,1.0296207664877328,-0.010414065934065195,-0.009270433815350297,-0.4022021978021964,-0.40294727474971803,0.07116313559794622,0.10758762715685376,14.0,25.0,LOW_RISK,0.0,complete
2025-04-29,2193681000,7.0322,70.405,1.026104212419403,-0.00870483516483493,-0.008500088987764136,-0.3827340659340619,-0.39264026696329457,0.06594278947327242,0.10084897101122926,14.0,15.0,LOW_RISK,0.0,complete
2025-04-30,2193681000,7.0359,70.033,1.026644098313711,-0.0074756043956046795,-0.00712264738598379,-0.37706153846153584,-0.37772680756396315,0.06299453839922735,0.08512060686252439,14.0,15.0,LOW_RISK,0.0,complete
2025-05-01,2193681000,6.9853,69.51,1.0192607939212845,-0.009736263736263805,-0.00648327030033349,-0.3953406593406604,-0.3687519466073411,0.06715459612133527,0.07749453677444497,14.0,15.0,LOW_RISK,0.0,complete
2025-05-02,2193681000,6.9238,68.655,1.0102870148672483,-0.013418681318681154,-0.007350878754171326,-0.426369230769223,-0.3750978865406055,0.07703190754628682,0.08446114280353356,14.0,25.0,LOW_RISK,0.0,complete
2025-05-03,2193681000,6.977,69.251,1.0180496985367562,-0.012791208791208151,-0.007763270300333761,-0.4041648351648304,-0.37429388209121267,0.07532793653073162,0.0869288590758592,14.0,25.0,LOW_RISK,0.0,complete
2025-05-04,2193681000,6.9674,68.995,1.016648913513687,-0.010691868131867906,-0.008242380422691991,-0.3687318681318613,-0.37284560622914337,0.06777269053547678,0.08965678907693993,14.0,25.0,LOW_RISK,0.0,complete
2025-05-05,2193681000,6.9806,69.018,1.0185749929204069,-0.007600000000000041,-0.007933882091212822,-0.3216813186813165,-0.3637612903225769,0.056310551779912225,0.08721736592870077,14.0,15.0,LOW_RISK,0.0,complete
2025-05-06,2193681000,6.9292,68.501,1.0110749564427246,-0.00911736263736215,-0.00790137931034518,-0.3156197802197836,-0.3564298109010015,0.06007824934163777,0.08691580342525808,14.0,15.0,LOW_RISK,0.0,complete
2025-05-07,2193681000,6.8982,67.705,1.006551588139064,-0.013758461538461607,-0.008143537263626379,-0.3356615384615414,-0.3541906562847599,0.06590788985436351,0.089138046368234,14.0,25.0,LOW_RISK,0.0,complete
2025-05-08,2193681000,6.7554,66.547,0.9857149109209118,-0.016679340659340118,-0.009807853170189368,-0.3444175824175828,-0.3627917686318112,0.08409489309081784,0.10518762333777136,14.0,25.0,LOW_RISK,0.0,complete
2025-05-09,2193681000,6.7453,66.38,0.984241168344558,-0.020442197802196967,-0.01125870967741974,-0.3609626373626411,-0.369375973303668,0.10027440373273794,0.11826416510138216,14.0,35.0,MEDIUM_RISK,0.0,complete
2025-05-10,2193681000,6.6739,65.549,0.9738228297354817,-0.024175384615384297,-0.01282160177975584,-0.37432527472527777,-0.3755379310344796,0.11778004737832168,0.13384946687084598,14.0,35.0,MEDIUM_RISK,0.0,complete
2025-05-11,2193681000,6.6965,65.764,0.9771205111439569,-0.02879472527472519,-0.014359421579532938,-0.3950307692307723,-0.3813408231368191,0.1310268641190777,0.1456496353440767,14.0,35.0,MEDIUM_RISK,0.0,complete
2025-05-12,2193681000,5.8912,59.274,0.8596150758233823,-0.05271538461538441,-0.021245962180200736,-0.5739406593406605,-0.42802135706340505,0.29469126151853353,0.2507843034373863,15.0,65.0,HIGH_RISK,0.0,complete
2025-05-13,2193681000,6.7691,67.963,0.9877139478809166,-0.04722637362637396,-0.02122812013348203,-0.4675230769230774,-0.4062140155728602,0.2885005071700269,0.25071118062813696,15.0,50.0,MEDIUM_RISK,0.0,complete
2025-05-14,2193681000,6.4419,65.309,0.9399705250113127,-0.04980747252747202,-0.02276562847608502,-0.4384637362637356,-0.3967597330367078,0.2950685928822221,0.2627764455451317,15.0,50.0,MEDIUM_RISK,0.0,complete
2025-05-15,2193681000,6.3993,64.86,0.9337545414714438,-0.05266285714285662,-0.024383381535039054,-0.41870989010988563,-0.38815305895439683,0.3020738534978374,0.27521176634245403,15.0,50.0,MEDIUM_RISK,0.0,complete
2025-05-16,2193681000,6.4093,64.868,0.9352136925371407,-0.05468417582417556,-0.025857041156840826,-0.4064747252747262,-0.3805196885428259,0.306347081136542,0.28540187725421506,15.0,50.0,MEDIUM_RISK,0.0,complete
2025-05-17,2193681000,6.366,64.504,0.9288955684226728,-0.053927252747252595,-0.02781759733036714,-0.3683450549450561,-0.37740444938820733,0.3044541576672571,0.2978218691745467,15.0,50.0,MEDIUM_RISK,0.0,complete
2025-05-18,2193681000,6.3902,64.721,0.9324267140016596,-0.050109670329670286,-0.029321779755283765,-0.3115890109890133,-0.37057597330366326,0.29526862801914394,0.3066709382511102,15.0,50.0,MEDIUM_RISK,0.0,complete
2025-05-19,2193681000,6.5174,65.803,0.9509871155573246,-0.03968549450549474,-0.02925768631813151,-0.2043736263736242,-0.35005962180199907,0.2740663552643994,0.30633325458080635,15.0,50.0,MEDIUM_RISK,0.0,complete
2025-05-20,2193681000,6.51,65.861,0.9499073437687089,-0.02913120879120941,-0.028750100111234713,-0.09841318681318564,-0.3258438264738567,0.253083930069336,0.3034802749749162,15.0,50.0,MEDIUM_RISK,0.0,complete
2025-05-21,2193681000,6.5294,65.85,0.952738096836161,-0.017201978021977503,-0.0278828698553947,-0.007404395604390633,-0.30060111234705095,0.23033177134322955,0.2987543191819748,15.0,40.0,MEDIUM_RISK,0.0,complete
2025-05-22,2193681000,6.5249,65.749,0.9520814788565973,-0.008487912087911978,-0.027588253615128015,0.05069670329670246,-0.2824760845383718,0.2191603166533675,0.2974268982726549,15.0,30.0,LOW_RISK,0.0,complete
2025-05-23,2193681000,6.4825,65.168,0.9458946783380423,-0.00030505494505461337,-0.027910344827586146,0.09020000000000351,-0.2695181312569558,0.206531129016299,0.2987639233325499,15.0,30.0,LOW_RISK,0.0,complete
2025-05-24,2193681000,6.4533,64.871,0.9416339572262071,0.005844835164835033,-0.027052525027808645,0.09914945054944517,-0.2500760845383795,0.19815005136800434,0.29370926591624213,15.0,30.0,LOW_RISK,0.0,complete
2025-05-25,2193681000,6.4271,64.41,0.9378109814340813,0.01296087912087901,-0.02652240266963316,0.10499560439560669,-0.23642491657397557,0.18566310148423978,0.29073195230650933,15.0,30.0,LOW_RISK,0.0,complete
2025-05-26,2193681000,6.474,64.801,0.9446543999321999,-0.003947252747252784,-0.025265650723025612,-0.0859912087912081,-0.21631813125695562,0.09917479075288775,0.28385092463085887,14.0,30.0,LOW_RISK,0.0,complete
2025-05-27,2193681000,6.4458,64.54,0.9405395939269345,0.004718901098900829,-0.024616462736373523,-0.022279120879121685,-0.20339822024471635,0.05320921231070082,0.28066562680343665,14.0,30.0,LOW_RISK,0.0,complete
2025-05-28,2193681000,6.481,64.829,0.9456758056781878,0.005025054945055138,-0.022988542825361332,-0.02275824175823737,-0.18469054505005575,0.05348968884922376,0.271908793637631,14.0,30.0,LOW_RISK,0.0,complete
2025-05-29,2193681000,6.434,64.231,0.9388177956694121,0.0024120879120875923,-0.02157408231368197,-0.0530153846153867,-0.1700373748609569,0.051327107098266135,0.26374745298111146,14.0,30.0,LOW_RISK,0.0,complete
2025-05-30,2193681000,6.4185,64.006,0.9365561115175819,-0.00046659340659343124,-0.019967942157953254,-0.08667252747252166,-0.1566542825361501,0.05067802534380374,0.253848956017678,14.0,30.0,LOW_RISK,0.0,complete
2025-05-31,2193681000,6.4441,64.105,0.9402915382457661,-0.004081758241759067,-0.018270901001112172,-0.12571208791208677,-0.14355773081201514,0.0431555479478742,0.2443236091508687,14.0,30.0,LOW_RISK,0.0,complete
2025-06-01,2193681000,6.4854,64.493,0.9463178321470944,-0.006062417582417231,-0.01649074527252461,-0.14475824175823956,-0.13144961067853328,0.03729617132634842,0.23592764693059526,14.0,30.0,LOW_RISK,0.0,complete
2025-06-02,2193681000,6.4664,64.158,0.9435454451222702,-0.004810989010989111,-0.014271212458286971,-0.13670329670329487,-0.11554060066740927,0.03509198274174885,0.22317371052381205,14.0,15.0,LOW_RISK,0.0,complete
2025-06-03,2193681000,6.4481,64.026,0.9408751986720448,-0.004102197802197423,-0.012008765294771845,-0.12327692307692842,-0.09998264738598381,0.033492712837075056,0.20913212619513372,14.0,15.0,LOW_RISK,0.0,complete
2025-06-04,2193681000,6.4511,63.876,0.9413129439917539,-0.0023960439560440226,-0.00940487208008901,-0.1064329670329629,-0.08302291434927794,0.028067457986112283,0.19134431098109086,14.0,15.0,LOW_RISK,0.0,complete
2025-06-05,2193681000,6.4651,64.003,0.9433557554837295,-9.406593406545159e-05,-0.006829543937708403,-0.08061318681318587,-0.06652146829810673,0.021062679874994064,0.17446316160903869,14.0,15.0,LOW_RISK,0.0,complete
2025-06-06,2193681000,6.4808,64.221,0.9456466226568738,0.00152153846153924,-0.0041602224694101955,-0.06004395604395769,-0.052101890989988464,0.020899046983897714,0.15710132099212962,14.0,15.0,LOW_RISK,0.0,complete
2025-06-07,2193681000,6.4551,64.025,0.9418966044180327,0.0014476923076922053,-0.0024558175750833276,-0.050703296703298345,-0.04538286985539578,0.02089109516379781,0.14844647400217711,14.0,15.0,LOW_RISK,0.0,complete
2025-06-08,2193681000,6.4386,63.565,0.9394890051596327,3.076923076921706e-05,-0.0007939043381534296,-0.06598461538460855,-0.041661179087875484,0.019892242676011113,0.13929415002032913,14.0,15.0,LOW_RISK,0.0,complete
2025-06-09,2193681000,6.4744,63.768,0.9447127659748278,0.0011323076923078733,0.0007430255839820955,-0.05886153846153908,-0.041108342602893554,0.019919911072664356,0.13348659001054974,14.0,15.0,LOW_RISK,0.0,complete
2025-06-10,2193681000,6.445,63.666,0.9404228618416788,0.0004624175824174417,0.0023349054505007252,-0.05871648351647971,-0.03893837597330257,0.019953511905492625,0.12549961945264837,14.0,15.0,LOW_RISK,0.0,complete
2025-06-11,2193681000,6.3411,62.803,0.9252622822690876,-0.0020120879120877704,-0.0021854282536152487,-0.0698593406593385,-0.08616129032258306,0.035547164923041726,0.07240658897115444,14.0,15.0,LOW_RISK,0.0,complete
2025-06-12,2193681000,6.0699,60.756,0.8856901053673865,-0.013169670329670492,-0.0026011345939933725,-0.15029670329669179,-0.08823670745272849,0.10686341904351704,0.0821247047966203,14.0,40.0,MEDIUM_RISK,0.0,complete
2025-06-13,2193681000,6.1212,60.372,0.8931755503344118,-0.02177208791208799,-0.004631323692992319,-0.2338483516483473,-0.10788631813125675,0.13346736379280946,0.10054048421167602,14.0,50.0,MEDIUM_RISK,0.0,complete
2025-06-14,2193681000,6.0535,59.763,0.8832970976196435,-0.030158021978022132,-0.007249388209121367,-0.31556263736263596,-0.13236484983314897,0.16125260250050766,0.12159732850211663,14.0,50.0,MEDIUM_RISK,0.0,complete
2025-06-15,2193681000,6.0429,59.407,0.8817503974900048,-0.03576835164835164,-0.009713014460511593,-0.37557142857142617,-0.15681713014460194,0.17946818384044796,0.13946224949599761,14.0,50.0,MEDIUM_RISK,0.0,complete
2025-06-16,2193681000,6.0451,59.328,0.882071410724458,-0.03999714285714296,-0.01229804226918801,-0.4265252747252725,-0.18185962180200235,0.1914753335331946,0.15406379216893387,14.0,50.0,MEDIUM_RISK,0.0,complete
2025-06-17,2193681000,5.9994,58.824,0.875403090354223,-0.044283076923076786,-0.014868231368186872,-0.4750000000000046,-0.2063541713014451,0.20364319259457117,0.17007412072455688,14.0,50.0,MEDIUM_RISK,0.0,complete
2025-06-18,2193681000,5.9671,58.564,0.870690032412022,-0.047420659340659164,-0.016595684093436827,-0.5129824175824136,-0.2224402669632913,0.21276048649921875,0.18394762547948681,14.0,65.0,HIGH_RISK,0.0,complete
2025-06-19,2193681000,5.97,58.43,0.871113186221074,-0.047886373626373414,-0.01811061179087865,-0.5272571428571424,-0.235769966629589,0.21411086491004386,0.19509837824903534,14.0,65.0,HIGH_RISK,0.0,complete
2025-06-20,2193681000,5.958,58.324,0.8693622049422377,-0.04600109890109948,-0.0193288987764183,-0.5128769230769159,-0.24655305895439328,0.20827723929078973,0.2041079240100187,14.0,65.0,HIGH_RISK,0.0,complete
2025-06-21,2193681000,5.9424,58.393,0.8670859292797505,-0.0431107692307691,-0.020424627363737045,-0.47706593406593006,-0.25423893214683235,0.19918516097251748,0.2120323822861322,14.0,65.0,HIGH_RISK,0.0,complete
2025-06-22,2193681000,5.9354,58.269,0.8660645235337626,-0.03871076923076963,-0.021598754171301044,-0.43520659340658935,-0.26345873192436325,0.18476885114014086,0.21971940245707364,14.0,65.0,HIGH_RISK,0.0,complete
2025-06-23,2193681000,5.9768,58.319,0.872105408945748,-0.02973582417582387,-0.022463737486095127,-0.3619472527472515,-0.27133459399332743,0.15157406342542812,0.22451310129962132,14.0,65.0,HIGH_RISK,0.0,complete
2025-06-24,2193681000,5.9624,58.236,0.8700042314111444,-0.019954285714285425,-0.023390300333704338,-0.27047032967032636,-0.28001001112347124,0.10570369222240715,0.22941395712584617,14.0,55.0,MEDIUM_RISK,0.0,complete
2025-06-25,2193681000,5.9768,58.307,0.872105408945748,-0.011065274725274214,-0.02369374860956607,-0.18154725274724906,-0.28278375973303593,0.05547615515883825,0.2311066461291392,14.0,55.0,MEDIUM_RISK,0.0,complete
2025-06-26,2193681000,5.9851,58.677,0.8733165043302764,-0.00927846153846166,-0.023916907675194495,-0.12977362637362572,-0.2820809788654051,0.05194997012129146,0.23225301653510746,14.0,45.0,MEDIUM_RISK,0.0,complete
2025-06-27,2193681000,6.1632,60.118,0.8993039848103389,-0.00033912087912034867,-0.02254329254727445,-0.04034945054945252,-0.26747964404894414,0.0603111114541413,0.22734562550615167,14.0,45.0,MEDIUM_RISK,0.0,complete
2025-06-28,2193681000,6.0962,59.708,0.8895276726701694,0.004269450549450377,-0.021784671857619797,0.018400000000002085,-0.2575515016685211,0.0642603700956808,0.22441482292203474,14.0,45.0,MEDIUM_RISK,0.0,complete
2025-06-29,2193681000,6.1457,60.136,0.8967504704453693,0.009755164835164585,-0.0206632925472748,0.07788351648351455,-0.24440133481646287,0.0744259614399603,0.22086526659596695,14.0,45.0,MEDIUM_RISK,0.0,complete
2025-06-30,2193681000,6.1555,60.274,0.8981804384897523,0.015141538461538227,-0.019180756395995507,0.13550109890109774,-0.2279561735261394,0.08382042028731194,0.215802818177463,14.0,45.0,MEDIUM_RISK,0.0,complete
2025-07-01,2193681000,6.1576,60.27,0.8984868602135487,0.018596043956043373,-0.01727143492769755,0.1722307692307716,-0.2071563959955526,0.09160851368851364,0.20817580515174322,14.0,45.0,MEDIUM_RISK,0.0,complete
2025-07-02,2193681000,6.1568,60.301,0.8983701281282929,0.020267472527471794,-0.015352458286985827,0.19491868131868326,-0.18658798665183116,0.09583733500165073,0.2006678121077065,14.0,45.0,MEDIUM_RISK,0.0,complete
2025-07-03,2193681000,6.3066,61.648,0.9202282110924331,0.02548065934065955,-0.012455483870967548,0.2440395604395569,-0.15652347052280097,0.11649760290888146,0.1953193311053725,14.0,15.0,LOW_RISK,0.0,complete
2025-07-04,2193681000,6.5545,64.19,0.9564005660110603,0.035901538461537714,-0.007875506117908698,0.34814945054945046,-0.11003537263626265,0.17062188450643292,0.201485527731049,14.0,15.0,LOW_RISK,0.0,complete
2025-07-05,2193681000,6.389,62.671,0.9322516158737759,0.03845758241758241,-0.0043127252502780595,0.3853494505494562,-0.07261112347052183,0.17878940278844754,0.1979787661028022,14.0,15.0,LOW_RISK,0.0,complete
2025-07-06,2193681000,6.4059,62.642,0.9347175811748037,0.0393026373626379,-0.0004987764182427765,0.3988285714285669,-0.03327786429365803,0.18154791772028323,0.19421549164627458,14.0,15.0,LOW_RISK,0.0,complete
2025-07-07,2193681000,6.2847,60.629,0.9170326702585568,0.035981538461538766,0.002389321468298195,0.3372197802197751,-0.007580867630704439,0.17436522173142766,0.18755526069959705,14.0,30.0,LOW_RISK,0.0,complete
2025-07-08,2193681000,5.8543,57.37,0.8542308083909604,0.018535164835165045,0.0024626696329253673,0.16960659340658887,-0.00457107897664009,0.1873982737966851,0.1869640239842138,14.0,30.0,LOW_RISK,0.0,complete
2025-07-09,2193681000,5.8321,56.982,0.8509914930251131,0.0014043956043961617,0.002899666295884454,-0.0029450549450701136,9.187986651932062e-05,0.20326133127382617,0.18304466938020245,14.0,30.0,LOW_RISK,0.0,complete
2025-07-10,2193681000,5.8371,57.333,0.8517210685579617,-0.014673846153846528,0.0034519466073416718,-0.14744615384616128,0.009335261401558045,0.21740312380864607,0.17824348454182287,14.0,40.0,MEDIUM_RISK,0.0,complete
2025-07-11,2193681000,5.842,57.342,0.8524360525801531,-0.024090109890110133,0.003589766407119142,-0.23827692307692658,0.01550278086762932,0.23414819670878786,0.17724374787540856,14.0,50.0,MEDIUM_RISK,0.0,complete
2025-07-12,2193681000,5.8495,57.558,0.8535304158794259,-0.03408901098901141,0.002127697441601659,-0.3242505494505487,0.01137641824249069,0.24696599011751483,0.1818797757519732,14.0,50.0,MEDIUM_RISK,0.0,complete
2025-07-13,2193681000,5.9246,58.223,0.8644886403828099,-0.039225934065933936,0.001602002224694096,-0.367663736263738,0.010315016685207373,0.25264923214902835,0.18334185693874974,14.0,50.0,MEDIUM_RISK,0.0,complete
2025-07-14,2193681000,5.8122,57.336,0.8480877824043763,-0.046279340659340924,-2.8275862068925806e-05,-0.4234615384615357,0.0002872080088969117,0.264358129654234,0.18880341990498462,14.0,60.0,HIGH_RISK,0.0,complete
2025-07-15,2193681000,5.9214,58.064,0.8640217120417869,-0.04863450549450595,-0.0009197775305895923,-0.4456769230769184,-0.006419132369301777,0.26697555234412307,0.19027971920368109,14.0,50.0,MEDIUM_RISK,0.0,complete
2025-07-16,2193681000,5.7511,55.787,0.839172369392968,-0.054843516483516416,-0.0028407563959959893,-0.5222307692307671,-0.027763070077868438,0.2785200799674127,0.19779873214149635,14.0,60.0,HIGH_RISK,0.0,complete
2025-07-17,2193681000,5.7471,56.874,0.8385887089666891,-0.05444505494505503,-0.004971902113459476,-0.5034791208791181,-0.04399443826473964,0.27751772352073456,0.20470074117301926,14.0,60.0,HIGH_RISK,0.0,complete
2025-07-18,2193681000,5.8505,57.638,0.8536763309859956,-0.0404604395604393,-0.006546451612903366,-0.3581120879120923,-0.056222246941044364,0.22891737328391598,0.20700472105783405,14.0,50.0,MEDIUM_RISK,0.0,complete
2025-07-19,2193681000,5.8661,57.975,0.8559526066484828,-0.02839164835164822,-0.007948476084538476,-0.22439340659340637,-0.06678798665183613,0.1913798225610928,0.20881471366663787,14.0,50.0,MEDIUM_RISK,0.0,complete
2025-07-20,2193681000,5.898,58.334,0.8606072985480561,-0.012555824175824012,-0.009181223581757858,-0.060731868131867144,-0.07556618464960964,0.12852508990956807,0.2097277672789607,14.0,40.0,MEDIUM_RISK,0.0,complete
2025-07-21,2193681000,5.9686,59.225,0.8709089050718766,0.0035340659340666034,-0.010039377085650706,0.0809604395604431,-0.07812458286985435,0.061673844350112236,0.20945064093601515,14.0,30.0,LOW_RISK,0.0,complete
2025-07-22,2193681000,6.5209,64.877,0.9514978184303186,0.022604395604395856,-0.0073942380422690615,0.28287032967032366,-0.045443826473860534,0.18863819197746348,0.22775279805743404,14.0,15.0,LOW_RISK,0.0,complete
2025-07-23,2193681000,6.9464,68.301,1.0135846962757233,0.05016989010989051,-0.0019789321468300027,0.5368197802197782,0.00673192436040597,0.33522372199951433,0.2810691257267212,14.0,15.0,LOW_RISK,0.0,complete
2025-07-24,2193681000,6.8696,67.577,1.0023784160911708,0.07080791208791169,0.0024101668520580474,0.7319010989010977,0.0492229143492767,0.40699734399867643,0.31555100738924863,14.0,25.0,LOW_RISK,0.0,complete
2025-07-25,2193681000,6.7179,66.744,0.9802430944245484,0.0827347252747254,0.005516218020022201,0.8584505494505565,0.0826731924360399,0.4379081835245844,0.33386458325798024,14.0,25.0,LOW_RISK,0.0,complete
2025-07-26,2193681000,6.7395,67.038,0.9833948607264537,0.09167582417582394,0.008489121245828278,0.9591934065934029,0.11681802002224805,0.4600625199391339,0.3507893156212497,14.0,25.0,LOW_RISK,0.0,complete
2025-07-27,2193681000,6.6666,66.702,0.972757649457523,0.09709780219780233,0.011884315906563107,1.0305890109890086,0.15501290322580638,0.4708665325583409,0.36315796252750415,14.0,25.0,LOW_RISK,0.0,complete
2025-07-28,2193681000,6.5423,65.503,0.95462040171091,0.09200131868131863,0.013791523915461706,1.0012153846153844,0.17971523915461693,0.460882777878555,0.36916058040700717,14.0,25.0,LOW_RISK,0.0,complete
2025-07-29,2193681000,6.7529,67.502,0.9853501231544877,0.09331274725274732,0.01720033370411609,1.0170571428571398,0.21768765294772266,0.4638308604307292,0.3833714285068775,14.0,25.0,LOW_RISK,0.0,complete
2025-07-30,2193681000,6.7811,67.753,0.989464929159753,0.08616065934065988,0.02058849833147918,0.9235186813186788,0.2549537263626269,0.4435340355759455,0.3973979161767343,14.0,25.0,LOW_RISK,0.0,complete
2025-07-31,2193681000,6.807,68.106,0.9932441304199081,0.07508923076923135,0.023879888765294836,0.8233032967032892,0.2911419354838709,0.4091282474446627,0.4110577656220138,14.0,25.0,LOW_RISK,0.0,complete
2025-08-01,2193681000,6.8541,68.787,1.0001167319393407,0.06411340659340645,0.027180689655172566,0.7183604395604405,0.3284509454949935,0.3739620034174573,0.4252767770023102,14.0,15.0,LOW_RISK,0.0,complete
2025-08-02,2193681000,6.8433,68.798,0.998540848788388,0.048931868131868686,0.031134660734148986,0.5758351648351614,0.3713448275862093,0.32056057389900583,0.43797774048565635,14.0,15.0,LOW_RISK,0.0,complete
2025-08-03,2193681000,6.8875,69.273,1.0049902964987685,0.03176945054945112,0.03684464961067888,0.4111428571428542,0.4316529477196913,0.2455678135341733,0.44905293343100416,14.0,15.0,LOW_RISK,0.0,complete
2025-08-04,2193681000,6.9749,69.971,1.0177432768129597,0.015082197802197186,0.041828965517241586,0.2476835164835083,0.48372680756396036,0.13536098014218656,0.4655500068945779,14.0,15.0,LOW_RISK,0.0,complete
2025-08-05,2193681000,6.8726,69.389,1.00281616141088,0.009256483516482587,0.046009143492770056,0.20669010989011133,0.5285977753058948,0.11489271369124818,0.47625245658400556,14.0,15.0,LOW_RISK,0.0,complete
2025-08-06,2193681000,6.9151,69.785,1.009017553440092,0.017126593406592606,0.04941999999999987,0.2700571428571376,0.5591388209121272,0.11218065591017923,0.48777637236420424,14.0,15.0,LOW_RISK,0.0,complete
2025-08-07,2193681000,6.948,70.407,1.013818160446235,0.023542417582417385,0.0497943492769745,0.3208043956043918,0.5671430478309214,0.1176520339768912,0.48993995151646397,14.0,15.0,LOW_RISK,0.0,complete
2025-08-08,2193681000,6.949,70.517,1.0139640755528045,0.024641098901099116,0.04953541713014457,0.3347934065934097,0.5673804226918816,0.12031942582462592,0.4884126833926935,14.0,15.0,LOW_RISK,0.0,complete
2025-08-09,2193681000,6.956,70.855,1.0149854812987926,0.02563604395604435,0.04885917686318155,0.35154725274725274,0.566196885428253,0.12253684442548957,0.48439407055228045,14.0,15.0,LOW_RISK,0.0,complete
2025-08-10,2193681000,7.001,71.352,1.0215516610944289,0.02456175824175817,0.04800921023359278,0.35464615384615233,0.5622654060066723,0.11881572027561717,0.479111546246933,14.0,15.0,LOW_RISK,0.0,complete
2025-08-11,2193681000,7.0578,71.808,1.0298396391475875,0.01954263736263739,0.0470617352614013,0.31080659340659167,0.5565319243603976,0.08745732303041595,0.4728984013871089,14.0,15.0,LOW_RISK,0.0,complete
2025-08-12,2193681000,6.8736,68.724,1.0029620765174496,0.013937582417582996,0.04490618464961037,0.21703956043955835,0.5291474972191327,0.0771845711394199,0.46158842503515735,14.0,15.0,LOW_RISK,0.0,complete
2025-08-13,2193681000,6.2017,63.492,0.9049217164132721,-0.010465494505494421,0.037218375973304005,-0.023309890109894166,0.45721868743047617,0.20323709047576247,0.4445141165543477,14.0,40.0,MEDIUM_RISK,0.0,complete
2025-08-14,2193681000,6.2492,64.031,0.9118526839753327,-0.030110769230769753,0.030416818687430576,-0.21789230769230114,0.39104894327030343,0.2621080894391643,0.43136232528833707,14.0,50.0,MEDIUM_RISK,0.0,complete
2025-08-15,2193681000,6.2685,64.302,0.9146688455321278,-0.04519999999999985,0.022419443826473987,-0.3643692307692318,0.30826918798665426,0.30131592124480067,0.40582583286514645,14.0,50.0,MEDIUM_RISK,0.0,complete
2025-08-16,2193681000,6.3104,64.949,0.9207826884973979,-0.0568740659340668,0.014434593993326384,-0.47228351648352046,0.2333715239154644,0.32610436785830155,0.3761058797029454,14.0,35.0,MEDIUM_RISK,0.0,complete
2025-08-17,2193681000,6.3466,65.36,0.9260648153552208,-0.0637142857142858,0.007145761957731026,-0.5358769230769265,0.16280155728587348,0.339990802719816,0.35038981143010267,14.0,35.0,MEDIUM_RISK,0.0,complete
2025-08-18,2193681000,6.3681,65.693,0.9292019901464693,-0.06468131868131818,-0.00011750834260238967,-0.5497450549450487,0.0932682981090116,0.3421413961289309,0.3223887682365149,14.0,35.0,MEDIUM_RISK,0.0,complete
2025-08-19,2193681000,6.2713,65.131,0.9150774078305229,-0.06911934065934057,-0.008008654060066771,-0.5800527472527452,0.019151056729699804,0.35175586915290513,0.29785018653794626,14.0,50.0,MEDIUM_RISK,0.0,complete
2025-08-20,2193681000,6.3869,66.115,0.9319451941499796,-0.06621032967032936,-0.01483319243604,-0.5504747252747215,-0.04549721913236964,0.3462525703478992,0.2719658573060772,14.0,35.0,MEDIUM_RISK,0.0,complete
2025-08-21,2193681000,6.3944,66.539,0.9330395574492523,-0.05968065934065945,-0.017986496106785044,-0.4721450549450479,-0.07149632925472596,0.3329471110195481,0.27572880564853486,14.0,50.0,MEDIUM_RISK,0.0,complete
2025-08-22,2193681000,6.4521,67.11,0.9414588590983236,-0.04903604395604392,-0.0177767741935482,-0.35687252747252607,-0.0709372636262489,0.3124588057244106,0.2747558351801051,14.0,50.0,MEDIUM_RISK,0.0,complete
2025-08-23,2193681000,6.4064,69.054,0.9347905387280885,-0.037282197802198436,-0.01817161290322545,-0.15993846153846453,-0.062299443826472685,0.2854482801828389,0.2764700652250026,15.0,50.0,MEDIUM_RISK,0.0,complete
2025-08-24,2193681000,6.4571,67.731,0.942188434631172,-0.02018043956043954,-0.019079466073414972,0.023496703296707718,-0.0685991101223588,0.24130189574495645,0.27867364218844726,15.0,50.0,MEDIUM_RISK,0.0,complete
2025-08-25,2193681000,6.4236,67.853,0.9373002785610873,0.00022747252747260972,-0.019938442714126543,0.24136703296702866,-0.07252324805339273,0.1608411025662451,0.28117783976464567,15.0,30.0,LOW_RISK,0.0,complete
2025-08-26,2193681000,6.5227,69.073,0.9517604656221441,0.020181978021977687,-0.020520266963292517,0.4098087912087895,-0.07125628476084649,0.09145911835170158,0.28194601292959737,15.0,30.0,LOW_RISK,0.0,complete
2025-08-27,2193681000,6.7394,73.322,0.9833802692157967,0.025719780219780653,-0.020497241379310235,0.5256329670329635,-0.05190033370411748,0.12573369052909414,0.2819875924758834,15.0,30.0,LOW_RISK,0.0,complete
2025-08-28,2193681000,7.3585,78.453,1.0737163116930943,0.04814857142857072,-0.015115305895439154,0.7626175824175842,0.010866073414904,0.27930199812003864,0.31041378777959927,15.0,30.0,LOW_RISK,0.0,complete
2025-08-29,2193681000,7.253,77.841,1.0583222679499917,0.06332329670329664,-0.010488987764182226,0.927657142857144,0.06654260289210075,0.3396445181896266,0.3280798335701269,15.0,15.0,LOW_RISK,0.0,complete
2025-08-30,2193681000,6.6225,73.115,0.9663227932577995,0.05753758241758185,-0.009961757508342339,0.919485714285716,0.08967474972191247,0.33293256849523595,0.32731299233917205,15.0,15.0,LOW_RISK,0.0,complete
2025-08-31,2193681000,7.3021,78.843,1.0654866996825636,0.07099054945054954,-0.004643092324805225,1.0526263736263752,0.15222958843159004,0.37812679112281217,0.3456077718534655,15.0,15.0,LOW_RISK,0.0,complete
2025-09-01,2193681000,7.3019,79.118,1.0654575166612497,0.08094659340659321,0.0004004671857617195,1.1453362637362616,0.21216017797552525,0.4077036359663956,0.3624846341412356,15.0,25.0,LOW_RISK,0.0,complete
2025-09-02,2193681000,7.4177,80.552,1.0823544860020202,0.08691538461538488,0.006291902113459317,1.201479120879124,0.28002647385984475,0.4281691375900587,0.3841014324996399,15.0,25.0,LOW_RISK,0.0,complete
2025-09-03,2193681000,7.207,78.936,1.0516101730477856,0.08563604395604446,0.011190834260289445,1.176105494505497,0.33726229143493164,0.4250950978284756,0.3916741352577223,15.0,25.0,LOW_RISK,0.0,complete
2025-09-04,2193681000,7.1582,78.657,1.0444895158471845,0.07960483516483519,0.014966140155728433,1.1003824175824202,0.38469543937708517,0.41132620754212573,0.39872229635323236,15.0,25.0,LOW_RISK,0.0,complete
2025-09-05,2193681000,7.3365,80.859,1.070506179348561,0.07721274725274778,0.02005779755283666,1.0531318681318653,0.44494238042269174,0.4048460727700854,0.41238961652312656,15.0,25.0,LOW_RISK,0.0,complete
2025-09-06,2193681000,7.3707,81.515,1.0754964759932446,0.0704037362637373,0.025409499443826835,1.0282769230769249,0.5087839822024472,0.38403843478954397,0.4263250463682833,14.0,15.0,LOW_RISK,0.0,complete
2025-09-07,2193681000,7.3785,81.7,1.0766346138244882,0.06125032967033025,0.030630344827586264,0.9103186813186784,0.5696353726362648,0.3555286870390215,0.4397027815899398,14.0,15.0,LOW_RISK,0.0,complete
2025-09-08,2193681000,7.405,82.314,1.0805013641485852,0.04769956043955986,0.035879332591768266,0.7525230769230746,0.6318033370411563,0.30521113184154686,0.45333796765717677,14.0,15.0,LOW_RISK,0.0,complete
2025-09-09,2193681000,7.3857,82.451,1.07768520259179,0.032550549450549124,0.04111437152391536,0.5752967032966964,0.6931842046718568,0.24590616867253817,0.4646725336747624,14.0,15.0,LOW_RISK,0.0,complete
2025-09-10,2193681000,7.361,82.213,1.0740810994595185,0.02004637362637371,0.046410611790878686,0.4725428571428614,0.7512360400444916,0.2025792550100761,0.47351589252237714,14.0,15.0,LOW_RISK,0.0,complete
2025-09-11,2193681000,7.4041,83.157,1.0803700405526724,0.026451208791208377,0.05057966629588457,0.5268329670329681,0.7894796440489421,0.20437344683013162,0.48543210797007935,14.0,15.0,LOW_RISK,0.0,complete
2025-09-12,2193681000,7.3735,83.364,1.0759050382916397,0.02830329670329576,0.04968146829810902,0.5461846153846103,0.7865541713014397,0.2057339234369118,0.47979826105389706,14.0,15.0,LOW_RISK,0.0,complete
2025-09-13,2193681000,7.4149,83.989,1.081945923703625,0.01002285714285666,0.04885657397107882,0.40331428571428474,0.7825363737486081,0.07818501444339673,0.4745926795745439,14.0,15.0,LOW_RISK,0.0,complete
2025-09-14,2193681000,7.3882,84.017,1.0780499903582144,0.009900879120878916,0.04747385984427146,0.4022813186813197,0.7716880978865432,0.07801692581923085,0.46608909981409735,14.0,15.0,LOW_RISK,0.0,complete
2025-09-15,2193681000,7.4657,85.164,1.0893584111173655,0.011608131868132013,0.04638191323692989,0.4203428571428484,0.7639299221357094,0.08237572891503486,0.459043750713332,14.0,15.0,LOW_RISK,0.0,complete
2025-09-16,2193681000,7.4303,84.964,1.0841930163447984,0.01540153846153814,0.044797196885428485,0.45338901098900924,0.7487214682981079,0.08309785209002461,0.44927514212710606,13.0,15.0,LOW_RISK,0.0,complete
2025-09-17,2193681000,7.4619,86.096,1.0888039337124007,0.013096263736263335,0.043082447163514836,0.4461098901098903,0.7343902113459401,0.07373070393868598,0.43835783126332184,12.0,15.0,LOW_RISK,0.0,complete
2025-09-18,2193681000,7.4769,86.585,1.090992660310946,0.008490329670329597,0.04031021134594011,0.412131868131868,0.7102598442714112,0.04202902254705699,0.41819793894509905,11.0,15.0,LOW_RISK,0.0,complete
2025-09-19,2193681000,7.4783,87.615,1.0911969414601437,0.008401538461537546,0.03780783092324804,0.44532747252747323,0.6900151279199096,0.04165287808476712,0.40097237208118386,10.0,15.0,LOW_RISK,0.0,complete
2025-09-20,2193681000,7.4785,87.021,1.0912261244814576,0.008822637362637255,0.03487285873192444,0.4534813186813152,0.6592961067853107,0.04299358564472828,0.37992042041797675,9.0,15.0,LOW_RISK,0.0,complete
2025-09-21,2193681000,7.435,87.028,1.0848788173456758,0.007784175824176036,0.031572814238042354,0.4437318681318613,0.6234469410456085,0.04125246312988919,0.3571846229844575,8.0,15.0,LOW_RISK,0.0,complete
2025-09-22,2193681000,7.4844,87.88,1.092087023610219,0.008782417582418076,0.027838976640711763,0.45514725274725737,0.5976391546162377,0.04358803394618556,0.32677916716331723,7.0,15.0,LOW_RISK,0.0,complete
2025-09-23,2193681000,7.4379,87.672,1.085301971154728,0.007466813186812822,0.02367515016685193,0.44067032967033076,0.5529888765294793,0.041571989724662355,0.2927192720506836,6.0,15.0,LOW_RISK,0.0,complete
2025-09-24,2193681000,7.4452,87.87,1.086367151432687,0.005316043956044492,0.018890989988876183,0.4010549450549452,0.5015848720800905,0.03571405054863532,0.2458302240052669,5.0,15.0,LOW_RISK,0.0,complete
2025-09-25,2193681000,7.4161,87.867,1.0821210218315087,0.0033846153846155904,0.014147986651835372,0.3676087912087966,0.4496689655172404,0.03489341699300335,0.19631421224921883,4.0,8.0,NORMAL,0.0,complete
2025-09-26,2193681000,7.4102,88.219,1.0812601227027474,0.00022307692307725204,0.01046389321468285,0.33034065934065315,0.42096529477196487,0.030454546386400952,0.16053329528963295,3.0,8.0,NORMAL,0.0,complete
2025-09-27,2193681000,7.4479,89.057,1.086761122220425,-0.0006578021978017702,0.010994215795327979,0.3162791208791169,0.426426028921022,0.029237080362596188,0.16129443541718505,2.0,0.0,NORMAL,0.0,complete
2025-09-28,2193681000,7.4491,89.338,1.0869362203483086,-0.002529670329670549,0.010764916573971332,0.28889230769230867,0.42476084538375974,0.02387079690860701,0.16057264009513939,1.0,0.0,NORMAL,0.0,complete
2025-09-29,2193681000,7.2251,87.382,1.0542512364766972,-0.00851428571428641,0.004654927697441633,0.22004395604395494,0.37276774193548373,0.0645721387201803,0.08222244044444514,0.0,0.0,NORMAL,0.0,complete
2025-09-30,2193681000,7.4597,90.305,1.0884829204779474,-0.007905494505494532,0.004477263626251107,0.21836703296702262,0.37278820912124405,0.0649176959907262,0.0813379602744366,0.0,0.0,NORMAL,0.0,complete
2025-10-01,2193681000,7.2702,86.427,1.0608320077829905,-0.011798461538461737,0.003005517241379053,0.1197318681318697,0.3445859844271407,0.07797442980422414,0.08280646901264092,0.0,10.0,NORMAL,0.0,complete
2025-10-02,2193681000,6.6784,76.523,0.9744794477150454,-0.031262857142857876,-0.0014715684093434373,-0.24720879120879138,0.2591245828698568,0.21198068645178242,0.15478407537115207,0.0,20.0,LOW_RISK,0.0,complete
2025-10-03,2193681000,5.9366,73.887,0.8662396216616464,-0.06836549450549505,-0.011858620689655241,-0.6112791208791161,0.14730456062291103,0.43351891709995116,0.30353904407153115,1.0,45.0,MEDIUM_RISK,0.0,complete
2025-10-04,2193681000,6.4574,79.069,0.942232209163143,-0.08380483516483589,-0.01865697441601788,-0.7865318681318656,0.06923915461623957,0.47681382986617166,0.3416890844734036,1.0,45.0,MEDIUM_RISK,0.0,complete
2025-10-05,2193681000,6.5871,80.258,0.9611573984852324,-0.09248417582417615,-0.02307708565072286,-0.892628571428566,0.013847608453838287,0.49573123838858907,0.36587656270650626,1.0,45.0,MEDIUM_RISK,0.0,complete
2025-10-06,2193681000,6.3905,80.072,0.9324704885336305,-0.10142505494505503,-0.02819628476084517,-0.9461934065934078,-0.037952391546165025,0.5198081664326838,0.39973886534994496,1.0,45.0,MEDIUM_RISK,0.0,complete
2025-10-07,2193681000,6.7419,83.553,0.983745056982221,-0.09705054945054938,-0.030558464961067698,-0.8728373626373561,-0.06537641824249,0.5124342790345601,0.40934167558143064,1.0,45.0,MEDIUM_RISK,0.0,complete
2025-10-08,2193681000,6.7025,83.423,0.977996001783375,-0.09050175824175846,-0.032708832035595055,-0.7785626373626355,-0.0902291434927656,0.5004292380074796,0.41876669383090415,1.0,45.0,MEDIUM_RISK,0.0,complete
2025-10-09,2193681000,6.6932,83.535,0.9766389912922768,-0.08191340659340679,-0.03473973303670696,-0.6616395604395605,-0.1139078976640676,0.48467321334716174,0.42735458158570877,1.0,45.0,MEDIUM_RISK,0.0,complete
2025-10-10,2193681000,6.7118,84.284,0.9793530122744732,-0.0698105494505497,-0.036512858731923864,-0.49267032967033386,-0.1348780867630705,0.46235974647976774,0.43425724704280166,1.0,45.0,MEDIUM_RISK,0.0,complete
2025-10-11,2193681000,6.7779,85.034,0.9889980008187299,-0.05150637362637371,-0.03727343715239136,-0.2573494505494538,-0.14542068965517574,0.4279217693216143,0.43708135018341665,1.0,45.0,MEDIUM_RISK,0.0,complete
2025-10-12,2193681000,6.8186,86.022,0.9949367456561165,-0.02905472527472482,-0.037703848720800466,0.03314725274725976,-0.1489966629588411,0.3843535220926893,0.43849069485139824,1.0,35.0,MEDIUM_RISK,0.0,complete
2025-10-13,2193681000,6.7877,85.504,0.990427968863113,-0.012099120879120993,-0.03780120133481624,0.2589362637362636,-0.1527868743047835,0.35942548120363166,0.4388502749937236,1.0,25.0,LOW_RISK,0.0,complete
2025-10-14,2193681000,6.6626,84.513,0.9721739890312443,0.010938901098900828,-0.038610723025583896,0.5610285714285772,-0.16345161290322718,0.288578686395512,0.4422944796316608,1.0,15.0,LOW_RISK,0.0,complete
2025-10-15,2193681000,6.665,84.868,0.9725241852870115,0.03130197802197736,-0.03854743047830955,0.7708769230769238,-0.1641363737486064,0.22905964912472934,0.44199838077666476,1.0,15.0,LOW_RISK,0.0,complete
2025-10-16,2193681000,6.4681,82.221,0.9437935008034387,0.029189670329669837,-0.03964233592880957,0.5854439560439546,-0.18314616240266798,0.23147109674077015,0.4481135403767262,1.0,15.0,LOW_RISK,0.0,complete
2025-10-17,2193681000,6.0094,79.371,0.8768622414199201,-0.009558901098901357,-0.043050545050055254,0.20663516483514707,-0.21151568409343813,0.21570032134045367,0.47579715681872264,1.0,30.0,LOW_RISK,0.0,complete
2025-10-18,2193681000,6.71,85.997,0.9790903650826477,-0.01144109890109814,-0.04118903225806441,0.16387032967032386,-0.19077219132369216,0.2129272662537303,0.4679818706700728,1.0,25.0,LOW_RISK,0.0,complete
2025-10-19,2193681000,6.7081,86.292,0.9788131263801653,-0.010212087912088401,-0.038988898776418174,0.13827912087912828,-0.16076040044493564,0.2137984951735225,0.4585323254000534,1.0,25.0,LOW_RISK,0.0,complete
2025-10-20,2193681000,6.7251,87.124,0.9812936831918502,-0.015510549450549749,-0.036335016685205584,0.10380439560439966,-0.12888876529477128,0.20316897760617775,0.4471257993800664,1.0,25.0,LOW_RISK,0.0,complete
2025-10-21,2193681000,6.7059,87.204,0.9784921131457119,-0.011243736263736074,-0.03376978865406028,0.15537582417582055,-0.09649855394882914,0.20222171069083153,0.43618599670798364,1.0,25.0,LOW_RISK,0.0,complete
2025-10-22,2193681000,6.741,87.957,0.9836137333863082,-0.007114725274724341,-0.030313014460511403,0.2081274725274721,-0.05345272525027532,0.2032019625456867,0.4206912165997018,1.0,15.0,LOW_RISK,0.0,complete
2025-10-23,2193681000,6.6855,87.41,0.9755154449716903,-0.0050472527472524365,-0.027204226918798598,0.22901318681318428,-0.015404671857618334,0.20310400965088019,0.4060738837138904,1.0,15.0,LOW_RISK,0.0,complete
2025-10-24,2193681000,6.6958,87.757,0.9770183705693581,-0.00203846153846163,-0.023643870967741426,0.26747252747252565,0.026364182424919752,0.20280751240502207,0.38872954200521703,1.0,15.0,LOW_RISK,0.0,complete
2025-10-25,2193681000,6.5834,86.647,0.9606175125909244,8.35164835255025e-06,-0.02067592880978869,0.2836769230769272,0.061001334816461215,0.20033877352081722,0.37194317946041994,1.0,15.0,LOW_RISK,0.0,complete
2025-10-26,2193681000,6.7285,88.583,0.9817897945541871,0.008397582417582638,-0.01644204671857635,0.38067692307692486,0.11109922135706327,0.195565717714164,0.35132535073484994,1.0,15.0,LOW_RISK,0.0,complete
2025-10-27,2193681000,6.706,88.782,0.978506704656369,0.015521318681318204,-0.011790011123470319,0.455028571428577,0.168098331479422,0.19180961084676643,0.3249577692986984,1.0,0.0,NORMAL,0.0,complete
2025-10-28,2193681000,6.7386,89.5,0.9832635371305409,0.019811428571428303,-0.0065892769744156825,0.5028153846153813,0.2317899888765252,0.19392278796549114,0.2941191767989968,1.0,0.0,NORMAL,0.0,complete
2025-10-29,2193681000,6.5614,86.451,0.9574073802463912,0.018783736263735543,-0.0037604671857618646,0.4532703296703334,0.26224894327030046,0.1946078621227857,0.27713854183028414,1.0,0.0,NORMAL,0.0,complete
2025-10-30,2193681000,6.7289,89.629,0.981848160596815,0.01650593406593372,0.002062224694104671,0.40030329670329223,0.3337839822024473,0.19075401166694791,0.23413767609638622,1.0,0.0,NORMAL,0.0,complete
2025-10-31,2193681000,6.72,89.817,0.9805495161483446,-0.002294505494505207,0.0068457619577309056,0.2261890109890145,0.3800878754171274,0.054663626735820675,0.2030327313230702,0.0,0.0,NORMAL,0.0,complete
2025-11-01,2193681000,6.7061,89.988,0.978521296167026,-0.0015189010989016829,0.007703047830923419,0.22948351648351611,0.3576832035595111,0.054594413130429266,0.20333465490431712,0.0,0.0,NORMAL,0.0,complete
2025-11-02,2193681000,6.7272,90.349,0.9816001049156464,-0.00018593406593379546,0.0035682758620689706,0.23527472527473167,0.3134371523915427,0.05517426139859202,0.15638223419689953,0.0,0.0,NORMAL,0.0,complete
2025-11-03,2193681000,6.6545,92.041,0.9709920766680297,-0.00045362637362615524,0.0022044271412680204,0.29900439560439496,0.3085205784204637,0.05560078068865458,0.15187668625429745,0.0,0.0,NORMAL,0.0,complete
2025-11-04,2193681000,6.5999,89.57,0.9630251118493244,-0.00260395604395632,0.0012951056729701047,0.27315824175824804,0.29009032258064293,0.060508546304016,0.15167857913303445,0.0,0.0,NORMAL,0.0,complete
2025-11-05,2193681000,6.6616,90.401,0.9720280739246745,-0.0013683516483524014,-0.0005777085650721575,0.2854791208791129,0.2715953281423796,0.05844669967840606,0.1427696455068828,0.0,0.0,NORMAL,0.0,complete
2025-11-06,2193681000,6.7175,91.219,0.9801847283819205,-1.6263736263508735e-05,0.0002129477196884375,0.2923956043955995,0.2777888765294743,0.05936483585646319,0.14242013999382996,0.0,0.0,NORMAL,0.0,complete
2025-11-07,2193681000,6.7129,91.445,0.9795135188916999,0.0014032967032958947,0.0007130589543938986,0.3004659340659239,0.28113303670744955,0.05987378345366213,0.1425144516164599,0.0,0.0,NORMAL,0.0,complete
2025-11-08,2193681000,6.6707,91.308,0.9733559013944587,-0.002163516483516809,0.0008721468298108769,0.2518175824175838,0.28079644048942853,0.0529755884066806,0.14244955231246972,0.0,0.0,NORMAL,0.0,complete
2025-11-09,2193681000,6.6999,91.799,0.9776166225062939,-0.0004962637362635234,0.0013579087875419391,0.2605340659340772,0.2853345939933302,0.051838252242966926,0.14234468268837877,0.0,0.0,NORMAL,0.0,complete
2025-11-10,2193681000,6.7051,92.479,0.9783753810604562,0.0007035164835171451,0.0023383759733040074,0.28110329670330536,0.29608854282536523,0.051812207925458625,0.14104333482604078,0.0,0.0,NORMAL,0.0,complete
2025-11-11,2193681000,6.7713,92.934,0.98803496111537,0.00487340659340616,0.004059021134594401,0.3220923076923127,0.3132791991101203,0.055003576307313534,0.13954470716888784,0.0,0.0,NORMAL,0.0,complete
2025-11-12,2193681000,6.6639,92.269,0.9723636786697848,-1.0769230768454972e-05,0.0048947052280311956,0.22847032967032962,0.31953170189099067,0.04211678230408114,0.13761611059956544,0.0,0.0,NORMAL,0.0,complete
2025-11-13,2193681000,6.6329,93.714,0.9678403103661243,-0.0007092307692304247,0.004722714126807187,0.25532967032967674,0.3252622914349251,0.044061935056011484,0.13771196727603086,1.0,0.0,NORMAL,0.0,complete
2025-11-14,2193681000,6.5166,90.541,0.950870383472069,-0.004601978021978261,0.0038301668520575693,0.17977362637363486,0.3088763070077845,0.06261721886911166,0.14017464705916352,1.0,0.0,NORMAL,0.0,complete
2025-11-15,2193681000,6.5031,90.148,0.948900529533378,-0.008444615384615363,0.0015586206896551207,0.09544395604396562,0.26917552836484515,0.07662280705143067,0.1387016957855715,1.0,0.0,NORMAL,0.0,complete
2025-11-16,2193681000,6.5859,92.523,0.9609823003573487,-0.008333626373626585,-0.0033577530589546474,0.090169230769244,0.22161512791990964,0.0763665351597737,0.06778149825540294,1.0,0.0,NORMAL,0.0,complete
2025-11-17,2193681000,6.8102,94.528,0.993711058760931,-0.003589670329670391,-0.002251813125695265,0.18840439560439995,0.22683492769743774,0.08762666593234497,0.07188098920573824,1.0,0.0,NORMAL,0.0,complete
2025-11-18,2193681000,6.7099,94.028,0.9790757735719908,-0.004195824175824138,-0.0018506562847609646,0.17996043956043928,0.22706763070078084,0.08667029638074644,0.07190693546394634,1.0,0.0,NORMAL,0.0,complete
2025-11-19,2193681000,7.071,100.404,1.0317657185543072,0.007065714285714447,0.0009966184649610695,0.3614879120879098,0.2707317018909929,0.13797798697658564,0.10128728664932035,1.0,0.0,NORMAL,0.0,complete
2025-11-20,2193681000,7.2979,102.494,1.0648738562349709,0.02485340659340677,0.005021446051167477,0.5857274725274775,0.32252258064516076,0.21177314850701012,0.15023222162303587,1.0,0.0,NORMAL,0.0,complete
2025-11-21,2193681000,7.4002,103.861,1.0798009716370507,0.042861098901098904,0.00968493882091166,0.8069142857142803,0.38152280311457243,0.2752990805220101,0.19609425026885782,1.0,0.0,NORMAL,0.0,complete
2025-11-22,2193681000,7.3492,104.194,1.072359301201996,0.054999340659341096,0.013343337041156748,0.978523076923083,0.4318226918798737,0.3104497967766794,0.22582743256489032,1.0,0.0,NORMAL,0.0,complete
2025-11-23,2193681000,7.3775,104.591,1.0764886987179185,0.06592637362637377,0.01696004449388213,1.121019780219777,0.47960912124583244,0.3389534926281704,0.2524608779525079,1.0,0.0,NORMAL,0.0,complete
2025-11-24,2193681000,7.3403,103.677,1.071060656753526,0.07298351648351745,0.019258264738598544,1.2035912087912162,0.5063535038932149,0.355100285865807,0.2696739325492007,1.0,0.0,NORMAL,0.0,complete
2025-11-25,2193681000,7.2812,103.116,1.062437073955257,0.07774241758241865,0.021839110122358073,1.2359120879120986,0.5352529477196944,0.36354177503803037,0.28300871892665197,1.0,0.0,NORMAL,0.0,complete
2025-11-26,2193681000,7.1925,102.686,1.0494944040025251,0.07418505494505477,0.023446607341490285,1.189268131868142,0.5562843159065625,0.3570176010682484,0.29005949942536846,1.0,0.0,NORMAL,0.0,complete
2025-11-27,2193681000,7.2603,103.649,1.0593874482279504,0.0692193406593421,0.025499888765294583,1.1719868131868059,0.5822938820912096,0.34593763110622106,0.29944787630018055,0.0,0.0,NORMAL,0.0,complete
2025-11-28,2193681000,7.3706,104.402,1.0754818844825875,0.06081318681318754,0.02681058954393746,1.027945054945061,0.5858384872080111,0.3189446756944614,0.3084621464881716,0.0,0.0,NORMAL,0.0,complete
2025-11-29,2193681000,7.2874,104.267,1.0633417476159892,0.045830989010988456,0.028379644048943452,0.8061626373626273,0.6024422691879925,0.2689783668126221,0.31571590606877203,0.0,0.0,NORMAL,0.0,complete
2025-11-30,2193681000,7.3475,105.097,1.0721112455208277,0.03184813186813225,0.0300265628476082,0.6243296703296628,0.6191844271412682,0.21383639029216972,0.32406169371484067,0.0,0.0,NORMAL,0.0,complete
2025-12-01,2193681000,7.234,103.589,1.0555498809251675,0.018669230769231163,0.030566162402669697,0.4102395604395551,0.6205781979977768,0.1782216487941329,0.3263245778767429,0.0,0.0,NORMAL,0.0,complete
2025-12-02,2193681000,7.259,104.428,1.05919775858941,0.0010351648351649859,0.03117768631813116,0.16380879120879113,0.6238229143492702,0.08692405931564653,0.3288889989353355,0.0,0.0,NORMAL,0.0,complete
2025-12-03,2193681000,7.2274,103.994,1.0545868412218076,-0.0080109890109894,0.03084734149054545,0.06946153846155236,0.6296723025583987,0.06339357959654753,0.3273990813010612,0.0,0.0,NORMAL,0.0,complete
2025-12-04,2193681000,7.2663,104.708,1.0602629388673686,-0.009152967032966603,0.030136507230255807,0.0486351648351712,0.617768409343714,0.06410118717933451,0.32363978230380186,0.0,0.0,NORMAL,0.0,complete
2025-12-05,2193681000,7.2476,104.14,1.0575343263745154,-0.007317802197802544,0.02943403781979951,0.04691428571428301,0.6011955506117924,0.058385330462238066,0.3203371122290723,0.0,0.0,NORMAL,0.0,complete
2025-12-06,2193681000,7.16,103.605,1.0447521630390102,-0.008996043956043653,0.0282911902113458,0.03965934065934139,0.5806994438264692,0.0648278887889555,0.31623255703110886,0.0,0.0,NORMAL,0.0,complete
2025-12-07,2193681000,7.252,104.518,1.0581763528434218,-0.006281098901098555,0.027513281423803992,0.07416703296703575,0.5621412680756396,0.05788645052034395,0.31278791838089604,0.0,0.0,NORMAL,0.0,complete
2025-12-08,2193681000,7.063,102.352,1.0305983977017497,-0.009640879120879289,0.024985116796440613,0.016978021978016497,0.5228473859844287,0.07536583304924721,0.30448643177968954,0.0,0.0,NORMAL,0.0,complete
2025-12-09,2193681000,5.9902,81.722,0.8740606713737819,-0.04438153846153788,0.015562491657397207,-0.642309890109894,0.34892903225806854,0.34322803908361793,0.35673899696279315,0.0,35.0,MEDIUM_RISK,0.0,complete
2025-12-10,2193681000,5.2365,75.65,0.7640844555522035,-0.0979059340659343,0.001628921023359314,-1.395219780219783,0.14500978865405884,0.616068000563802,0.4826876782751118,0.0,55.0,MEDIUM_RISK,0.0,complete
2025-12-11,2193681000,5.2241,75.963,0.7622751082307392,-0.1409516483516485,-0.01127466073414867,-1.9886000000000066,-0.04626429365962346,0.7737337978207427,0.5797731511984427,0.0,55.0,MEDIUM_RISK,0.0,complete
2025-12-12,2193681000,5.2986,76.828,0.7731457836701815,-0.16928219780219847,-0.023749877641824263,-2.410745054945059,-0.22899288097886844,0.8633749104786153,0.6512585590056832,0.0,70.0,HIGH_RISK,0.0,complete
2025-12-13,2193681000,5.2375,76.158,0.7642303706587731,-0.19299362637362602,-0.03622560622914361,-2.7352791208791167,-0.39920823136818673,0.931091499056557,0.7169953330696627,0.0,70.0,HIGH_RISK,0.0,complete
2025-12-14,2193681000,5.2067,76.212,0.7597361853764265,-0.20659318681318664,-0.049081245828698765,-2.9073516483516464,-0.5831466073414927,0.9693896157314225,0.7752979553605218,0.0,70.0,HIGH_RISK,0.0,complete
2025-12-15,2193681000,5.0795,73.589,0.7411757838207614,-0.21815868131868044,-0.0622678086763071,-3.07711428571428,-0.7803423804226913,1.0010049309909195,0.835510386378964,0.0,70.0,HIGH_RISK,0.0,complete
2025-12-16,2193681000,5.0842,73.869,0.741861584821639,-0.21929538461538425,-0.07421959955506123,-3.0793494505494468,-0.9519846496106777,1.0040872111984658,0.8892744017572357,0.0,70.0,HIGH_RISK,0.0,complete
2025-12-17,2193681000,5.058,73.886,0.738038609029513,-0.2126628571428576,-0.08412536151279215,-2.9610813186813125,-1.1013897664071166,0.9860119750515511,0.9383422375743791,0.0,70.0,HIGH_RISK,0.0,complete
2025-12-18,2193681000,5.0806,73.85,0.741336290437988,-0.1945663736263737,-0.09379741935483889,-2.6879604395604333,-1.2452909899888747,0.9345244271232918,0.9807680772401467,0.0,70.0,HIGH_RISK,0.0,complete
2025-12-19,2193681000,5.0873,74.016,0.742313921652005,-0.16728747252747247,-0.10021096774193565,-2.293182417582415,-1.335170856507227,0.8520618403497645,1.0137254199239563,0.0,70.0,HIGH_RISK,0.0,complete
2025-12-20,2193681000,5.0764,73.803,0.7407234469903953,-0.13371208791208836,-0.1042473859844272,-1.7897142857142874,-1.4002700778642931,0.7423713365416866,1.0363243828467805,0.0,70.0,HIGH_RISK,0.0,complete
2025-12-21,2193681000,5.0622,73.456,0.7386514524771057,-0.08835076923076905,-0.10668146829810868,-1.135063736263727,-1.445414682981093,0.5502587229638548,1.0504147416479204,0.0,70.0,HIGH_RISK,0.0,complete
2025-12-22,2193681000,5.0192,73.01,0.7323771028946088,-0.04082329670329681,-0.10870442714126798,-0.42802637362637225,-1.4776117908787487,0.2448326802506002,1.0619435871762826,0.0,60.0,HIGH_RISK,0.0,complete
2025-12-23,2193681000,5.0311,73.278,0.7341134926627882,-0.019339120879120736,-0.10941873192436069,-0.26446593406593194,-1.4914669632925461,0.09181153923268894,1.0660130143908089,0.0,50.0,MEDIUM_RISK,0.0,complete
2025-12-24,2193681000,5.0076,72.884,0.7306844876584004,-0.01915780219780167,-0.10949719688542815,-0.27522197802197185,-1.5002351501668518,0.09124472105766494,1.066456482371929,0.0,50.0,MEDIUM_RISK,0.0,complete
2025-12-25,2193681000,4.9245,72.151,0.7185589423024589,-0.020753406593406454,-0.10948146829810923,-0.2844439560439554,-1.5039003337041101,0.09757410933848662,1.0663666878974967,0.0,60.0,HIGH_RISK,0.0,complete
2025-12-26,2193681000,4.9644,72.141,0.7243809550545897,-0.017436043956043718,-0.10877145717463853,-0.2486791208791225,-1.496818020022248,0.08215260391297786,1.0625273509447903,0.0,50.0,MEDIUM_RISK,0.0,complete
2025-12-27,2193681000,4.9404,72.215,0.720878992496917,-0.015349670329670178,-0.10675733036707492,-0.2122857142857112,-1.469026251390435,0.07210683961105069,1.0511054873186,0.0,50.0,MEDIUM_RISK,0.0,complete
2025-12-28,2193681000,4.9805,72.239,0.7267301882703617,-0.011827032967033274,-0.10269159065628483,-0.15609450549449866,-1.4219003337041174,0.05663342555525417,1.0269447578344642,0.0,50.0,MEDIUM_RISK,0.0,complete
2025-12-29,2193681000,4.9931,72.633,0.7285687186131399,-0.011143516483516035,-0.09805490545050033,-0.15765494505494315,-1.3588529477196891,0.055314603222684444,0.9998263900102501,0.0,50.0,MEDIUM_RISK,0.0,complete
2025-12-30,2193681000,5.0129,72.914,0.7314578377232198,-0.009359560439560693,-0.09185517241379342,-0.1377538461538459,-1.2741933259176879,0.052361390020203805,0.9617021421931328,0.0,40.0,MEDIUM_RISK,0.0,complete
2025-12-31,2193681000,2.4941,35.907,0.3639268672954742,-0.0800916483516476,-0.1016497664071195,-1.1704373626373652,-1.4243690767519495,0.6753641356034207,1.0792291492797923,1.0,70.0,HIGH_RISK,0.0,complete
2026-01-01,2193681000,3.2104,48.6,0.4684458581313461,-0.11834307692307666,-0.10454169076751947,-1.6747098901098905,-1.4567539488320376,0.7968445707571028,1.1069002464737696,1.0,70.0,HIGH_RISK,0.0,complete
2026-01-02,2193681000,5.0364,72.793,0.7348868427276076,-0.09598153846153831,-0.09406952169076736,-1.3712923076923096,-1.3112080088987792,0.7950570823380172,1.0519892852749726,1.0,70.0,HIGH_RISK,0.0,complete
2026-01-03,2193681000,5.0086,72.66,0.7308304027649701,-0.07454989010988973,-0.08253357063403795,-1.0733208791208797,-1.1477134593993337,0.7927692601130776,0.9859599823079327,1.0,70.0,HIGH_RISK,0.0,complete
2026-01-04,2193681000,4.9734,71.93,0.7256941910137168,-0.05429406593406615,-0.0703491434927697,-0.8026219780219811,-0.9785864293659579,0.7899280390093792,0.9104667273740368,1.0,70.0,HIGH_RISK,0.0,complete
2026-01-05,2193681000,4.9671,72.17,0.7247749258423278,-0.03524549450549461,-0.057797619577307835,-0.5330615384615406,-0.7972691879866467,0.7883560302202502,0.8286984402574163,1.0,70.0,HIGH_RISK,0.0,complete
2026-01-06,2193681000,5.0318,72.849,0.7342156332373869,-0.013727032967032857,-0.04321848720800894,-0.2315736263736235,-0.5912880978865437,0.7883799132983567,0.7207658368053839,1.0,60.0,HIGH_RISK,0.0,complete
2026-01-07,2193681000,5.5425,85.752,0.8087344781625299,0.021605054945054977,-0.025660111234705144,0.4274681318681378,-0.3029090100111237,0.8177962596226297,0.6177104929151601,1.0,50.0,MEDIUM_RISK,0.0,complete
2026-01-08,2193681000,7.049,101.713,1.0285555862097742,0.09488923076923025,-0.005104471635150084,1.4618109890109896,-0.046445606229148256,1.0286016240989102,0.7028621445908643,1.0,10.0,NORMAL,0.0,complete
2026-01-09,2193681000,7.0611,101.393,1.0303211589992674,0.16049604395604428,0.009860200222469527,2.356738461538457,0.15718264738598325,1.1840252590721585,0.796924496026966,1.0,10.0,NORMAL,0.0,complete
2026-01-10,2193681000,7.0396,101.477,1.0271839842080188,0.21548109890109932,0.023788809788654077,3.1279252747252735,0.35205739710789896,1.3001835956789096,0.8750658094201309,1.0,10.0,NORMAL,0.0,complete
2026-01-11,2193681000,6.8972,98.834,1.0064056730324944,0.2584923076923079,0.03650471635150118,3.6957648351648347,0.524493882091216,1.3771624240436606,0.9331486233954609,1.0,10.0,NORMAL,0.0,complete
2026-01-12,2193681000,6.7722,97.956,0.9881662847112826,0.2899224175824173,0.047281512791990755,4.1346065934065965,0.676853837597332,1.427014230293989,0.9778643186798166,1.0,10.0,NORMAL,0.0,complete
2026-01-13,2193681000,6.867,97.601,1.0019990368140896,0.3168936263736258,0.05777466073414906,4.46125934065936,0.8175971078976638,1.4701659460792156,1.0228543993699004,1.0,10.0,NORMAL,0.0,complete
2026-01-14,2193681000,6.9219,99.352,1.010009776164766,0.25424615384615423,0.0670060289210234,3.5094153846153837,0.9420307007786418,1.211574063715518,1.0649437222246823,0.0,10.0,NORMAL,0.0,complete
2026-01-15,2193681000,6.8637,98.418,1.0015175169624098,0.19408725274725314,0.07507457174638517,2.670457142857148,1.0509065628476084,0.9583660200604945,1.0992215366434115,0.0,10.0,NORMAL,0.0,complete
2026-01-16,2193681000,6.8629,97.757,1.001400784877154,0.1780448351648357,0.0821654949944382,2.391204395604397,1.1447123470522818,0.9193539792271944,1.1288990616382975,0.0,10.0,NORMAL,0.0,complete
2026-01-17,2193681000,6.7836,96.982,0.9898297169261772,0.15079164835164852,0.08809759733036715,1.9756923076922992,1.2226487208008912,0.8510439017097523,1.1517849934505757,0.0,10.0,NORMAL,0.0,complete
2026-01-18,2193681000,6.7289,94.515,0.981848160596815,0.11301296703296748,0.0929652725250278,1.358718681318677,1.2755214682981078,0.7473115381151253,1.169570153974945,0.0,10.0,NORMAL,0.0,complete
2026-01-19,2193681000,6.0454,85.408,0.882115185256429,0.04778153846153894,0.09261768631813144,0.39018241758240835,1.259049610678534,0.618568437142217,1.1688259728138097,0.0,25.0,LOW_RISK,0.0,complete
2026-01-20,2193681000,5.145,71.672,0.7507332233010763,-0.0457824175824173,0.08593199110122339,-1.006615384615387,1.1464017797552821,0.5967816282930676,1.1676018218169908,0.0,55.0,MEDIUM_RISK,0.0,complete
2026-01-21,2193681000,4.7812,67.577,0.6976493075310216,-0.13340197802197742,0.07656580645161229,-2.089865934065929,1.0050525027808717,0.7231253281933356,1.1725234749751612,1.0,55.0,MEDIUM_RISK,0.0,complete
2026-01-22,2193681000,4.9829,70.788,0.7270803845261289,-0.1622474725274726,0.06868887652947682,-2.4752967032967055,0.8886849833147971,0.8196977679420795,1.1733596709802028,2.0,55.0,MEDIUM_RISK,0.0,complete
2026-01-23,2193681000,5.8046,85.68,0.8469788275944466,-0.15813516483516424,0.0659726140155727,-2.309857142857144,0.8667855394883291,0.811779923520388,1.1685836731535018,2.0,55.0,MEDIUM_RISK,0.0,complete
2026-01-24,2193681000,7.3102,102.682,1.0666686120457782,-0.10619142857142846,0.07204218020022252,-1.5868087912088018,0.9438278086763117,0.8331425939256643,1.2001674808413096,2.0,30.0,LOW_RISK,0.0,complete
2026-01-25,2193681000,7.3532,102.94,1.072942961628275,-0.05890307692307647,0.07760284760845367,-0.9488175824175769,1.0088812013348225,0.8648903414261861,1.2284268316198923,2.0,30.0,LOW_RISK,0.0,complete
2026-01-26,2193681000,7.1789,99.699,1.0475099585531773,-0.02271999999999993,0.08081061179087844,-0.4504197802197846,1.0398315906562885,0.8859031810270482,1.24343562141721,2.0,30.0,LOW_RISK,0.0,complete
2026-01-27,2193681000,6.9947,99.044,1.0206323959230397,0.009537802197802326,0.08211054505005576,0.009898901098884614,1.0544929922135733,0.891696556854119,1.2488635474131986,2.0,10.0,NORMAL,0.0,complete
2026-01-28,2193681000,7.3257,102.054,1.0689302961976084,0.05250131868131838,0.08473666295884318,0.607599999999988,1.0793644048943274,0.9156934090598233,1.2614711730092527,2.0,10.0,NORMAL,0.0,complete
2026-01-29,2193681000,7.3279,101.709,1.0692513094320617,0.09183406593406539,0.08647566184649623,1.1527758241758244,1.0908573971078985,0.9402872287670473,1.2696887005070998,2.0,10.0,NORMAL,0.0,complete
2026-01-30,2193681000,7.236,100.247,1.0558417111383067,0.12647428571428543,0.06922068965517245,1.6199230769230637,0.8248854282536172,0.9573143358283178,1.0905804605436245,2.0,10.0,NORMAL,0.0,complete
2026-01-31,2193681000,7.3551,101.123,1.0732202003307574,0.16026307692307604,0.055564249165739765,2.0756043956043966,0.6234756395995547,0.9822049037863603,0.947060111584278,2.0,10.0,NORMAL,0.0,complete
2026-02-01,2193681000,7.2576,99.223,1.0589934774402123,0.1869507692307688,0.05202774193548381,2.3774681318681288,0.553286540600667,1.0000004651647245,0.9253848878591882,2.0,10.0,NORMAL,0.0,complete
2026-02-02,2193681000,7.0969,97.939,1.0355449198144624,0.18419010989010948,0.046274438264738656,2.321720879120887,0.46213659621801395,0.9963653180876512,0.8912135732008751,2.0,10.0,NORMAL,0.0,complete
2026-02-03,2193681000,7.2981,99.685,1.0649030392562848,0.1528725274725273,0.04064727474972194,1.8079428571428602,0.36596907675194784,0.9078376123127211,0.852451789508815,2.0,10.0,NORMAL,0.0,complete
2026-02-04,2193681000,7.2805,99.216,1.0623349333806582,0.09959450549450513,0.033828765294772245,1.0226307692307686,0.25608164627364677,0.7009099296667759,0.8032280900274802,1.0,10.0,NORMAL,0.0,complete
2026-02-05,2193681000,7.2731,98.91,1.0612551615920425,0.041768571428570905,0.026379399332591678,0.19536043956043442,0.13686896551724675,0.4002403577988823,0.74760372811995,0.0,10.0,NORMAL,0.0,complete
2026-02-06,2193681000,7.311,99.706,1.066785344131034,0.0020476923076922235,0.021699377085650885,-0.24183516483516337,0.10018242491657811,0.10297336180656215,0.7184349664534608,0.0,0.0,NORMAL,0.0,complete
2026-02-07,2193681000,7.3751,100.125,1.0761385024621513,0.007171868131868559,0.02703568409343728,-0.16820659340659264,0.1700662958843155,0.10693414220546038,0.7246652177971937,0.0,0.0,NORMAL,0.0,complete
2026-02-08,2193681000,7.4541,100.507,1.087665795881157,0.01568549450549401,0.032820022246941034,-0.06391868131867394,0.2409143492769765,0.11654386737175322,0.732724215858698,0.0,0.0,NORMAL,0.0,complete
2026-02-09,2193681000,7.3846,99.156,1.0775246959745635,0.0160237362637366,0.037832836484983756,-0.09438241758241993,0.30401979977752935,0.11728773953888129,0.7387963981267464,0.0,0.0,NORMAL,0.0,complete
2026-02-10,2193681000,7.3651,98.717,1.0746793513964543,0.008828131868131167,0.04158427141268029,-0.15659560439559456,0.3470981090100089,0.08422163721877231,0.7449088194529897,0.0,0.0,NORMAL,0.0,complete
2026-02-11,2193681000,7.3999,98.778,1.0797571971050797,0.011910769230769008,0.04448996662958807,-0.11639780219780643,0.38456685205784097,0.08755063338765551,0.7512074666062987,0.0,0.0,NORMAL,0.0,complete
