date,daily_active_kwh,baseline_kwh,deviation_pct,active_hours_count,mean_active_intensity,t1a_zscore_severity,t1b_cusum_severity,t2a_iforest_severity,t2b_lstm_severity,t3_changepoint_severity,s1,s2,s3,ensemble_score,vote_count,anomaly_type,confidence,physically_supported,is_ground_truth
2025-01-01,99.539,98.13200000000002,1.4337830676900951,16,6.2211875,0.0,0.0,0.18966194262142885,0.0,0.0,0.0,0.18966194262142885,0.0,0.06638167991750009,0,normal,low,False,0
2025-01-02,99.408,98.13200000000002,1.300289406092792,16,6.213,0.0,0.0,0.1883508335119059,0.0,0.0,0.0,0.1883508335119059,0.0,0.06592279172916705,0,normal,low,False,0
2025-01-03,98.959,98.13200000000002,0.8427424285570011,16,6.1849375,0.0,0.0,0.17787190880545956,0.0,0.0,0.0,0.17787190880545956,0.0,0.06225516808191084,0,normal,low,False,0
2025-01-04,78.84399999999998,98.13200000000002,-19.655158357929608,13,6.064923076923075,0.0,0.13301935684798633,0.3433188101582504,0.0,0.0,0.5594555609744642,0.3433188101582504,0.0,0.3159710298964501,1,sudden_drop,moderate,False,0
2025-01-05,98.13200000000002,98.13200000000002,0.0,15,6.542133333333335,0.0,0.05482878213864664,0.23276138336496877,0.0,0.0,0.05482878213864664,0.23276138336496877,0.0,0.10065655792626539,0,normal,low,False,0
2025-01-06,78.372,98.13200000000002,-20.136143153913764,12,6.531,0.0,0.004828782139201467,0.32499669406244974,0.0,0.0,0.5740491127360756,0.32499669406244974,0.0,0.3146660323794839,1,sudden_drop,moderate,True,0
2025-01-07,97.92,98.13200000000002,-0.21603554395901145,15,6.528,0.0,0.0,0.2340041811232299,0.0,0.0,0.08460686276227826,0.2340041811232299,0.0,0.11151386535992786,0,normal,low,False,0
2025-01-08,97.928,98.13200000000002,-0.2078832592813181,15,6.528533333333334,0.0,0.0,0.11715510974919717,0.0,0.0,0.04832591016036556,0.11715510974919717,0.0,0.057918356968346955,0,normal,low,False,0
2025-01-09,98.26000000000002,98.03000000000002,0.23462205447073115,15,6.550666666666668,0.0,0.24412816449134367,0.11241797838729513,0.0,0.0,0.24412816449134367,0.11241797838729513,0.0,0.12479115000752357,0,normal,low,False,1
2025-01-10,98.611,98.13200000000002,0.4881180450771448,15,6.574066666666667,0.0,0.48521590021066024,0.047482116724079405,0.0,0.0,0.48521590021066024,0.047482116724079405,0.0,0.18644430592715888,0,normal,low,False,0
2025-01-11,97.561,98.19600000000004,-0.6466658519629788,15,6.504066666666666,0.0,0.7089820690937362,0.08282008961458331,0.0,0.0,0.7089820690937362,0.08282008961458331,0.0,0.2771307555479118,1,normal,moderate,False,0
2025-01-12,97.536,98.13200000000002,-0.6073452084885096,15,6.5024,0.0,0.6589820690942911,0.029875274670448513,0.0,0.0,0.6589820690942911,0.029875274670448513,0.0,0.24110007031765887,1,normal,moderate,False,0
2025-01-13,97.519,98.03000000000002,-0.5212689992806254,15,6.501266666666666,0.0,0.6089820690948449,0.07045292913315121,0.0,0.0,0.6089820690948449,0.07045292913315121,0.0,0.2378022493797986,1,normal,moderate,False,0
2025-01-14,97.17,97.928,-0.7740380687773213,15,6.477999999999999,0.0,0.5589820690953997,-0.0,0.0,0.0,0.5589820690953997,0.0,0.0,0.19564372418338988,1,normal,moderate,False,0
2025-01-15,96.81,97.924,-1.137616927401483,15,6.453999999999999,0.0,0.5089820690959558,0.0021760746136639275,0.0,0.0,0.5089820690959558,0.0021760746136639275,0.0,0.17890535029836688,1,normal,moderate,False,0
2025-01-16,96.803,97.92,-1.1407271241713615,15,6.453533333333334,0.0,0.4589820690965127,0.002058699732289085,0.0,0.0,0.4589820690965127,0.002058699732289085,0.0,0.16136426909008061,0,normal,low,False,0
2025-01-17,96.694,97.7405,-1.0706922923345878,15,6.446266666666667,0.0,0.6745146680933071,0.0077467347632484375,0.0,0.0,0.6745146680933071,0.0077467347632484375,0.0,0.2387914909997944,1,normal,moderate,False,0
2025-01-18,96.786,97.561,-0.7943748013981631,15,6.4524,0.0,0.8629275301600742,0.004026278648963222,0.0,0.0,0.8629275301600742,0.004026278648963222,0.0,0.3034338330831631,1,normal,moderate,False,0
2025-01-19,97.141,97.5485,-0.41774091861568496,15,6.476066666666667,0.0,0.8129275301606304,0.003589201338189514,0.0,0.0,0.8129275301606304,0.003589201338189514,0.0,0.2857808560245869,1,normal,moderate,False,0
2025-01-20,96.56399999999998,97.536,-0.996555118100042,15,6.437599999999999,0.0,0.7629275301611873,0.004374006110962998,0.0,0.0,0.7629275301611873,0.004374006110962998,0.0,0.2685555376952526,1,normal,moderate,False,0
2025-01-21,96.32,97.5275,-1.2381123272796175,15,6.421333333333333,0.0,0.712927530161743,0.006822387406543283,0.0,0.0,0.712927530161743,0.006822387406543283,0.0,0.2519124711489002,1,normal,moderate,False,0
2025-01-22,100.39600000000002,97.519,2.950194321076413,15,6.693066666666668,0.0,0.6629275301622984,0.0376896013028698,0.0,0.0,0.6629275301622984,0.0376896013028698,0.0,0.24521599601280888,1,normal,moderate,False,0
2025-01-23,101.323,97.5275,3.8917228473621,15,6.754866666666668,0.0,0.7040349471611024,0.03958041450908646,0.0,0.0,0.7040349471611024,0.03958041450908646,0.0,0.26026537658456605,1,normal,moderate,False,0
2025-01-24,101.296,97.536,3.8549868766009014,15,6.753066666666666,0.0,0.6540349471616566,0.0341892965538068,0.0,0.0,0.6540349471616566,0.0341892965538068,0.0,0.24087848530041214,1,normal,moderate,False,0
2025-01-25,101.36699999999998,97.5485,3.914463061923891,15,6.757799999999999,0.0,0.8861789398508645,0.033230558029953505,0.0,0.0,0.8861789398508645,0.033230558029953505,0.0,0.3217933242582863,1,normal,moderate,False,0
2025-01-26,102.14200000000002,97.561,4.695523826070932,15,6.809466666666668,0.0,0.8361789398514199,0.05021099024118504,0.0,0.0,0.8361789398514199,0.05021099024118504,0.0,0.3102364755324117,1,normal,moderate,False,0
2025-01-27,101.029,97.7405,3.364521360097763,15,6.735266666666667,0.0,0.7861789398519766,0.035261054034718006,0.0,0.0,0.7861789398519766,0.035261054034718006,0.0,0.28750399786034314,1,normal,moderate,False,0
2025-01-28,100.223,97.92,2.351919934616501,15,6.681533333333333,0.0,1.0,0.024259745110756868,0.0,0.0,1.0,0.024259745110756868,0.0,0.3584909107887649,1,normal,moderate,False,0
2025-01-29,100.19800000000002,97.924,2.3222090600637157,15,6.679866666666668,0.0,0.9608994038976274,0.01368260929453866,0.0,0.0,0.9608994038976274,0.01368260929453866,0.0,0.34110370461725814,1,normal,moderate,False,0
2025-01-30,100.241,97.924,2.366120664981344,15,6.682733333333333,0.0,0.9108994038981818,0.01150298078656378,0.0,0.0,0.9108994038981818,0.01150298078656378,0.0,0.32284083463966096,1,normal,moderate,False,0
2025-01-31,100.026,97.924,2.146562640393084,15,6.6684,0.0,1.0,0.012461180551516493,0.0,0.0,1.0,0.012461180551516493,0.0,0.35436141319303077,1,normal,moderate,False,0
2025-02-01,100.057,97.924,2.1782198439383738,15,6.670466666666667,0.0,1.0,0.08667503190179515,0.0,0.0,1.0,0.08667503190179515,0.0,0.3803362611656283,1,normal,moderate,False,0
2025-02-02,99.16800000000002,98.03000000000002,1.1608691216856026,15,6.611200000000001,0.0,1.0,0.08579086690842531,0.0,0.0,1.0,0.08579086690842531,0.0,0.3800268034179488,1,normal,moderate,False,0
2025-02-03,73.872,98.09400000000002,-24.69264175153739,11,6.715636363636364,0.0,0.9827791753696274,0.5810744944808063,0.0,0.0,0.9827791753696274,0.5810744944808063,0.0,0.5473487844476518,2,sudden_drop,high,True,0
2025-02-04,98.031,98.09400000000002,-0.06422411156581884,15,6.535399999999999,0.0,0.9327791753701815,0.28038056809910583,0.0,0.0,0.9327791753701815,0.28038056809910583,0.0,0.42460591021425054,1,normal,moderate,False,0
2025-02-05,97.873,98.1455,-0.2776490007154859,15,6.524866666666666,0.0,0.882779175370737,0.13220290468629306,0.0,0.0,0.882779175370737,0.13220290468629306,0.0,0.3552437280199605,1,normal,moderate,False,0
2025-02-06,97.768,98.1455,-0.38463301933980815,15,6.5178666666666665,0.0,0.8327791753712935,0.12718831406987255,0.0,0.0,0.8327791753712935,0.12718831406987255,0.0,0.3359886213044081,1,normal,moderate,False,0
2025-02-07,97.292,97.952,-0.6737994119499945,14,6.949428571428571,0.0,0.7827791753718484,0.11967226037107749,0.0,0.0,0.7827791753718484,0.11967226037107749,0.0,0.315858002510024,1,normal,moderate,False,0
2025-02-08,96.484,97.8205,-1.3662780296423942,14,6.8917142857142855,0.0,0.7327791753724031,0.10512572016310448,0.0,0.0,0.7327791753724031,0.10512572016310448,0.0,0.2932667134374276,1,normal,moderate,False,0
2025-02-09,96.52100000000002,97.8205,-1.328453647228031,14,6.894357142857144,0.0,0.6827791753729592,0.09883641753569776,0.0,0.0,0.6827791753729592,0.09883641753569776,0.0,0.2735654575180299,1,normal,moderate,False,0
2025-02-10,96.14600000000002,97.8205,-1.7118088744004196,14,6.86757142857143,0.0,0.9259863340683948,0.13898003141181722,0.0,0.0,0.9259863340683948,0.13898003141181722,0.0,0.3727382279180742,1,normal,moderate,False,0
2025-02-11,96.239,97.8205,-1.6167367780616781,14,6.874214285714286,0.0,1.0,0.053536873726546974,0.0,0.0,1.0,0.053536873726546974,0.0,0.36873790580429144,1,normal,moderate,False,0
2025-02-12,91.006,97.8205,-6.966331188176642,14,6.5004285714285714,0.0,1.0,0.12551751708024317,0.0,0.0,1.0,0.12551751708024317,0.0,0.3939311309780851,1,gradual_decline,moderate,False,0
2025-02-13,92.148,97.8205,-5.798886736360999,14,6.582000000000001,0.7311012785701667,1.0,0.06582142024126594,0.0,0.0,1.0,0.06582142024126594,0.0,0.37303749708444306,1,gradual_decline,moderate,False,0
2025-02-14,94.413,97.8205,-3.48342116423977,14,6.743785714285715,0.0,1.0,0.0689258500931912,0.0,0.0,1.0,0.0689258500931912,0.0,0.3741240475326169,1,normal,moderate,False,0
2025-02-15,93.209,97.8205,-4.714247013614579,14,6.657785714285714,0.0,1.0,0.05422685955965544,0.0,0.0,1.0,0.05422685955965544,0.0,0.3689794008458794,1,normal,moderate,False,0
2025-02-16,93.616,97.8205,-4.298178807056818,14,6.686857142857143,0.0,1.0,0.042552817441552065,0.0,0.0,1.0,0.042552817441552065,0.0,0.3648934861045432,1,normal,moderate,False,0
2025-02-17,93.053,97.8205,-4.873722788118299,14,6.646642857142857,0.0,0.9871899392716177,0.038222589834730154,0.0,0.0,0.9871899392716177,0.038222589834730154,0.0,0.3588943851872217,1,normal,moderate,False,0
2025-02-18,92.487,97.8205,-5.452333610997161,14,6.606214285714287,0.0,0.17564572545895754,0.037817096186050676,0.0,0.0,0.17564572545895754,0.037817096186050676,0.0,0.07471198757575287,0,gradual_decline,low,False,0
2025-02-19,92.636,97.8205,-5.300013800733997,14,6.616857142857143,0.0,0.1256457254595106,0.04104826540764935,0.0,0.0,0.1256457254595106,0.04104826540764935,0.0,0.05834289680350598,0,gradual_decline,low,False,0
2025-02-20,91.62,97.53,-6.059673946415871,14,6.5442857142857145,0.0,0.0,0.0463341254418579,0.0,0.0,0.0,0.0463341254418579,0.0,0.016216943904650265,0,gradual_decline,low,False,0
2025-02-21,91.321,96.9065,-5.763803253592234,14,6.522928571428572,0.0,0.0,0.03513816367392458,0.0,0.0,0.0,0.03513816367392458,0.0,0.012298357285873604,0,gradual_decline,low,False,0
2025-02-22,90.434,96.5025,-6.288438123299517,14,6.4595714285714285,0.0,0.0,0.04619940243255719,0.0,0.0,0.0,0.04619940243255719,0.0,0.016169790851395017,0,gradual_decline,low,False,0
2025-02-23,90.303,96.3615,-6.287262028857102,14,6.450214285714287,0.0,0.0,0.046111046641190596,0.0,0.0,0.0,0.046111046641190596,0.0,0.016138866324416707,0,gradual_decline,low,False,0
2025-02-24,91.18000000000002,96.1925,-5.210905216048928,14,6.512857142857144,0.0,0.0,0.04214933357803395,0.0,0.0,0.0,0.04214933357803395,0.0,0.014752266752311881,0,gradual_decline,low,False,0
2025-02-25,90.201,95.2795,-5.330107735605984,14,6.442928571428571,0.0,0.0,0.054789368162992805,0.0,0.0,0.0,0.054789368162992805,0.0,0.01917627885704748,0,gradual_decline,low,False,0
2025-02-26,89.72900000000001,94.0145,-4.558339405043266,13,6.90223076923077,0.0,0.0,0.08146814166122927,0.0,0.0,0.0,0.08146814166122927,0.0,0.028513849581430245,0,normal,low,False,0
2025-02-27,89.502,93.4125,-4.186270574021824,13,6.884769230769231,0.0,0.0,0.0780551423256228,0.0,0.0,0.0,0.0780551423256228,0.0,0.027319299813967978,0,normal,low,False,0
2025-02-28,89.097,93.131,-4.331533001854044,13,6.853615384615384,0.0,0.0,0.07375254791527246,0.0,0.34299999999999997,0.0,0.07375254791527246,0.34299999999999997,0.12871339177034535,1,normal,moderate,False,0
2025-03-01,88.49199999999999,92.8445,-4.687945974132153,13,6.807076923076922,0.0,0.0,0.12600387858994266,0.0,0.34299999999999997,0.0,0.12600387858994266,0.34299999999999997,0.1470013575064799,1,normal,moderate,False,0
2025-03-02,88.636,92.5615,-4.240964115704251,13,6.818153846153846,0.0,0.0,0.10762150750918631,0.0,0.34299999999999997,0.0,0.10762150750918631,0.34299999999999997,0.1405675276282152,1,normal,moderate,False,0
2025-03-03,88.17299999999999,92.3175,-4.489398001413723,13,6.7825384615384605,0.0,0.0,0.12024492762637463,0.0,0.34299999999999997,0.0,0.12024492762637463,0.34299999999999997,0.1449857246692311,1,normal,moderate,False,0
2025-03-04,88.114,92.3175,-4.553307877655328,13,6.7780000000000005,0.0,0.0,0.12241354084759858,0.0,0.34299999999999997,0.0,0.12241354084759858,0.34299999999999997,0.1457447392966595,1,normal,moderate,False,0
2025-03-05,87.755,91.884,-4.493709459704701,13,6.750384615384615,0.0,0.0,0.11444233299522251,0.0,0.0,0.0,0.11444233299522251,0.0,0.040054816548327876,0,normal,low,False,0
2025-03-06,87.35900000000001,91.47050000000002,-4.494891795666424,13,6.719923076923077,0.0,0.0,0.11636619883070122,0.0,0.0,0.0,0.11636619883070122,0.0,0.040728169590745426,0,normal,low,False,0
2025-03-07,86.892,91.25050000000002,-4.776412183990505,13,6.683999999999999,0.0,0.0,0.10900302842512763,0.0,0.0,0.0,0.10900302842512763,0.0,0.03815105994879467,0,normal,low,False,0
2025-03-08,86.806,91.09300000000002,-4.706179399024028,13,6.677384615384615,0.0,0.0,0.1089783649236619,0.0,0.0,0.0,0.1089783649236619,0.0,0.03814242772328166,0,normal,low,False,0
2025-03-09,87.36599999999999,90.72,-3.697089947049209,13,6.720461538461537,0.0,0.0,0.11354488708310106,0.0,0.0,0.0,0.11354488708310106,0.0,0.03974071047908537,0,normal,low,False,0
2025-03-10,86.11500000000001,90.3685,-4.706839219366173,13,6.62423076923077,0.0,0.0,0.11219569104941375,0.0,0.0,0.0,0.11219569104941375,0.0,0.03926849186729481,0,normal,low,False,0
2025-03-11,85.681,90.252,-5.064707707252306,13,6.590846153846154,0.0,0.0,0.10807070667087341,0.0,0.0,0.0,0.10807070667087341,0.0,0.037824747334805696,0,gradual_decline,low,False,0
2025-03-12,57.533,89.965,-36.049574834257214,9,6.392555555555556,0.0,0.0,0.7982156573406687,0.0,0.0,1.0,0.7982156573406687,0.0,0.6293754800692339,2,outage,high,True,0
2025-03-13,85.72099999999999,89.6155,-4.345788395932121,13,6.593923076923076,0.0,0.0,0.3119218496598163,0.0,0.0,0.1618822854309231,0.3119218496598163,0.0,0.16583144728175878,0,normal,low,False,0
2025-03-14,85.282,89.2995,-4.498905368960643,13,6.560153846153846,0.0,0.0,0.16287637794754514,0.0,0.0,0.15076429814744288,0.16287637794754514,0.0,0.10977423663324581,0,normal,low,False,0
2025-03-15,84.84500000000001,88.8665,-4.5253273167669885,13,6.526538461538463,0.0,0.0,0.16903436130691712,0.0,0.0,0.1398012517007383,0.16903436130691712,0.0,0.10809246455267939,0,normal,low,False,0
2025-03-16,83.41900000000001,88.564,-5.809358204170869,13,6.416846153846155,0.0,0.0,0.1974729793281184,0.0,0.0,0.13636788556368715,0.1974729793281184,0.0,0.11684430271213192,0,gradual_decline,low,False,0
2025-03-17,59.041,88.33249999999998,-33.16050151378981,9,6.560111111111111,0.0,0.0,0.646251708603333,0.0,0.0,0.9692209549098307,0.646251708603333,0.0,0.5654154322296073,2,outage,high,True,0
2025-03-18,84.441,88.14349999999999,-4.200536624887804,13,6.495461538461539,0.0,0.0,0.3694830618911005,0.0,0.0,0.2804565975543036,0.3694830618911005,0.0,0.2274788808058914,0,normal,low,False,0
2025-03-19,82.82,87.9345,-5.816260966903598,12,6.901666666666666,0.0,0.0,0.2573787783304009,0.0,0.0,0.2770637098801467,0.2573787783304009,0.0,0.18705487087369166,0,gradual_decline,low,False,0
2025-03-20,83.249,87.56049999999999,-4.92402396051959,12,6.937416666666667,0.0,0.0,0.16942684820993156,0.0,0.0,0.2684386588021194,0.16942684820993156,0.0,0.15325292745421784,0,normal,low,False,0
2025-03-21,82.659,87.3625,-5.383888968317244,12,6.88825,0.0,0.0,0.15581284468530823,0.0,0.0,0.2625103002478317,0.15581284468530823,0.0,0.14641310072659897,0,gradual_decline,low,False,0
2025-03-22,82.531,87.1255,-5.273427412120747,12,6.877583333333334,0.0,0.0,0.16313211059145616,0.0,0.0,0.25593418453067057,0.16313211059145616,0.0,0.14667320329274436,0,gradual_decline,low,False,0
2025-03-23,82.59200000000001,86.84899999999999,-4.901610841749428,12,6.882666666666668,0.0,0.0,0.167007382689424,0.0,0.0,0.2471777007739304,0.167007382689424,0.0,0.14496477921217402,0,normal,low,False,0
2025-03-24,82.958,86.4605,-4.050982818696963,12,6.913166666666666,0.0,0.0,0.21097428955788416,0.0,0.0,0.23343305268341202,0.21097428955788416,0.0,0.15554256978445363,0,normal,low,False,0
2025-03-25,82.29100000000001,85.918,-4.221466980094719,12,6.857583333333334,0.0,0.0,0.10738803213801333,0.0,0.0,0.22068814007104864,0.10738803213801333,0.0,0.11482666027317169,0,normal,low,False,0
2025-03-26,82.276,85.701,-3.996452783468142,12,6.856333333333333,0.0,0.0,0.11145330251111729,0.0,0.0,0.20662372262250703,0.11145330251111729,0.0,0.1113269587967685,0,normal,low,False,0
2025-03-27,80.821,85.4815,-5.452056877740188,12,6.735083333333333,0.0,0.0,0.09973995727063141,0.0,0.0,0.2010951072288919,0.09973995727063141,0.0,0.10529227257483316,0,gradual_decline,low,False,0
2025-03-28,80.32300000000001,85.0635,-5.57289554267608,12,6.693583333333334,0.0,0.0,0.08450003051927503,0.0,0.0,0.19627510135934537,0.08450003051927503,0.0,0.09827129615751713,0,gradual_decline,low,False,0
2025-03-29,81.584,84.643,-3.614002339193858,12,6.798666666666667,0.0,0.0,0.1091035126343044,0.0,0.0,0.179967957814477,0.1091035126343044,0.0,0.10117501465707349,0,normal,low,False,0
2025-03-30,83.449,83.93,-0.5730966281356817,12,6.954083333333333,0.0,0.0,0.15663764796665122,0.0,0.0,0.1458286514449574,0.15663764796665122,0.0,0.10586320479406301,0,normal,low,False,0
2025-03-31,83.62299999999999,83.434,0.2265263561590331,12,6.968583333333332,0.0,0.0,0.1600520338599122,0.0,0.0,0.10700027918219938,0.1600520338599122,0.0,0.09346830956473905,0,normal,low,False,0
2025-04-01,82.37400000000001,83.434,-1.2704652779290018,12,6.8645000000000005,0.0,0.0,0.1383548929037922,0.0,0.0,0.07695040947844023,0.1383548929037922,0.0,0.07535685583378134,0,normal,low,False,0
2025-04-02,80.12200000000001,83.334,-3.854369165000414,12,6.676833333333335,0.0,0.0,0.12747812160208535,0.0,0.0,0.06205280006014483,0.12747812160208535,0.0,0.06633582258178056,0,normal,low,False,0
2025-04-03,79.861,83.1035,-3.9017610569482333,12,6.655083333333334,0.0,0.0,0.1012764871039507,0.0,0.0,0.04743310124286168,0.1012764871039507,0.0,0.05204835592138433,0,normal,low,False,0
2025-04-04,79.509,82.889,-4.077742523084146,12,6.62575,0.0,0.0,0.09983407403143325,0.0,0.0,0.03384537462611232,0.09983407403143325,0.0,0.046787807030140946,0,normal,low,False,0
2025-04-05,79.916,82.73949999999999,-3.412517600379348,12,6.659666666666666,0.0,0.0,0.12020282757844371,0.0,0.0,0.016356705243018476,0.12020282757844371,0.0,0.04779583648751176,0,normal,low,False,0
2025-04-06,79.44200000000001,82.62550000000002,-3.8529267598519574,12,6.620166666666667,0.0,0.0,0.11124014615871589,0.0,0.0,0.0014506374225526765,0.11124014615871589,0.0,0.039441774253443994,0,normal,low,False,0
2025-04-07,78.74199999999999,82.56150000000001,-4.626248311808478,12,6.5618333333333325,0.0,0.0,0.10462480079358824,0.0,0.0,0.0,0.10462480079358824,0.0,0.03661868027775588,0,normal,low,False,0
2025-04-08,77.54199999999999,82.45250000000001,-5.95555016517446,12,6.461833333333332,0.0,0.0,0.12007887729868937,0.0,0.0,0.0,0.12007887729868937,0.0,0.042027607054541276,0,gradual_decline,low,False,0
2025-04-09,77.28,82.33250000000001,-6.136701788405115,12,6.44,0.0,0.0,0.09201208326845453,0.0,0.0,0.0,0.09201208326845453,0.0,0.03220422914395908,0,gradual_decline,low,False,0
2025-04-10,77.415,82.33250000000001,-5.972732517463062,12,6.451250000000001,0.0,0.0,0.10088574634938999,0.0,0.0,0.0,0.10088574634938999,0.0,0.03531001122228649,0,gradual_decline,low,False,0
2025-04-11,76.50000000000001,82.2835,-7.028748169353152,12,6.375000000000001,0.0,0.0,0.1188334520216343,0.0,0.0,0.003717253603246463,0.1188334520216343,0.0,0.04289274696870826,0,gradual_decline,low,False,0
2025-04-12,75.951,81.93,-7.297693152602265,12,6.329249999999999,0.0,0.0,0.13351330612316883,0.0,0.0,0.009011626390008291,0.13351330612316883,0.0,0.04988372637961199,0,gradual_decline,low,False,0
2025-04-13,76.677,81.2025,-5.573104276277531,12,6.38975,0.0,0.0,0.11744795167079138,0.0,0.0,0.004192844554325913,0.11744795167079138,0.0,0.042574278678791044,0,gradual_decline,low,False,0
2025-04-14,76.806,80.572,-4.674080325613445,12,6.4005,0.0,0.0,0.12690715326313218,0.0,0.0,0.0,0.12690715326313218,0.0,0.04441750364209626,0,normal,low,False,0
2025-04-15,76.362,80.572,-5.225140247167448,12,6.363499999999999,0.0,0.0,0.12976953770933294,0.0,0.0,0.0,0.12976953770933294,0.0,0.045419338198266525,0,gradual_decline,low,False,0
2025-04-16,75.47,80.22250000000001,-5.92414846201598,12,6.289166666666667,0.0,0.0,0.14516858845610328,0.0,0.0,0.0,0.14516858845610328,0.0,0.050809005959636146,0,gradual_decline,low,False,0
2025-04-17,74.472,80.019,-6.932103625302352,12,6.206,0.0,0.0,0.15891783157789083,0.0,0.0,0.003150520725156552,0.15891783157789083,0.0,0.05672392330606658,0,gradual_decline,low,False,0
2025-04-18,74.163,79.8885,-7.1668638163544545,12,6.18025,0.0,0.0,0.16075862766541937,0.0,0.0,0.0076776977328028954,0.16075862766541937,0.0,0.058952713889377784,0,gradual_decline,low,False,0
2025-04-19,74.526,79.685,-6.47424232908987,12,6.2105,0.0,0.0,0.15781368417040173,0.0,0.3755,0.00814327589118525,0.15781368417040173,0.3755,0.17073493602155543,1,gradual_decline,moderate,False,0
2025-04-20,74.44600000000001,79.47550000000001,-6.328365345215461,12,6.203833333333335,0.0,0.0,0.15487853571588414,0.0,0.3755,0.007753417421145388,0.15487853571588414,0.3755,0.16957118359796033,1,gradual_decline,moderate,False,0
2025-04-21,74.04999999999998,79.092,-6.37485459962609,12,6.170833333333332,0.0,0.0,0.16655061807631313,0.0,0.3755,0.007636176399003467,0.16655061807631313,0.3755,0.1736153780663608,1,gradual_decline,moderate,False,0
2025-04-22,72.58400000000002,78.142,-7.112692278069223,12,6.048666666666668,0.0,0.0,0.2439049294622711,0.0,0.3755,0.011845686309096846,0.2439049294622711,0.3755,0.20216271551997878,1,gradual_decline,moderate,False,0
2025-04-23,71.936,77.4785,-7.153597449522711,12,5.994666666666667,0.0,0.0,0.24356889271747242,0.0,0.3755,0.016295068068908004,0.24356889271747242,0.3755,0.20360238627523314,1,gradual_decline,moderate,False,0
2025-04-24,71.835,77.3475,-7.126927179196139,11,6.530454545454545,0.0,0.0,0.16840261393591022,0.0,0.0,0.020588052804861624,0.16840261393591022,0.0,0.06614673335927014,0,gradual_decline,low,False,0
2025-04-25,71.033,77.043,-7.800838492688493,11,6.457545454545454,0.0,0.0,0.1704827094844862,0.0,0.0,0.028832918136083175,0.1704827094844862,0.0,0.06976046966719927,0,gradual_decline,low,False,1
2025-04-26,70.318,76.7415,-8.370308112190015,10,7.0318,0.0,0.0,0.23464825993482502,0.0,0.0,0.040417207949200167,0.23464825993482502,0.0,0.09627291375940882,0,gradual_decline,low,False,0
2025-04-27,69.326,76.58850000000001,-9.482494107999493,10,6.932599999999999,0.0,0.0,0.25419976768437763,0.0,0.0,0.05852346314139828,0.25419976768437763,0.0,0.10945313078902155,0,gradual_decline,low,False,0
2025-04-28,69.85300000000001,76.43100000000001,-8.606455495694073,10,6.9853000000000005,0.0,0.0,0.23395024825438038,0.0,0.0,0.07149254386662625,0.23395024825438038,0.0,0.10690497724235232,0,gradual_decline,low,False,0
2025-04-29,69.66499999999999,76.1565,-8.523894874258616,10,6.966499999999999,0.0,0.0,0.20774460238750622,0.0,0.0,0.08397748118714828,0.20774460238750622,0.0,0.10210272925112907,0,gradual_decline,low,False,0
2025-04-30,69.521,75.7105,-8.175220081650819,10,6.9521,0.0,0.0,0.19199589240837628,0.0,0.0,0.09441775607304645,0.19199589240837628,0.0,0.10024477696849794,0,gradual_decline,low,False,0
2025-05-01,69.321,74.99799999999999,-7.569535187504063,10,6.9321,0.0,0.0,0.16713799970178017,0.0,0.0,0.10130623663214906,0.16713799970178017,0.0,0.09395548271687523,0,gradual_decline,low,False,0
2025-05-02,68.594,74.499,-7.926280889569978,10,6.859399999999999,0.0,0.0,0.1493741050803662,0.0,0.0,0.11028670821323579,0.1493741050803662,0.0,0.09088128465276069,0,gradual_decline,low,False,0
2025-05-03,69.244,74.459,-7.00385447015131,10,6.9244,0.0,0.0,0.16279233045588573,0.0,0.0,0.1138579827761388,0.16279233045588573,0.0,0.09682760963120858,0,gradual_decline,low,False,0
2025-05-04,68.988,74.3045,-7.155017529124688,10,6.8988,0.0,0.0,0.14450171669167874,0.0,0.0,0.11831569201897398,0.14450171669167874,0.0,0.09198609304872846,0,gradual_decline,low,False,0
2025-05-05,69.01100000000001,74.10649999999998,-6.875915068086084,10,6.901100000000001,0.0,0.0,0.13427135232804774,0.0,0.0,0.12113671765405946,0.13427135232804774,0.0,0.0893928244937375,0,gradual_decline,low,False,0
2025-05-06,68.494,73.31700000000001,-6.578283344837111,10,6.8494,0.0,0.0,0.12816503105295868,0.0,0.0,0.12221240231015407,0.12816503105295868,0.0,0.08763210167708946,0,gradual_decline,low,False,0
2025-05-07,67.69800000000001,72.26000000000002,-6.3133130361706025,10,6.769800000000001,0.0,0.0,0.11465733658714246,0.0,0.0,0.12173427565580358,0.11465733658714246,0.0,0.08273706428503111,0,gradual_decline,low,False,0
2025-05-08,66.54100000000001,71.88550000000001,-7.434739968318574,10,6.6541000000000015,0.0,0.0,0.11687423038702571,0.0,0.0,0.12783230411776972,0.11687423038702571,0.0,0.0856472870766784,0,gradual_decline,low,False,0
2025-05-09,66.373,71.434,-7.08486155042297,10,6.637300000000001,0.0,0.0,0.0997187419790717,0.0,0.0,0.1318786119709523,0.0997187419790717,0.0,0.08105907388250838,0,gradual_decline,low,False,0
2025-05-10,65.542,70.6755,-7.2634788574928555,10,6.5542,0.0,0.0,0.1091756969739285,0.0,0.0,0.13697234884877982,0.1091756969739285,0.0,0.08615181603794791,0,gradual_decline,low,False,0
2025-05-11,65.757,70.0855,-6.176027851607295,10,6.5757,0.0,0.0,0.09571688258989298,0.0,0.0,0.13568916870143785,0.09571688258989298,0.0,0.08099211795196579,0,gradual_decline,low,False,0
2025-05-12,59.268,69.759,-15.038919709069237,9,6.585333333333334,0.0,0.0,0.3807470157589319,0.0,0.0,0.41939434026944666,0.3807470157589319,0.0,0.28004947460993246,1,sudden_drop,moderate,False,1
2025-05-13,67.363,69.59299999999999,-3.204345264563888,10,6.7363,0.0,0.0,0.22911121264565312,0.0,0.0,0.1676694247527246,0.22911121264565312,0.0,0.1388732230894322,0,normal,low,False,0
2025-05-14,64.809,69.42349999999999,-6.6468847003298945,10,6.4809,0.0,0.0,0.13436754806511073,0.0,0.0,0.1691473943388289,0.13436754806511073,0.0,0.10623022984137886,0,gradual_decline,low,False,0
2025-05-15,64.471,69.3235,-6.999790835618505,10,6.447100000000001,0.0,0.0,0.10114102977428219,0.0,0.0,0.1726948393589791,0.10114102977428219,0.0,0.09584255419664145,0,gradual_decline,low,False,0
2025-05-16,64.578,69.2825,-6.7903150145160645,10,6.457800000000001,0.0,0.0,0.09452204168201409,0.0,0.0,0.17501389806772794,0.09452204168201409,0.0,0.0943375789124097,0,gradual_decline,low,False,0
2025-05-17,64.214,69.1275,-7.1078803658875565,10,6.4214,0.0,0.0,0.10100081793741356,0.0,0.0,0.1791951904631482,0.10100081793741356,0.0,0.09806860294019662,0,gradual_decline,low,False,0
2025-05-18,64.528,68.99950000000001,-6.4804817425274095,10,6.452800000000001,0.0,0.0,0.10259148651869793,0.0,0.0,0.17969735714051813,0.10259148651869793,0.0,0.09880109528072561,0,gradual_decline,low,False,0
2025-05-19,65.699,68.791,-4.494774025606621,10,6.5699,0.0,0.0,0.15007109664350188,0.0,0.0,0.16855514326326176,0.15007109664350188,0.0,0.11151918396736726,0,normal,low,False,0
2025-05-20,65.837,68.544,-3.949288048495128,10,6.5837,0.0,0.0,0.08713818240156772,0.0,0.0,0.15421414728400087,0.08713818240156772,0.0,0.08447331538994901,0,normal,low,False,0
2025-05-21,65.843,68.096,-3.3085643796506607,10,6.584300000000001,0.0,0.0,0.08368927014555975,0.0,0.0,0.13611588624160637,0.08368927014555975,0.0,0.07693180473550813,0,normal,low,False,0
2025-05-22,65.74199999999999,67.5305,-2.6484329302663667,10,6.574199999999999,0.0,0.0,0.09349707769750118,0.0,0.0,0.11414655104907073,0.09349707769750118,0.0,0.07267527006130017,0,normal,low,False,0
2025-05-23,65.161,66.952,-2.6750507826102976,10,6.5161,0.0,0.0,0.08073259994282513,0.0,0.0,0.09233330549631363,0.08073259994282513,0.0,0.060573066903698555,0,normal,low,False,0
2025-05-24,64.864,66.45700000000001,-2.3970386866335116,10,6.486400000000001,0.0,0.0,0.0744127581939539,0.0,0.0,0.0688897703411356,0.0744127581939539,0.0,0.050155884987281324,0,normal,low,False,0
2025-05-25,64.40299999999999,66.108,-2.579112966621621,10,6.440299999999999,0.0,0.0,0.0726723887792228,0.0,0.0,0.04651393623144616,0.0726723887792228,0.0,0.04171521375373413,0,normal,low,False,0
2025-05-26,64.793,65.84,-1.5902187120050042,10,6.4793,0.0,0.0,0.07923283325515916,0.0,0.0,0.018339131341255508,0.07923283325515916,0.0,0.03415018760874513,0,normal,low,False,0
2025-05-27,64.532,65.797,-1.9225800568122782,10,6.4532,0.0,0.0,0.07040201944803644,0.0,0.0,0.0,0.07040201944803644,0.0,0.02464070680681275,0,normal,low,False,0
2025-05-28,64.821,65.7495,-1.4121780393552466,10,6.4821,0.0,0.0,0.07907061022801683,0.0,0.0,0.0,0.07907061022801683,0.0,0.027674713579805887,0,normal,low,False,0
2025-05-29,64.223,65.72049999999999,-2.2785888725393177,10,6.4223,0.0,0.0,0.08244231612729537,0.0,0.0,0.0,0.08244231612729537,0.0,0.028854810644553378,0,normal,low,False,0
2025-05-30,63.998000000000005,65.62049999999999,-2.472550498663166,10,6.399800000000001,0.0,0.0,0.07771788067492623,0.0,0.0,0.0,0.07771788067492623,0.0,0.027201258236224178,0,normal,low,False,0
2025-05-31,64.09700000000001,65.3515,-1.9196192895049031,10,6.409700000000001,0.0,0.0,0.08105507243056836,0.0,0.0,0.0,0.08105507243056836,0.0,0.028369275350698924,0,normal,low,False,0
2025-06-01,64.485,65.0125,-0.8113824264439755,10,6.4485,0.0,0.0,0.11257984671171826,0.0,0.0,0.0,0.11257984671171826,0.0,0.03940294634910139,0,normal,low,False,0
2025-06-02,64.151,64.8425,-1.0664301962283078,10,6.4151,0.0,0.0,0.09751068199053245,0.0,0.0,0.0,0.09751068199053245,0.0,0.03412873869668635,0,normal,low,False,0
2025-06-03,64.018,64.815,-1.229653629542082,10,6.4018,0.0,0.0,0.10120957544716314,0.0,0.0,0.0,0.10120957544716314,0.0,0.0354233514065071,0,normal,low,False,0
2025-06-04,63.869,64.801,-1.4382494097091396,10,6.3869,0.0,0.0,0.10906760792645778,0.0,0.0,0.0,0.10906760792645778,0.0,0.03817366277426022,0,normal,low,False,0
2025-06-05,63.99499999999999,64.6855,-1.0674726174943991,10,6.399499999999999,0.0,0.0,0.1002897597926786,0.0,0.0,0.0,0.1002897597926786,0.0,0.035101415927437506,0,normal,low,False,0
2025-06-06,64.21300000000001,64.555,-0.5297808070555354,10,6.4213000000000005,0.0,0.0,0.11520626833203484,0.0,0.0,0.0,0.11520626833203484,0.0,0.040322193916212196,0,normal,low,False,0
2025-06-07,64.01700000000001,64.53,-0.7949790794855743,10,6.401700000000001,0.0,0.0,0.105490358373051,0.0,0.0,0.0,0.105490358373051,0.0,0.036921625430567845,0,normal,low,False,0
2025-06-08,63.557,64.5065,-1.4719446877218278,10,6.355700000000001,0.0,0.0,0.1104107482434736,0.0,0.0,0.0,0.1104107482434736,0.0,0.03864376188521576,0,normal,low,False,0
2025-06-09,63.76,64.47800000000001,-1.113558112827437,10,6.376,0.0,0.0,0.11219041428986484,0.0,0.0,0.0,0.11219041428986484,0.0,0.039266645001452695,0,normal,low,False,0
2025-06-10,63.659,64.47800000000001,-1.2702006885872819,10,6.3659,0.0,0.0,0.10990950337467645,0.0,0.0,0.0,0.10990950337467645,0.0,0.038468326181136756,0,normal,low,False,0
2025-06-11,62.796,64.437,-2.546673495002144,10,6.2796,0.0,0.0,0.14790921288912307,0.0,0.0,0.0,0.14790921288912307,0.0,0.05176822451119307,0,normal,low,False,0
2025-06-12,60.749,64.31299999999999,-5.5416478782587815,10,6.0749,0.0,0.0,0.2633421217906143,0.0,0.0,0.0,0.2633421217906143,0.0,0.092169742626715,0,gradual_decline,low,False,0
2025-06-13,60.365,64.2185,-6.000607301540829,10,6.036499999999999,0.0,0.0,0.2029599126244839,0.0,0.0,0.0,0.2029599126244839,0.0,0.07103596941856936,0,gradual_decline,low,False,0
2025-06-14,59.756,64.21350000000001,-6.941686716859527,10,5.9756,0.0,0.0,0.19142501399562933,0.0,0.0,0.0032067168934197293,0.19142501399562933,0.0,0.06812110581116718,0,gradual_decline,low,False,0
2025-06-15,59.4,64.182,-7.450687108419022,10,5.94,0.0,0.0,0.17130850675708517,0.0,0.0,0.009398260914853785,0.17130850675708517,0.0,0.06324736868517863,0,gradual_decline,low,False,0
2025-06-16,59.321000000000005,64.124,-7.490175285267744,10,5.9321,0.0,0.0,0.15821148761781717,0.0,0.0,0.015821367393701234,0.15821148761781717,0.0,0.060911499254031436,0,gradual_decline,low,False,0
2025-06-17,58.81700000000001,64.0575,-8.180931194502108,10,5.8817,0.0,0.0,0.17088266728472626,0.0,0.0,0.026295132793265716,0.17088266728472626,0.0,0.06901223002729719,0,gradual_decline,low,False,0
2025-06-18,58.557,64.01750000000001,-8.529698910320947,10,5.855700000000001,0.0,0.0,0.14869106662952125,0.0,0.0,0.038814105538078354,0.14869106662952125,0.0,0.06562681025865987,0,gradual_decline,low,False,0
2025-06-19,58.423,64.00750000000001,-8.724758817189793,10,5.8423,0.0,0.0,0.15389542494287614,0.0,0.0,0.05247692829020877,0.15389542494287614,0.0,0.07223032363157972,0,gradual_decline,low,False,0
2025-06-20,58.25699999999999,63.9965,-8.96845921247306,10,5.825699999999999,0.0,0.0,0.15108388784744062,0.0,0.0,0.06756883354013583,0.15108388784744062,0.0,0.07652845248565175,0,gradual_decline,low,False,0
2025-06-21,58.386,63.932,-8.674842019510184,10,5.8386000000000005,0.0,0.0,0.13953760848084742,0.0,0.0,0.0809389394018112,0.13953760848084742,0.0,0.07716679175893051,0,gradual_decline,low,False,0
2025-06-22,58.26200000000001,63.8145,-8.701000556163544,10,5.826200000000001,0.0,0.0,0.13087287454781732,0.0,0.0,0.09446244143199026,0.13087287454781732,0.0,0.07886736059293264,0,gradual_decline,low,False,0
2025-06-23,58.312,63.7095,-8.472048909370315,10,5.8312,0.0,0.0,0.14663485112024655,0.0,0.0,0.10664334904046717,0.14663485112024655,0.0,0.08864737005624979,0,gradual_decline,low,False,0
2025-06-24,58.229,63.608,-8.456483461066899,10,5.8229,0.0,0.0,0.15793373045303993,0.0,0.0,0.1187329793667923,0.15793373045303993,0.0,0.09683334843694127,0,gradual_decline,low,False,0
2025-06-25,58.3,63.1765,-7.71885115497505,10,5.83,0.0,0.0,0.15426765448084145,0.0,0.0,0.1264970630840528,0.15426765448084145,0.0,0.09826765114771299,0,gradual_decline,low,False,0
2025-06-26,58.67,61.7725,-5.022461451211744,10,5.867,0.0,0.0,0.1605033121279221,0.0,0.0,0.11844925889523007,0.1605033121279221,0.0,0.09763339985810326,0,gradual_decline,low,False,0
2025-06-27,60.111,60.557,-0.7364961936566212,10,6.0111,0.0,0.0,0.17705939766911538,0.0,0.0,0.08526814325396977,0.17705939766911538,0.0,0.09181463932307979,0,normal,low,False,0
2025-06-28,59.70099999999999,60.238,-0.8914638600071243,10,5.9701,0.0,0.0,0.13384679539980235,0.0,0.0,0.05299577287530321,0.13384679539980235,0.0,0.06539489889628694,0,normal,low,False,0
2025-06-29,60.129000000000005,59.9335,0.3261948659710191,10,6.0129,0.0,0.0,0.15654504338377637,0.0,0.0,0.013582934909121826,0.15654504338377637,0.0,0.05954479240251436,0,normal,low,False,0
2025-06-30,60.267,59.9335,0.5564500654799674,10,6.0267,0.0,0.0,0.15550549426652963,0.0,0.0,0.0,0.15550549426652963,0.0,0.054426922993285366,0,normal,low,False,0
2025-07-01,60.263,59.9335,0.5497760017260767,10,6.0263,0.0,0.0,0.13648945854337283,0.0,0.0,0.0,0.13648945854337283,0.0,0.047771310490180484,0,normal,low,False,0
2025-07-02,60.294,59.9335,0.6014999958186652,10,6.0294,0.0,0.0,0.14704224315442369,0.0,0.0,0.0,0.14704224315442369,0.0,0.05146478510404829,0,normal,low,False,0
2025-07-03,61.641,59.9335,2.848990964938651,10,6.1641,0.0,0.0,0.1827964030929494,0.0,0.0,0.0,0.1827964030929494,0.0,0.06397874108253228,0,normal,low,False,0
2025-07-04,64.183,59.9335,7.090358480531091,10,6.4183,0.0,0.0,0.24336190635353477,0.0,0.0,0.0,0.24336190635353477,0.0,0.08517666722373717,0,normal,low,False,0
2025-07-05,62.664,59.9335,4.555882769994144,10,6.2664,0.0,0.0,0.18759048779118745,0.0,0.0,0.0,0.18759048779118745,0.0,0.0656566707269156,0,normal,low,False,0
2025-07-06,62.635000000000005,59.9335,4.5074958077785015,10,6.2635000000000005,0.0,0.0,0.1720139949821491,0.0,0.0,0.0,0.1720139949821491,0.0,0.06020489824375218,0,normal,low,False,0
2025-07-07,60.622,59.9335,1.1487732236370476,10,6.0622,0.0,0.0,0.16856259766155104,0.0,0.0,0.0,0.16856259766155104,0.0,0.058996909181542864,0,normal,low,False,0
2025-07-08,57.363,59.9335,-4.288920219838844,10,5.7363,0.0,0.0,0.2140376703063988,0.0,0.0,0.0,0.2140376703063988,0.0,0.07491318460723957,0,normal,low,False,0
2025-07-09,56.975,59.7285,-4.610027038941034,10,5.6975,0.0,0.0,0.20210243376905257,0.0,0.0,0.0,0.20210243376905257,0.0,0.07073585181916839,0,normal,low,False,0
2025-07-10,57.326,59.5505,-3.7354850084594493,10,5.7326,0.0,0.0,0.1934323011245211,0.0,0.0,0.0,0.1934323011245211,0.0,0.06770130539358238,0,normal,low,False,0
2025-07-11,57.335,59.3605,-3.4122017165722642,10,5.7335,0.0,0.0,0.2101573217120511,0.0,0.0,0.0,0.2101573217120511,0.0,0.07355506259921787,0,normal,low,False,0
2025-07-12,57.551,59.069,-2.569875907793093,10,5.7551,0.0,0.0,0.17876294144041652,0.0,0.0,0.0,0.17876294144041652,0.0,0.06256702950414578,0,normal,low,False,0
2025-07-13,58.216,58.7435,-0.8979716904696122,10,5.8216,0.0,0.0,0.13830568782716315,0.0,0.0,0.0,0.13830568782716315,0.0,0.0484069907395071,0,normal,low,False,0
2025-07-14,57.32899999999999,58.6135,-2.191474660237136,10,5.732899999999999,0.0,0.0,0.16361904224813054,0.0,0.0,0.0,0.16361904224813054,0.0,0.05726666478684568,0,normal,low,False,0
2025-07-15,58.057,58.49,-0.7402974867372147,10,5.8057,0.0,0.0,0.13284772864719666,0.0,0.0,0.0,0.13284772864719666,0.0,0.04649670502651883,0,normal,low,False,0
2025-07-16,55.78,58.4045,-4.493660591144623,10,5.578,0.0,0.0,0.2173137684968763,0.0,0.0,0.0,0.2173137684968763,0.0,0.0760598189739067,0,normal,low,False,0
2025-07-17,56.867,58.349,-2.5398892868337084,10,5.6867,0.0,0.0,0.18225439999818605,0.0,0.0,0.0,0.18225439999818605,0.0,0.06378903999936511,0,normal,low,False,0
2025-07-18,57.631,58.306,-1.1576853153850726,10,5.7631,0.0,0.0,0.14448793215735,0.0,0.0,0.0,0.14448793215735,0.0,0.0505707762550725,0,normal,low,False,0
2025-07-19,57.96800000000001,58.306,-0.579700202370579,10,5.796800000000001,0.0,0.0,0.13966820116482487,0.0,0.0,0.0,0.13966820116482487,0.0,0.0488838704076887,0,normal,low,False,0
2025-07-20,58.327,58.281000000000006,0.07892795250459496,10,5.8327,0.0,0.0,0.13411579192593487,0.0,0.0,0.0,0.13411579192593487,0.0,0.0469405271740772,0,normal,low,False,0
2025-07-21,59.218,58.306,1.5641614927869596,10,5.9218,0.0,0.0,0.16910332102234307,0.0,0.0,0.0,0.16910332102234307,0.0,0.05918616235782007,0,normal,low,False,0
2025-07-22,64.87,58.3135,11.243537088131516,10,6.487,0.0,0.0,0.33040957467403714,0.0,0.0,0.0,0.33040957467403714,0.0,0.115643351135913,0,increase,low,False,0
2025-07-23,68.294,58.4985,16.744873799896663,10,6.8294,0.0,0.0,0.40212949509404017,0.0,0.0,0.0,0.40212949509404017,0.0,0.14074532328291406,0,increase,low,False,0
2025-07-24,67.57,58.944,14.634229098557357,10,6.757,0.0,0.0,0.33541359842617824,0.0,0.0,0.0,0.33541359842617824,0.0,0.11739475944916238,0,increase,low,False,0
2025-07-25,66.737,59.4595,12.23942347291451,10,6.673699999999999,0.0,0.0,0.2841980788662705,0.0,0.0,0.0,0.2841980788662705,0.0,0.09946932760319467,0,increase,low,False,0
2025-07-26,67.03099999999999,59.4595,12.733877681232864,10,6.703099999999999,0.0,0.0,0.25940118647862315,0.0,0.0,0.0,0.25940118647862315,0.0,0.09079041526751809,0,increase,low,False,0
2025-07-27,66.69500000000001,59.6735,11.766529531336936,10,6.669500000000001,0.0,0.0,0.23202251834881693,0.0,0.0,0.0,0.23202251834881693,0.0,0.08120788142208592,0,increase,low,False,0
2025-07-28,65.49600000000001,59.7405,9.634167775468352,10,6.549600000000001,0.0,0.0,0.20050522523587233,0.0,0.0,0.0,0.20050522523587233,0.0,0.07017682883255531,0,normal,low,False,0
2025-07-29,67.495,59.7405,12.980306492028365,10,6.7495,0.0,0.0,0.20604666091182797,0.0,0.0,0.0,0.20604666091182797,0.0,0.07211633131913979,0,increase,low,False,0
2025-07-30,67.746,59.756,13.371042238212539,10,6.7746,0.0,0.0,0.18221162643221422,0.0,0.0,0.0,0.18221162643221422,0.0,0.06377406925127498,0,increase,low,False,0
2025-07-31,68.099,59.92,13.649866488423736,10,6.809900000000001,0.0,0.0,0.18443265141590517,0.0,0.0,0.0,0.18443265141590517,0.0,0.0645514279955668,0,increase,low,False,0
2025-08-01,68.71000000000001,59.92,14.669559412305258,10,6.871,0.0,0.0,0.20730763279045297,0.0,0.0,0.0,0.20730763279045297,0.0,0.07255767147665854,0,increase,low,False,1
2025-08-02,68.62899999999999,59.92,14.534379171987059,10,6.862899999999999,0.0,0.0,0.19664719876363695,0.0,0.0,0.0,0.19664719876363695,0.0,0.06882651956727293,0,increase,low,False,0
2025-08-03,68.992,59.92,15.140186915635182,10,6.8992,0.0,0.0,0.2144083383252381,0.0,0.0,0.0,0.2144083383252381,0.0,0.07504291841383333,0,increase,low,False,0
2025-08-04,69.582,59.92,16.1248331105453,10,6.9582,0.0,0.0,0.24173437510557452,0.0,0.0,0.0,0.24173437510557452,0.0,0.08460703128695107,0,increase,low,False,0
2025-08-05,68.772,62.044,10.843917219862629,10,6.8772,0.0,0.0,0.20298836416228655,0.0,0.0,0.0,0.20298836416228655,0.0,0.07104592745680029,0,increase,low,False,0
2025-08-06,69.054,65.183,5.938664989246595,10,6.9054,0.0,0.0,0.17988411922742809,0.0,0.0,0.0,0.17988411922742809,0.0,0.06295944172959983,0,normal,low,False,0
2025-08-07,69.55,66.09550000000002,5.226528280968773,10,6.955,0.0,0.0,0.19862121765962526,0.0,0.0,0.0,0.19862121765962526,0.0,0.06951742618086884,0,normal,low,False,0
2025-08-08,69.546,66.71600000000001,4.241861022779512,10,6.954600000000001,0.0,0.0,0.20255827296525009,0.0,0.0,0.0,0.20255827296525009,0.0,0.07089539553783752,0,normal,low,False,0
2025-08-09,70.848,66.88399999999999,5.926679026285429,11,6.440727272727273,0.0,0.0,0.16046245857005864,0.0,0.0,0.0,0.16046245857005864,0.0,0.05616186049952052,0,normal,low,False,0
2025-08-10,71.346,67.263,6.0702020426375505,11,6.486000000000001,0.0,0.0,0.15154152106921626,0.0,0.0,0.0,0.15154152106921626,0.0,0.053039532374225686,0,normal,low,False,0
2025-08-11,71.801,67.5325,6.320660422665822,11,6.527363636363637,0.0,0.0,0.1508443167434514,0.0,0.0,0.0,0.1508443167434514,0.0,0.052795510860207985,0,normal,low,False,0
2025-08-12,68.717,67.65799999999999,1.5652251026993993,11,6.247,0.0,0.0,0.18019082057209299,0.0,0.0,0.0,0.18019082057209299,0.0,0.06306678720023254,0,normal,low,False,0
2025-08-13,63.485,67.9225,-6.5331811990646225,11,5.7713636363636365,0.0,0.0,0.2626372581840015,0.0,0.0,0.0008112013463255943,0.2626372581840015,0.0,0.09220696083561448,0,gradual_decline,low,False,0
2025-08-14,64.025,67.9225,-5.738157458784073,11,5.820454545454546,0.0,0.0,0.21677988596966777,0.0,0.0,0.0,0.21677988596966777,0.0,0.07587296008938371,0,gradual_decline,low,False,0
2025-08-15,64.296,67.9225,-5.339173322458097,11,5.84509090909091,0.0,0.0,0.2246072542280106,0.0,0.0,0.0,0.2246072542280106,0.0,0.0786125389798037,0,gradual_decline,low,False,0
2025-08-16,64.94200000000001,67.9225,-4.388089366492857,11,5.903818181818182,0.0,0.0,0.2049130945515323,0.0,0.0,0.0,0.2049130945515323,0.0,0.0717195830930363,0,normal,low,False,0
2025-08-17,65.35300000000001,67.9225,-3.7829879641682225,11,5.941181818181819,0.0,0.0,0.18813225532000438,0.0,0.0,0.0,0.18813225532000438,0.0,0.06584628936200153,0,normal,low,False,0
2025-08-18,65.68599999999999,67.9225,-3.2927233243285796,11,5.971454545454545,0.0,0.0,0.18606334721675433,0.0,0.0,0.0,0.18606334721675433,0.0,0.06512217152586401,0,normal,low,False,0
2025-08-19,65.124,67.9225,-4.120136920694619,11,5.920363636363636,0.0,0.0,0.16946326889464927,0.0,0.0,0.0,0.16946326889464927,0.0,0.05931214411312724,0,normal,low,False,0
2025-08-20,66.10799999999999,67.9225,-2.671426993961199,11,6.009818181818181,0.0,0.0,0.15283013063768452,0.0,0.0,0.0,0.15283013063768452,0.0,0.05349054572318958,0,normal,low,False,0
2025-08-21,66.532,67.65799999999999,-1.6642525643432382,11,6.048363636363636,0.0,0.0,0.1370483216882822,0.0,0.0,0.0,0.1370483216882822,0.0,0.04796691259089877,0,normal,low,False,0
2025-08-22,67.103,67.62049999999999,-0.7653004636054825,11,6.100272727272727,0.0,0.0,0.1421109606764355,0.0,0.0,0.0,0.1421109606764355,0.0,0.049738836236752425,0,normal,low,False,0
2025-08-23,68.642,67.62049999999999,1.5106365672908317,12,5.720166666666667,0.0,0.0,0.2793686887318698,0.0,0.0,0.0,0.2793686887318698,0.0,0.09777904105615443,0,normal,low,False,0
2025-08-24,67.544,67.9225,-0.5572527512892339,11,6.140363636363636,0.0,0.0,0.14882205038711213,0.0,0.0,0.0,0.14882205038711213,0.0,0.05208771763548924,0,normal,low,False,1
2025-08-25,67.559,67.9225,-0.5351687585036626,11,6.141727272727272,0.0,0.0,0.13191577123135423,0.0,0.0,0.0,0.13191577123135423,0.0,0.04617051993097398,0,normal,low,False,1
2025-08-26,68.67399999999999,67.9225,1.1064080385570745,11,6.243090909090909,0.0,0.0,0.16039963123425413,0.0,0.0,0.0,0.16039963123425413,0.0,0.05613987093198894,0,normal,low,False,0
2025-08-27,72.59299999999999,68.364,6.186004329673694,11,6.599363636363635,0.0,0.0,0.24047288688133794,0.0,0.0,0.0,0.24047288688133794,0.0,0.08416551040846827,0,normal,low,False,0
2025-08-28,77.759,68.6355,13.292683815033154,11,7.069,0.0,0.0,0.3979775369969719,0.0,0.0,0.0,0.3979775369969719,0.0,0.13929213794894016,0,increase,low,False,0
2025-08-29,77.03,68.65799999999999,12.193772029301869,11,7.002727272727273,0.0,0.0,0.28954256813244,0.0,0.0,0.0,0.28954256813244,0.0,0.101339898846354,0,increase,low,False,0
2025-08-30,72.13,68.65799999999999,5.056948935228873,11,6.557272727272727,0.0,0.0,0.23596192707870176,0.0,0.0,0.0,0.23596192707870176,0.0,0.08258667447754561,0,normal,low,False,0
2025-08-31,78.837,68.6955,14.762975740554152,12,6.56975,0.0,0.0,0.36099625989432504,0.0,0.0,0.0,0.36099625989432504,0.0,0.12634869096301377,0,increase,low,False,0
2025-09-01,79.11200000000001,68.6955,15.16329308302346,12,6.592666666666667,0.0,0.0,0.2370288017738862,0.0,0.0,0.0,0.2370288017738862,0.0,0.08296008062086016,0,increase,low,False,0
2025-09-02,80.54599999999999,68.6955,17.25076606157243,12,6.712166666666666,0.0,0.0,0.23990033708152902,0.0,0.0,0.0,0.23990033708152902,0.0,0.08396511797853515,0,increase,low,False,0
2025-09-03,78.93,68.6955,14.898355787280138,12,6.577500000000001,0.0,0.0,0.19475437460796824,0.0,0.0,0.0,0.19475437460796824,0.0,0.06816403111278888,0,increase,low,False,0
2025-09-04,78.651,68.6955,14.49221564710218,12,6.55425,0.0,0.0,0.15456336334671544,0.0,0.0,0.0,0.15456336334671544,0.0,0.0540971771713504,0,increase,low,False,0
2025-09-05,80.854,68.6955,17.699121485138054,12,6.737833333333334,0.0,0.0,0.19962571917662658,0.0,0.0,0.0,0.19962571917662658,0.0,0.0698690017118193,0,increase,low,False,0
2025-09-06,81.509,68.6955,18.652604609928567,12,6.792416666666667,0.0,0.0,0.1787224745202688,0.0,0.0,0.0,0.1787224745202688,0.0,0.06255286608209408,0,increase,low,False,0
2025-09-07,81.69499999999998,68.6955,18.9233647033805,12,6.807916666666665,0.0,0.0,0.15893005774310207,0.0,0.0,0.0,0.15893005774310207,0.0,0.05562552021008572,0,increase,low,False,0
2025-09-08,82.308,68.6955,19.815708452230282,12,6.859000000000001,0.0,0.0,0.1637398635763033,0.0,0.0,0.0,0.1637398635763033,0.0,0.05730895225170615,0,increase,low,False,0
2025-09-09,82.445,68.6955,20.01513927375133,12,6.870416666666666,0.0,0.0,0.16377275531746074,0.0,0.0,0.0,0.16377275531746074,0.0,0.057320464361111254,0,increase,low,False,0
2025-09-10,82.207,70.40199999999999,16.76798954551338,12,6.850583333333333,0.0,0.0,0.1496932136698692,0.0,0.0,0.0,0.1496932136698692,0.0,0.05239262478445422,0,increase,low,False,0
2025-09-11,83.07400000000001,72.36149999999999,14.804143086934321,12,6.922833333333334,0.0,0.0,0.1730392086425515,0.0,0.0,0.0,0.1730392086425515,0.0,0.060563723024893025,0,increase,low,False,0
2025-09-12,83.074,74.8115,11.044424987989226,12,6.922833333333333,0.0,0.0,0.16853162885347392,0.0,0.0,0.0,0.16853162885347392,0.0,0.05898607009871587,0,increase,low,False,0
2025-09-13,83.58099999999999,77.3945,7.993462067614702,12,6.965083333333332,0.0,0.0,0.16620717356670986,0.0,0.0,0.0,0.16620717356670986,0.0,0.05817251074834845,0,normal,low,False,0
2025-09-14,83.369,78.205,6.603158365748954,12,6.947416666666666,0.0,0.0,0.1657573670617606,0.0,0.0,0.0,0.1657573670617606,0.0,0.05801507847161621,0,normal,low,False,0
2025-09-15,84.272,78.744,7.020217413301082,12,7.022666666666667,0.0,0.0,0.17087942484752858,0.0,0.0,0.0,0.17087942484752858,0.0,0.059807798696634995,0,normal,low,False,0
2025-09-16,84.959,78.8835,7.701864141326116,13,6.5353076923076925,0.0,0.0,0.13914126360812365,0.0,0.0,0.0,0.13914126360812365,0.0,0.04869944226284328,0,normal,low,False,0
2025-09-17,86.091,79.02100000000002,8.946988775022472,13,6.622384615384615,0.0,0.0,0.1523459060932378,0.0,0.0,0.0,0.1523459060932378,0.0,0.05332106713263323,0,normal,low,False,0
2025-09-18,86.58000000000001,79.82900000000001,8.456826466466365,13,6.660000000000001,0.0,0.0,0.13904084216909582,0.0,0.0,0.0,0.13904084216909582,0.0,0.04866429475918353,0,normal,low,False,0
2025-09-19,86.91,80.69999999999999,7.695167286150008,13,6.685384615384615,0.0,0.0,0.16508754491313551,0.0,0.0,0.0,0.16508754491313551,0.0,0.057780640719597424,0,normal,low,False,0
2025-09-20,87.016,81.1815,7.186982255720991,13,6.693538461538462,0.0,0.0,0.128166786853871,0.0,0.0,0.0,0.128166786853871,0.0,0.04485837539885485,0,normal,low,False,0
2025-09-21,87.02300000000001,81.60199999999999,6.643219528851731,13,6.694076923076924,0.0,0.0,0.12563107820566688,0.0,0.0,0.0,0.12563107820566688,0.0,0.04397087737198341,0,normal,low,False,0
2025-09-22,87.875,81.951,7.228709838717916,13,6.759615384615385,0.0,0.0,0.12533134664685308,0.0,0.0,0.0,0.12533134664685308,0.0,0.04386597132639858,0,normal,low,False,0
2025-09-23,87.66700000000002,82.2575,6.576300033351681,13,6.743615384615386,0.0,0.0,0.12510017235349005,0.0,0.0,0.0,0.12510017235349005,0.0,0.043785060323721516,0,normal,low,False,0
2025-09-24,87.86499999999998,82.3765,6.6627011343445774,13,6.758846153846152,0.0,0.0,0.12670887286709928,0.0,0.0,0.0,0.12670887286709928,0.0,0.044348105503484746,0,normal,low,False,0
2025-09-25,87.862,82.7595,6.1654553252959925,13,6.758615384615384,0.0,0.0,0.12743956884219076,0.0,0.0,0.0,0.12743956884219076,0.0,0.044603849094766765,0,normal,low,False,0
2025-09-26,88.21399999999998,83.07400000000001,6.187254736666223,13,6.785692307692306,0.0,0.0,0.12893854822173803,0.0,0.0,0.0,0.12893854822173803,0.0,0.045128491877608305,0,normal,low,False,0
2025-09-27,89.05099999999999,83.2215,7.00480044210923,13,6.850076923076922,0.0,0.0,0.1250627816637559,0.0,0.0,0.0,0.1250627816637559,0.0,0.04377197358231456,0,normal,low,False,0
2025-09-28,89.333,83.475,7.017669960982123,13,6.871769230769231,0.0,0.0,0.12970429621977675,0.0,0.0,0.0,0.12970429621977675,0.0,0.04539650367692186,0,normal,low,False,0
2025-09-29,87.377,83.9265,4.111335513763683,13,6.721307692307692,0.0,0.0,0.13590298070182974,0.0,0.0,0.0,0.13590298070182974,0.0,0.047566043245640406,0,normal,low,False,0
2025-09-30,90.299,84.6155,6.716854476937252,13,6.946076923076922,0.0,0.0,0.18398359338938639,0.0,0.0,0.0,0.18398359338938639,0.0,0.06439425768628523,0,normal,low,False,0
2025-10-01,86.422,85.525,1.0488161356205825,13,6.647846153846154,0.0,0.0,0.13660484143819326,0.0,0.0,0.0,0.13660484143819326,0.0,0.04781169450336764,0,normal,low,False,0
2025-10-02,75.953,86.25649999999999,-11.945186739411563,12,6.329416666666667,0.0,0.0,0.370131907007817,0.0,0.0,0.03254772104584579,0.370131907007817,0.0,0.14093786981878198,0,sudden_drop,low,False,0
2025-10-03,73.882,86.25649999999999,-14.346165216368068,13,5.68323076923077,0.0,0.0,0.4111902751010879,0.0,0.0,0.3983754876326653,0.4111902751010879,0.0,0.28334801695681355,1,sudden_drop,moderate,False,0
2025-10-04,79.065,86.25649999999999,-8.337342692917773,13,6.0819230769230765,0.0,0.0,0.31069713611165856,0.0,0.0,0.09056598765485346,0.31069713611165856,0.0,0.1404420933182792,0,gradual_decline,low,False,0
2025-10-05,80.253,86.25649999999999,-6.960055184166281,13,6.173307692307692,0.0,0.0,0.22955647989158784,0.0,0.0,0.09388041900277343,0.22955647989158784,0.0,0.11320291461302644,0,gradual_decline,low,False,0
2025-10-06,80.067,86.25649999999999,-7.175691107253644,13,6.159,0.0,0.0,0.21528535000814744,0.0,0.0,0.09845936009111536,0.21528535000814744,0.0,0.10981064853474198,0,gradual_decline,low,False,0
2025-10-07,83.548,86.25649999999999,-3.1400532133446015,13,6.426769230769231,0.0,0.0,0.18610052509353567,0.0,0.0,0.07937293340306657,0.18610052509353567,0.0,0.09291571047381078,0,normal,low,False,0
2025-10-08,83.418,86.25649999999999,-3.2907664929217795,13,6.416769230769232,0.0,0.0,0.11500685781732568,0.0,0.0,0.06117030384542018,0.11500685781732568,0.0,0.061662006581961054,0,normal,low,False,0
2025-10-09,83.53,86.25649999999999,-3.160921205901443,13,6.425384615384616,0.0,0.0,0.11325798388049663,0.0,0.0,0.04220624906773481,0.11325798388049663,0.0,0.054412481531880996,0,normal,low,False,0
2025-10-10,84.27900000000001,86.25649999999999,-2.292580848952893,13,6.4830000000000005,0.0,0.0,0.10851315719005625,0.0,0.0,0.018150163131038583,0.10851315719005625,0.0,0.04433216211238319,0,normal,low,False,0
2025-10-11,85.029,86.25649999999999,-1.4230811590845458,13,6.540692307692307,0.0,0.0,0.09876456190298726,0.0,0.0,0.0,0.09876456190298726,0.0,0.03456759666604554,0,normal,low,False,0
2025-10-12,86.017,86.25649999999999,-0.2776602342979554,13,6.616692307692308,0.0,0.0,0.09229253830825107,0.0,0.0,0.0,0.09229253830825107,0.0,0.03230238840788787,0,normal,low,False,0
2025-10-13,85.499,86.25649999999999,-0.8781946867670395,13,6.576846153846153,0.0,0.0,0.07834634730185015,0.0,0.0,0.0,0.07834634730185015,0.0,0.02742122155564755,0,normal,low,False,0
2025-10-14,84.50800000000001,86.25649999999999,-2.027093610313087,13,6.500615384615386,0.0,0.0,0.08473238834797103,0.0,0.0,0.0,0.08473238834797103,0.0,0.02965633592178986,0,normal,low,False,0
2025-10-15,84.863,86.25649999999999,-1.615530423775407,13,6.527923076923077,0.0,0.0,0.08104633745115335,0.0,0.0,0.0,0.08104633745115335,0.0,0.02836621810790367,0,normal,low,False,0
2025-10-16,82.216,86.2195,-4.643381137623819,13,6.324307692307692,0.0,0.0,0.1091185943661042,0.0,0.0,0.0,0.1091185943661042,0.0,0.03819150802813647,0,normal,low,False,0
2025-10-17,79.306,85.758,-7.523496350107002,13,6.100461538461539,0.0,0.0,0.17209137618795062,0.0,0.0,0.0066185043997838535,0.17209137618795062,0.0,0.06254845820570706,0,gradual_decline,low,False,0
2025-10-18,85.752,85.264,0.5723400262646324,13,6.596307692307692,0.0,0.0,0.14566399750768053,0.0,0.0,0.0,0.14566399750768053,0.0,0.050982399127688184,0,normal,low,False,0
2025-10-19,85.944,85.264,0.797522987417939,13,6.611076923076923,0.0,0.0,0.08852120054769372,0.0,0.0,0.0,0.08852120054769372,0.0,0.0309824201916928,0,normal,low,False,0
2025-10-20,86.555,85.264,1.5141208481714086,13,6.658076923076924,0.0,0.0,0.08451257285349889,0.0,0.0,0.0,0.08451257285349889,0.0,0.02957940049872461,0,normal,low,False,0
2025-10-21,86.50200000000001,85.264,1.45196096826972,13,6.654000000000001,0.0,0.0,0.08634118445352451,0.0,0.0,0.0,0.08634118445352451,0.0,0.030219414558733577,0,normal,low,False,0
2025-10-22,86.934,85.264,1.958622630864627,13,6.687230769230769,0.0,0.0,0.0893466260602155,0.0,0.0,0.0,0.0893466260602155,0.0,0.03127131912107542,0,normal,low,False,0
2025-10-23,87.175,85.264,2.2412741602289223,14,6.226785714285714,0.0,0.0,0.1316386996514936,0.0,0.0,0.0,0.1316386996514936,0.0,0.04607354487802276,0,normal,low,False,0
2025-10-24,87.41100000000002,85.264,2.5180615499798735,14,6.243642857142858,0.0,0.0,0.14133851412390552,0.0,0.0,0.0,0.14133851412390552,0.0,0.04946847994336693,0,normal,low,False,0
2025-10-25,86.19500000000001,85.264,1.091902796008975,14,6.156785714285715,0.0,0.0,0.11485718054987067,0.0,0.0,0.0,0.11485718054987067,0.0,0.04020001319245473,0,normal,low,False,0
2025-10-26,88.01599999999999,85.264,3.2276224431972684,14,6.286857142857143,0.0,0.0,0.1263328752204013,0.0,0.0,0.0,0.1263328752204013,0.0,0.04421650632714045,0,normal,low,False,0
2025-10-27,88.00099999999999,85.264,3.2100300243571667,14,6.285785714285714,0.0,0.0,0.10288080593551813,0.0,0.0,0.0,0.10288080593551813,0.0,0.03600828207743134,0,normal,low,False,0
2025-10-28,88.60000000000001,85.264,3.9125539500385713,14,6.328571428571429,0.0,0.0,0.09987398439605931,0.0,0.0,0.0,0.09987398439605931,0.0,0.03495589453862075,0,normal,low,False,0
2025-10-29,85.63000000000001,85.264,0.42925501969849095,14,6.116428571428572,0.0,0.0,0.10802001537319607,0.0,0.0,0.0,0.10802001537319607,0.0,0.037807005380618625,0,normal,low,False,0
2025-10-30,89.62500000000001,85.264,5.114702570778841,15,5.9750000000000005,0.0,0.0,0.18463927597632718,0.0,0.0,0.0,0.18463927597632718,0.0,0.0646237465917145,0,normal,low,False,0
2025-10-31,89.81299999999999,85.56450000000001,4.965260125344419,15,5.9875333333333325,0.0,0.0,0.1589102837565862,0.0,0.0,0.0,0.1589102837565862,0.0,0.055618599314805166,0,normal,low,False,0
2025-11-01,89.98400000000001,85.691,5.009861012183202,15,5.998933333333334,0.0,0.0,0.12894981656619242,0.0,0.0,0.0,0.12894981656619242,0.0,0.04513243579816734,0,normal,low,False,0
2025-11-02,90.345,85.848,5.238328207934508,15,6.023,0.0,0.0,0.12256795626894772,0.0,0.0,0.0,0.12256795626894772,0.0,0.0428987846941317,0,normal,low,False,0
2025-11-03,92.038,85.9805,7.045202109698755,16,5.752375000000001,0.0,0.0,0.3420321639784364,0.0,0.0,0.0,0.3420321639784364,0.0,0.11971125739245272,0,normal,low,False,0
2025-11-04,89.56700000000001,86.106,4.019464381064988,15,5.971133333333333,0.0,0.0,0.11887965242551025,0.0,0.0,0.0,0.11887965242551025,0.0,0.04160787834892859,0,normal,low,False,0
2025-11-05,90.39700000000002,86.3485,4.6885585736325845,15,6.026466666666668,0.0,0.0,0.09537289618174385,0.0,0.0,0.0,0.09537289618174385,0.0,0.03338051366361035,0,normal,low,False,0
2025-11-06,91.21499999999996,86.52850000000001,5.416134568316555,15,6.080999999999999,0.0,0.0,0.08318832222728684,0.0,0.0,0.0,0.08318832222728684,0.0,0.02911591277955039,0,normal,low,False,0
2025-11-07,91.441,86.7445,5.41417611484977,15,6.096066666666667,0.0,0.0,0.08028528633089965,0.0,0.0,0.0,0.08028528633089965,0.0,0.028099850215814876,0,normal,low,False,0
2025-11-08,91.304,87.05449999999999,4.881424854489082,15,6.0869333333333335,0.0,0.0,0.08129005236317698,0.0,0.0,0.0,0.08129005236317698,0.0,0.02845151832711194,0,normal,low,False,0
2025-11-09,91.795,87.293,5.1573436586535255,15,6.119666666666666,0.0,0.0,0.07392273704891923,0.0,0.0,0.0,0.07392273704891923,0.0,0.02587295796712173,0,normal,low,False,0
2025-11-10,92.475,87.706,5.4374843225613025,15,6.165,0.0,0.0,0.07036294344714802,0.0,0.0,0.0,0.07036294344714802,0.0,0.024627030206501806,0,normal,low,False,0
2025-11-11,92.93,88.0085,5.592073492837724,15,6.195333333333333,0.0,0.0,0.07181672735009018,0.0,0.0,0.0,0.07181672735009018,0.0,0.02513585457253156,0,normal,low,False,0
2025-11-12,92.265,88.30799999999999,4.480907731978076,15,6.150999999999999,0.0,0.0,0.06821757299353506,0.0,0.0,0.0,0.06821757299353506,0.0,0.02387615054773727,0,normal,low,False,0
2025-11-13,92.952,89.08350000000002,4.3425550185573725,16,5.8095,0.0,0.0,0.2951572596190864,0.0,0.0,0.0,0.2951572596190864,0.0,0.10330504086668023,0,normal,low,False,0
2025-11-14,90.537,89.596,1.0502701013320905,15,6.0358,0.0,0.0,0.10037211685723389,0.0,0.0,0.0,0.10037211685723389,0.0,0.03513024090003186,0,normal,low,False,0
2025-11-15,90.144,89.719,0.473701222701183,15,6.0096,0.0,0.0,0.09068352551184224,0.0,0.0,0.0,0.09068352551184224,0.0,0.03173923392914478,0,normal,low,False,0
2025-11-16,92.519,89.8985,2.9149540870769335,15,6.167933333333334,0.0,0.0,0.08497790818749247,0.0,0.0,0.0,0.08497790818749247,0.0,0.02974226786562236,0,normal,low,False,0
2025-11-17,94.524,90.064,4.952034109023015,15,6.3016,0.0,0.0,0.11972045403014984,0.0,0.0,0.0,0.11972045403014984,0.0,0.04190215891055244,0,normal,low,False,0
2025-11-18,94.024,90.2445,4.188066862754093,15,6.268266666666666,0.0,0.0,0.08739885294401434,0.0,0.0,0.0,0.08739885294401434,0.0,0.030589598530405018,0,normal,low,False,0
2025-11-19,100.4,90.371,11.097586615052434,15,6.6933333333333325,0.0,0.0,0.27916600764301563,0.0,0.0,0.0,0.27916600764301563,0.0,0.09770810267505546,0,increase,low,False,0
2025-11-20,102.489,90.467,13.288823548771505,15,6.8326,0.0,0.0,0.2402867839124808,0.0,0.0,0.0,0.2402867839124808,0.0,0.08410037436936828,0,increase,low,False,0
2025-11-21,103.857,90.876,14.284299484855353,15,6.9238,0.0,0.0,0.2489714955078286,0.0,0.0,0.0,0.2489714955078286,0.0,0.08714002342774001,0,increase,low,False,0
2025-11-22,104.189,91.2595,14.167840060331594,15,6.9459333333333335,0.0,0.0,0.213752966952854,0.0,0.0,0.0,0.213752966952854,0.0,0.0748135384334989,0,increase,low,False,0
2025-11-23,104.58700000000002,91.3725,14.462228788591089,15,6.972466666666668,0.0,0.0,0.19213085528344886,0.0,0.0,0.0,0.19213085528344886,0.0,0.0672457993492071,0,increase,low,False,0
2025-11-24,103.672,91.618,13.156803248126389,15,6.911466666666668,0.0,0.0,0.16374585757560567,0.0,0.0,0.0,0.16374585757560567,0.0,0.05731105015146198,0,increase,low,False,0
2025-11-25,103.111,91.9165,12.178988538378,15,6.874066666666667,0.0,0.0,0.12517965980685927,0.0,0.0,0.0,0.12517965980685927,0.0,0.043812880932400745,0,increase,low,False,0
2025-11-26,102.68099999999998,92.1515,11.426292572433136,15,6.845399999999999,0.0,0.0,0.08557728915447677,0.0,0.0,0.0,0.08557728915447677,0.0,0.029952051204066864,0,increase,low,False,0
2025-11-27,103.645,92.37,12.206344050966685,15,6.909666666666667,0.0,0.0,0.09842579480576982,0.0,0.0,0.0,0.09842579480576982,0.0,0.034449028182019434,0,increase,low,False,0
2025-11-28,104.398,92.497,12.866363233263058,15,6.959866666666668,0.0,0.0,0.09805684499333547,0.0,0.0,0.0,0.09805684499333547,0.0,0.03431989574766741,0,increase,low,False,0
2025-11-29,104.263,92.7245,12.443852487611752,15,6.950866666666667,0.0,0.0,0.10416325447276138,0.0,0.0,0.0,0.10416325447276138,0.0,0.03645713906546648,0,increase,low,False,0
2025-11-30,105.092,92.941,13.073885583186385,15,7.0061333333333335,0.0,0.0,0.11702156929822552,0.0,0.0,0.0,0.11702156929822552,0.0,0.04095754925437893,0,increase,low,False,0
2025-12-01,103.585,93.488,10.800316618060062,15,6.905666666666666,0.0,0.0,0.1037153653003494,0.0,0.0,0.0,0.1037153653003494,0.0,0.03630037785512229,0,increase,low,False,0
2025-12-02,104.424,94.274,10.766489169752361,15,6.9616,0.0,0.0,0.09887393224282753,0.0,0.0,0.0,0.09887393224282753,0.0,0.03460587628498964,0,increase,low,False,0
2025-12-03,103.99,97.462,6.697995115976495,15,6.932666666666666,0.0,0.0,0.09239881201412148,0.0,0.0,0.0,0.09239881201412148,0.0,0.03233958420494252,0,normal,low,False,0
2025-12-04,104.703,101.4445,3.212101198160449,15,6.9802,0.0,0.0,0.09752323541413613,0.0,0.0,0.0,0.09752323541413613,0.0,0.03413313239494764,0,normal,low,False,0
2025-12-05,104.136,102.585,1.5119169469073284,15,6.9424,0.0,0.0,0.09654016914240561,0.0,1.0,0.0,0.09654016914240561,1.0,0.3337890591998419,1,normal,moderate,False,0
2025-12-06,103.60099999999998,102.896,0.6851578292578259,15,6.9067333333333325,0.0,0.0,0.09590501113165678,0.0,1.0,0.0,0.09590501113165678,1.0,0.33356675389607987,1,normal,moderate,False,0
2025-12-07,104.51399999999998,103.348,1.1282269613235867,15,6.967599999999999,0.0,0.0,0.1107223562093774,0.0,1.0,0.0,0.1107223562093774,1.0,0.33875282467328205,1,normal,moderate,False,0
2025-12-08,102.347,103.593,-1.2027839718783908,15,6.823133333333334,0.0,0.0,0.10228047392702475,0.0,1.0,0.0,0.10228047392702475,1.0,0.33579816587445865,1,normal,moderate,False,0
2025-12-09,81.71799999999999,103.593,-21.11629164112329,15,5.447866666666666,0.0,0.0,0.41994527508394836,0.0,1.0,0.60378778181997,0.41994527508394836,1.0,0.6583065699163714,2,sudden_drop,high,True,0
2025-12-10,75.645,103.593,-26.97865685879376,15,5.043,0.0,0.0,0.3913905606848931,0.0,0.0,0.7816577081956934,0.3913905606848931,0.0,0.41056689410820524,1,sudden_drop,moderate,True,0
2025-12-11,75.95899999999999,103.593,-26.6755475753509,15,5.063933333333333,0.0,0.0,0.35891172899542767,0.0,0.0,0.7724610744262258,0.35891172899542767,0.0,0.3959804811975787,1,sudden_drop,moderate,True,0
2025-12-12,76.82400000000001,103.593,-25.84054907159903,15,5.121600000000001,0.0,0.0,0.34697222342552525,0.0,0.0,0.7471263985963221,0.34697222342552525,0.0,0.3829345177076466,1,sudden_drop,moderate,True,0
2025-12-13,76.153,103.593,-26.488276234625037,15,5.076866666666667,0.0,0.0,0.31548796264365736,0.0,0.0,0.7667790777661083,0.31548796264365736,0.0,0.37879346414341797,1,sudden_drop,moderate,True,0
2025-12-14,76.208,103.593,-26.43518384421308,15,5.080533333333333,0.0,0.0,0.29949985435005566,0.0,0.0,0.7651682024243228,0.29949985435005566,0.0,0.37263381987103245,1,sudden_drop,moderate,True,0
2025-12-15,73.58500000000001,103.593,-28.96720820876924,15,4.905666666666667,0.0,0.0,0.2984156391776136,0.0,0.0,0.841992311906213,0.2984156391776136,0.0,0.39914278287933935,1,sudden_drop,moderate,True,0
2025-12-16,73.865,103.593,-28.696919675762878,15,4.924333333333333,0.0,0.0,0.20286022249230498,0.0,0.0,0.9384890464722608,0.20286022249230498,0.0,0.399472244137598,1,sudden_drop,moderate,True,0
2025-12-17,73.88099999999999,103.593,-28.681474616733947,15,4.925399999999999,0.0,0.0,0.17714187770896417,0.0,0.0,1.0,0.17714187770896417,0.0,0.4119996571981374,1,sudden_drop,moderate,True,0
2025-12-18,73.84499999999998,103.593,-28.716225999549057,15,4.922999999999999,0.0,0.0,0.17238975149206673,0.0,0.0,1.0,0.17238975149206673,0.0,0.41033641302222335,1,sudden_drop,moderate,True,0
2025-12-19,73.95700000000001,103.593,-28.608110586346484,15,4.930466666666667,0.0,0.0,0.17333232755157033,0.0,0.0,1.0,0.17333232755157033,0.0,0.4106663146430496,1,sudden_drop,moderate,True,0
2025-12-20,73.745,103.348,-28.643998916005682,15,4.916333333333333,0.0,0.0,0.16444273682612973,0.0,0.0,1.0,0.16444273682612973,0.0,0.40755495788914536,1,sudden_drop,moderate,True,0
2025-12-21,73.314,102.896,-28.74941688667442,15,4.8876,0.0,0.0,0.1853664936123775,0.0,0.0,1.0,0.1853664936123775,0.0,0.4148782727643321,1,sudden_drop,moderate,True,0
2025-12-22,72.875,102.514,-28.912148584301534,15,4.858333333333333,0.0,0.0,0.16931674607940062,0.0,0.0,1.0,0.16931674607940062,0.0,0.4092608611277902,1,sudden_drop,moderate,True,0
2025-12-23,73.062,92.0325,-20.612826990241352,15,4.8708,0.0,0.0,0.15692587756089668,0.0,0.0,1.0,0.15692587756089668,0.0,0.4049240571463138,1,sudden_drop,moderate,True,0
2025-12-24,72.668,79.271,-8.329653971713109,15,4.844533333333334,0.0,0.0,0.1302324392703014,0.0,0.0,1.0,0.1302324392703014,0.0,0.39558135374460546,1,gradual_decline,moderate,False,0
2025-12-25,71.85700000000001,76.516,-6.088922578204691,15,4.790466666666668,0.0,0.0,0.1285881273043345,0.0,0.0,1.0,0.1285881273043345,0.0,0.39500584455651705,1,gradual_decline,moderate,False,0
2025-12-26,71.851,76.1805,-5.683212895613922,15,4.790066666666666,0.0,0.0,0.12864975416687227,0.0,0.0,1.0,0.12864975416687227,0.0,0.3950274139584053,1,gradual_decline,moderate,False,0
2025-12-27,71.925,76.056,-5.431524140035875,15,4.795,0.0,0.0,0.12234226561580731,0.0,0.0,1.0,0.12234226561580731,0.0,0.39281979296553254,1,gradual_decline,moderate,False,0
2025-12-28,71.861,75.80199999999999,-5.199071264541829,15,4.790733333333334,0.0,0.0,0.13406040398424013,0.0,0.0,1.0,0.13406040398424013,0.0,0.39692114139448403,1,gradual_decline,moderate,False,0
2025-12-29,72.269,74.801,-3.3849814841594985,15,4.817933333333333,0.0,0.0,0.12367306724847024,0.0,0.0,1.0,0.12367306724847024,0.0,0.3932855735369646,1,normal,moderate,False,0
2025-12-30,72.54800000000002,73.919,-1.854732883266053,15,4.836533333333335,0.0,0.0,0.12736814797187793,0.0,0.0,1.0,0.12736814797187793,0.0,0.3945788517901572,1,normal,moderate,False,0
2025-12-31,35.728,73.87299999999999,-51.63591569245006,15,2.381866666666667,0.0,0.0,0.7732208184737978,0.0,0.0,1.0,0.7732208184737978,0.0,0.6206272864658291,2,outage,high,True,0
2026-01-01,48.40599999999999,73.85499999999999,-34.45805971113048,15,3.227066666666666,0.0,0.0,0.5471761380966356,0.0,0.0,1.0,0.5471761380966356,0.0,0.5415116483338225,2,outage,high,True,0
2026-01-02,72.343,73.79499999999999,-1.9676129818826587,15,4.822866666666667,0.0,0.0,0.3367958660722087,0.0,0.0,1.0,0.3367958660722087,0.0,0.467878553125273,1,normal,moderate,False,0
2026-01-03,72.214,73.665,-1.969727821869694,15,4.814266666666667,0.0,0.0,0.19070423157075744,0.0,0.0,1.0,0.19070423157075744,0.0,0.4167464810497651,1,normal,moderate,False,0
2026-01-04,71.47999999999999,73.4495,-2.681434182633233,15,4.7653333333333325,0.0,0.0,0.21636346342685078,0.0,0.0,1.0,0.21636346342685078,0.0,0.42572721219939774,1,normal,moderate,False,0
2026-01-05,71.73400000000001,73.18799999999999,-1.986664480488759,15,4.782266666666668,0.0,0.0,0.20104742297379882,0.0,0.0,1.0,0.20104742297379882,0.0,0.42036659804082954,1,normal,moderate,False,0
2026-01-06,72.41,72.9685,-0.7653987679510409,15,4.827333333333333,0.0,0.0,0.19364054524017274,0.0,0.0,1.0,0.19364054524017274,0.0,0.4177741908340604,1,normal,moderate,False,0
2026-01-07,85.222,72.7715,17.109033069029632,15,5.681466666666666,0.0,0.0,0.32648014492514105,0.0,0.0,1.0,0.32648014492514105,0.0,0.46426805072379934,1,increase,moderate,False,0
2026-01-08,101.223,72.7715,39.09703661407147,15,6.7482,0.0,0.0,0.4231475925286223,0.0,0.0,1.0,0.4231475925286223,0.0,0.49810165738501777,2,increase,high,False,0
2026-01-09,100.909,72.7715,38.66554901247514,15,6.727266666666667,0.0,0.0,0.2528566526135457,0.0,0.0,1.0,0.2528566526135457,0.0,0.43849982841474094,1,increase,moderate,False,0
2026-01-10,100.986,72.7715,38.77135966636978,15,6.732399999999999,0.0,0.0,0.25356197516632134,0.0,0.0,1.0,0.25356197516632134,0.0,0.4387466913082124,1,increase,moderate,False,0
2026-01-11,98.375,72.7715,35.18341658430589,15,6.558333333333334,0.0,0.0,0.21643279471716886,0.0,0.0,0.8755595695104856,0.21643279471716886,0.0,0.38219732747967905,1,increase,moderate,False,0
2026-01-12,97.5,72.7715,33.981022790048556,15,6.5,0.0,0.0,0.18538556003656756,0.0,0.0,0.6387915918583278,0.18538556003656756,0.0,0.28846200316321335,1,increase,moderate,False,0
2026-01-13,97.274,72.7715,33.67046165004609,15,6.484933333333332,0.0,0.0,0.15332920570911573,0.0,0.0,0.4038447745254112,0.15332920570911573,0.0,0.1950108930820844,0,increase,low,False,0
2026-01-14,99.01099999999998,72.7715,36.05738510218891,15,6.6007333333333325,0.0,0.0,0.1402331782643419,0.0,0.0,0.15490080907514048,0.1402331782643419,0.0,0.10329689556881883,0,increase,low,False,0
2026-01-15,98.198,72.7715,34.94018949678183,15,6.546533333333333,0.0,0.0,0.09808682944555128,0.0,0.0,0.0,0.09808682944555128,0.0,0.03433039030594295,0,increase,low,False,0
2026-01-16,97.542,72.7715,34.03873769217291,15,6.5028,0.0,0.0,0.08299775112391734,0.0,0.0,0.0,0.08299775112391734,0.0,0.02904921289337107,0,increase,low,False,0
2026-01-17,96.766,72.7715,32.9723861672087,15,6.451066666666667,0.0,0.0,0.08082526448054636,0.0,0.0,0.0,0.08082526448054636,0.0,0.028288842568191225,0,increase,low,False,0
2026-01-18,94.41400000000002,72.7715,29.740351648244996,15,6.294266666666668,0.0,0.0,0.09003989892705423,0.0,0.0,0.0,0.09003989892705423,0.0,0.03151396462446898,0,increase,low,False,0
2026-01-19,85.318,72.7715,17.240952845313874,15,5.687866666666666,0.0,0.0,0.18283226482269932,0.0,0.0,0.0,0.18283226482269932,0.0,0.06399129268794476,0,increase,low,False,0
2026-01-20,71.668,72.86500000000001,-1.6427640156228298,15,4.777866666666667,0.0,0.0,0.2886356484151117,0.0,0.0,0.0,0.2886356484151117,0.0,0.10102247694528908,0,normal,low,False,0
2026-01-21,67.57300000000001,72.608,-6.934497575929169,15,4.504866666666668,0.0,0.0,0.3120903209327256,0.0,0.0,0.003164559081300359,0.3120903209327256,0.0,0.11033920800490908,0,gradual_decline,low,False,0
2026-01-22,70.78399999999999,72.47900000000001,-2.338608424476931,15,4.718933333333333,0.0,0.0,0.27060937427169873,0.0,0.0,0.0,0.27060937427169873,0.0,0.09471328099509455,0,normal,low,False,0
2026-01-23,85.67599999999999,72.47900000000001,18.208032671281185,15,5.711733333333332,0.0,0.0,0.25146517830198745,0.0,0.0,0.0,0.25146517830198745,0.0,0.0880128124056956,0,increase,low,False,0
2026-01-24,102.678,78.885,30.161627685489478,15,6.8452,0.0,0.0,0.2784922000147292,0.0,0.0,0.0,0.2784922000147292,0.0,0.09747227000515521,0,increase,low,False,0
2026-01-25,102.936,85.27,20.717720182705328,15,6.862399999999999,0.0,0.0,0.17362007484979058,0.0,0.0,0.0,0.17362007484979058,0.0,0.0607670261974267,0,increase,low,False,0
2026-01-26,99.694,85.49699999999999,16.60526100311586,15,6.6462666666666665,0.0,0.0,0.18719986895698085,0.0,0.0,0.0,0.18719986895698085,0.0,0.0655199541349433,0,increase,low,False,0
2026-01-27,99.039,90.045,9.98833916364053,15,6.6026,0.0,0.0,0.17213852324284099,0.0,0.0,0.0,0.17213852324284099,0.0,0.06024848313499434,0,normal,low,False,0
2026-01-28,101.123,95.59,5.788262370480299,14,7.223071428571428,0.0,0.0,0.24490097406832614,0.0,0.0,0.0,0.24490097406832614,0.0,0.08571534092391414,0,normal,low,False,0
2026-01-29,100.897,97.02,3.9960832817563894,14,7.206928571428572,0.0,0.0,0.1819908155595877,0.0,0.0,0.0,0.1819908155595877,0.0,0.06369678544585569,0,normal,low,False,0
2026-01-30,99.557,97.387,2.2282234794969753,14,7.1112142857142855,0.0,0.0,0.1219550992180791,0.0,0.0,0.0,0.1219550992180791,0.0,0.04268428472632768,0,normal,low,False,0
2026-01-31,100.67,97.521,3.229048102426872,14,7.190714285714286,0.0,0.0,0.09517450006832855,0.0,0.0,0.0,0.09517450006832855,0.0,0.03331107502391499,0,normal,low,False,0
2026-02-01,98.875,97.87,1.0268723817203707,14,7.0625,0.0,0.0,0.08937316135532439,0.0,0.0,0.0,0.08937316135532439,0.0,0.03128060647436354,0,normal,low,False,0
2026-02-02,97.7,98.2865,-0.5967248808270044,14,6.978571428571428,0.0,0.0,0.07478848272494999,0.0,0.0,0.0,0.07478848272494999,0.0,0.026175968953732497,0,normal,low,False,0
2026-02-03,99.545,98.2865,1.2804403453039772,14,7.110357142857142,0.0,0.0,0.10241626173967618,0.0,0.0,0.0,0.10241626173967618,0.0,0.03584569160888666,0,normal,low,False,0
2026-02-04,99.162,98.625,0.5444866920096946,14,7.082999999999999,0.0,0.0,0.06991265017394484,0.0,0.0,0.0,0.06991265017394484,0.0,0.02446942756088069,0,normal,low,False,0
2026-02-05,98.905,98.94299999999998,-0.03840595090061797,14,7.064642857142857,0.0,0.0,0.0615908526982994,0.0,0.0,0.0,0.0615908526982994,0.0,0.02155679844440479,0,normal,low,False,0
2026-02-06,99.70199999999998,98.89,0.8211143694931462,14,7.121571428571428,0.0,0.0,0.07901927052226386,0.0,0.0,0.0,0.07901927052226386,0.0,0.027656744682792347,0,normal,low,False,0
2026-02-07,100.12,98.89,1.243806249355411,14,7.151428571428572,0.0,0.0,0.08645869616896051,0.0,0.0,0.0,0.08645869616896051,0.0,0.030260543659136177,0,normal,low,False,0
2026-02-08,100.50199999999998,98.89,1.6300940438706435,14,7.1787142857142845,0.0,0.0,0.09242167483495008,0.0,0.0,0.0,0.09242167483495008,0.0,0.032347586192232526,0,normal,low,False,0
2026-02-09,99.151,98.958,0.1950322358960847,14,7.082214285714286,0.0,0.0,0.0815429246803038,0.0,0.0,0.0,0.0815429246803038,0.0,0.02854002363810633,0,normal,low,False,0
2026-02-10,98.71200000000002,99.025,-0.3160817975226734,14,7.0508571428571445,0.0,0.0,0.058594509511139294,0.0,0.0,0.0,0.058594509511139294,0.0,0.02050807832889875,0,normal,low,False,0
2026-02-11,98.774,99.025,-0.2534713456172381,14,7.055285714285715,0.0,0.0,0.06218675082411229,0.0,0.0,0.0,0.06218675082411229,0.0,0.0217653627884393,0,normal,low,False,0
2026-02-12,79.2755,98.972,-19.901083134422855,13,6.098115384615384,0.0,0.0,0.39373111015717827,0.0,0.0,0.5669171605617724,0.39373111015717827,0.0,0.3362268947516327,1,sudden_drop,moderate,False,0
2026-02-13,136.5867142857143,98.972,38.00540989909697,12,11.382226190476189,0.0,0.0,0.7788208546103328,0.0,1.0,0.0,0.7788208546103328,1.0,0.5725872991136165,2,increase,high,False,0
2026-02-14,154.66549999999998,99.095,56.07800595331671,3,51.55516666666666,0.0,0.0,0.9847509995303461,0.0,1.0,0.0,0.9847509995303461,1.0,0.644662849835621,2,increase,high,False,0
2026-02-15,0.0,99.1565,-99.99999999899148,0,0.0,0.0,0.0,1.0,0.0,1.0,1.0,1.0,1.0,1.0,3,outage,high,True,0
2026-02-16,0.0,99.1565,-99.99999999899148,0,0.0,0.0,0.0,0.8467682851960888,0.0,1.0,1.0,0.8467682851960888,1.0,0.946368899818631,3,outage,high,True,0
2026-02-17,0.0,99.1565,-99.99999999899148,0,0.0,0.0,0.0,0.8083895318408003,0.0,1.0,1.0,0.8083895318408003,1.0,0.9329363361442802,3,outage,high,True,0
2026-02-18,0.0,99.1565,-99.99999999899148,0,0.0,0.0,0.0,0.7943835152842621,0.0,0.0,1.0,0.7943835152842621,0.0,0.6280342303494917,2,outage,high,True,0
2026-02-19,0.0,99.1565,-99.99999999899148,0,0.0,0.0,0.0,0.8062166921413185,0.0,0.0,1.0,0.8062166921413185,0.0,0.6321758422494614,2,outage,high,True,0
2026-02-20,0.0,99.1565,-99.99999999899148,0,0.0,0.0,0.0,0.8366064783659585,0.0,0.0,1.0,0.8366064783659585,0.0,0.6428122674280854,2,outage,high,True,0
2026-02-21,0.0,99.1565,-99.99999999899148,0,0.0,0.0,0.0,0.8040688789311936,0.0,0.0,1.0,0.8040688789311936,0.0,0.6314241076259177,2,outage,high,True,0
2026-02-22,0.0,99.095,-99.99999999899086,0,0.0,0.0,0.0,0.657416414966326,0.0,0.0,1.0,0.657416414966326,0.0,0.5800957452382141,2,outage,high,True,0
2026-02-23,0.0,98.972,-99.99999999898961,0,0.0,0.0,0.0,0.6451079801531734,0.0,0.0,1.0,0.6451079801531734,0.0,0.5757877930536106,2,outage,high,True,0
2026-02-24,0.0,98.89,-99.99999999898877,0,0.0,0.0,0.0,0.62735030701589,0.0,0.0,1.0,0.62735030701589,0.0,0.5695726074555615,2,outage,high,True,0
2026-02-25,0.0,98.8245,-99.9999999989881,0,0.0,0.0,0.0,0.629337266619267,0.0,0.0,1.0,0.629337266619267,0.0,0.5702680433167434,2,outage,high,True,0
2026-02-26,0.0,98.743,-99.99999999898726,0,0.0,0.0,0.0,0.633599003579357,0.0,0.0,1.0,0.633599003579357,0.0,0.571759651252775,2,outage,high,True,0
2026-02-27,0.0,98.206,-99.99999999898172,0,0.0,0.0,0.0,0.6661814222970496,0.0,0.0,1.0,0.6661814222970496,0.0,0.5831634978039673,2,outage,high,True,0
2026-02-28,0.0,88.48774999999999,-99.9999999988699,0,0.0,0.0,0.0,0.6992475092823199,0.0,0.0,1.0,0.6992475092823199,0.0,0.5947366282488119,2,outage,high,True,0
