Date,OSF_ID,Priority,CombinedScore,AnomalyTypes,RuleScore,ForecastScore,GAFScore,CPScore,Anomaly_Hours,CP_Proximity_Days,missing_ratio,data_quality_flag
2026-01-01,2193681000,HIGH,0.5538299671294457,,0.0,1.0,0.26914983564722816,1.0,10,0,0.0,complete
2025-01-04,2193681000,HIGH,0.5419764091636274,"NightDrop, ScheduleShift",1.0,0.1156449866612044,1.0,0.036414565826330535,2,16,0.0417,partial_missing
2025-01-06,2193681000,HIGH,0.48561658208676656,"NightDrop, ScheduleShift",1.0,0.10895072321541444,0.7202123811662667,0.044444444444444446,2,14,0.0417,partial_missing
2025-03-12,2193681000,HIGH,0.41524424408983773,"NightDrop, ScheduleShift",1.0,0.11757982850844423,0.3724705253055702,0.027380952380952384,2,19,0.0833,partial_missing
2025-05-12,2193681000,MEDIUM,0.3700433406325173,"NightDrop, ScheduleShift",1.0,0.04900686623278884,0.09575402286102229,0.18095238095238098,3,4,0.0,complete
2025-12-31,2193681000,MEDIUM,0.3628686376693978,NightDrop,0.6666666666666666,0.19065317070097906,0.04026819420028213,0.48809523809523814,1,1,0.0,complete
2025-08-28,2193681000,MEDIUM,0.3213493692525913,ScheduleShift,0.3333333333333333,0.059462040109939295,0.01755378609804752,1.0,1,0,0.0,complete
2025-01-20,2193681000,MEDIUM,0.3167495319622013,ScheduleShift,0.3333333333333333,0.009884921805842434,0.06892027710224279,1.0,0,0,0.0,complete
2025-07-31,2193681000,MEDIUM,0.31491263575221873,ScheduleShift,0.3333333333333333,0.021593324072262877,0.042173192652699164,1.0,0,0,0.0,complete
2025-05-08,2193681000,MEDIUM,0.3127105620975392,ScheduleShift,0.3333333333333333,0.015360336316105299,0.04051230601353833,1.0,0,0,0.0,complete
2025-04-24,2193681000,MEDIUM,0.3085706356460519,ScheduleShift,0.3333333333333333,0.009639580798419206,0.0283938070326308,1.0,0,0,0.0,complete
2025-08-14,2193681000,MEDIUM,0.30740109607803373,ScheduleShift,0.3333333333333333,0.007068473349004211,0.02640277036666244,1.0,0,0,0.0,complete
2026-01-21,2193681000,MEDIUM,0.28352581357308304,NightDrop,0.6666666666666666,0.20349047314344826,0.04312928888617376,0.06926406926406926,2,10,0.0,complete
2025-08-23,2193681000,MEDIUM,0.2595408412351326,"DaytimeNonZero, ScheduleShift",0.6666666666666666,0.05642843170734135,0.06623616178925408,0.1468253968253968,2,5,0.0,complete
2025-10-03,2193681000,LOW,0.24987052807665183,NightDrop,0.6666666666666666,0.13210121311181916,0.023819868334578203,0.027380952380952384,5,19,0.0,complete
2025-10-17,2193681000,LOW,0.24920982063796482,NightDrop,0.6666666666666666,0.0411642425427938,0.03747734255023663,0.1468253968253968,2,5,0.0,complete
2026-01-22,2193681000,LOW,0.245486443390138,NightDrop,0.6666666666666666,0.09031367179340963,0.030453772752639167,0.061507936507936505,0,11,0.0,complete
2025-12-03,2193681000,LOW,0.24379828156180677,,0.0,0.09868344710746269,0.07096623714783977,1.0,0,0,0.0,complete
2025-02-12,2193681000,LOW,0.23895919340014427,NightDrop,0.6666666666666666,0.060197234277454145,0.02592868701311156,0.07857142857142858,5,9,0.0,complete
2026-01-04,2193681000,LOW,0.23831046542250175,,0.0,0.5994261009677708,0.060270318517995324,0.23214285714285718,11,3,0.0,complete
2025-02-03,2193681000,LOW,0.23532019893264333,ScheduleShift,0.3333333333333333,0.0961791001410259,0.4878879000072334,0.044444444444444446,2,14,0.0833,partial_missing
2025-08-29,2193681000,LOW,0.21952636612001514,ScheduleShift,0.3333333333333333,0.05714456221549561,0.023819749181594276,0.48809523809523814,1,1,0.0,complete
2025-12-17,2193681000,LOW,0.21690301524322786,,0.0,0.0008056468216735572,0.08330660598362886,1.0,0,0,0.0,complete
2025-12-13,2193681000,LOW,0.215991000328721,,0.0,0.004474157966454593,0.07324376469392316,1.0,0,0,0.0,complete
2026-01-10,2193681000,LOW,0.21569790764803365,,0.0,0.01596374257760567,0.054543924373759746,1.0,0,0,0.0,complete
2025-01-19,2193681000,LOW,0.2147380886077124,ScheduleShift,0.3333333333333333,0.01437565686739318,0.06403171964223407,0.48809523809523814,0,1,0.0,complete
2025-08-01,2193681000,LOW,0.2142546169389542,ScheduleShift,0.3333333333333333,0.027186435957708515,0.0423981926629701,0.48809523809523814,0,1,0.0,complete
2025-08-27,2193681000,LOW,0.21350512196817553,ScheduleShift,0.3333333333333333,0.034034433941933756,0.02837872083273896,0.48809523809523814,1,1,0.0,complete
2026-01-03,2193681000,LOW,0.21278265928357054,,0.0,0.4525016494209622,0.06770050482609202,0.31746031746031744,8,2,0.0,complete
2025-07-30,2193681000,LOW,0.21224702283776462,ScheduleShift,0.3333333333333333,0.02042298115847372,0.04250540435587441,0.48809523809523814,0,1,0.0,complete
2026-01-11,2193681000,LOW,0.21202413735471293,,0.0,0.014445280666797075,0.038452765773368924,1.0,0,0,0.0,complete
2025-04-23,2193681000,LOW,0.21199258174426144,ScheduleShift,0.3333333333333333,0.02850265730834392,0.029113684663553286,0.48809523809523814,2,1,0.0,complete
2025-01-21,2193681000,LOW,0.21192740847109995,ScheduleShift,0.3333333333333333,0.009603111189207649,0.05713713747645018,0.48809523809523814,0,1,0.0,complete
2025-05-09,2193681000,LOW,0.21043621177256144,ScheduleShift,0.3333333333333333,0.014892862234393489,0.04174652741597894,0.48809523809523814,0,1,0.0,complete
2025-05-07,2193681000,LOW,0.21008716602915906,ScheduleShift,0.3333333333333333,0.013656210940219682,0.041856275640227585,0.48809523809523814,0,1,0.0,complete
2025-11-15,2193681000,LOW,0.20989955456546738,,0.0,0.010911043992294976,0.033131206838894374,1.0,0,0,0.0,complete
2025-10-22,2193681000,LOW,0.20891502649047908,,0.0,0.008053152797716338,0.032495403255820794,1.0,0,0,0.0,complete
2025-04-25,2193681000,LOW,0.20723067315249233,ScheduleShift,0.3333333333333333,0.01153931589643957,0.030749153822564258,0.48809523809523814,0,1,0.0,complete
2025-02-21,2193681000,LOW,0.20629637020154126,,0.0,0.009550064484899923,0.017156754280356394,1.0,0,0,0.0,complete
2025-08-13,2193681000,LOW,0.2057617722737326,ScheduleShift,0.3333333333333333,0.008875376714486063,0.02740055820169581,0.48809523809523814,0,1,0.0,complete
2025-08-15,2193681000,LOW,0.20453315214168044,ScheduleShift,0.3333333333333333,0.0061699947947921425,0.025315530420975865,0.48809523809523814,0,1,0.0,complete
2025-11-13,2193681000,LOW,0.18918129119186614,DaytimeNonZero,0.3333333333333333,0.029994595866998656,0.08345424469851531,0.31746031746031744,2,2,0.0,complete
2025-01-22,2193681000,LOW,0.18213963071761569,ScheduleShift,0.3333333333333333,0.019221141764001845,0.06440612348175824,0.31746031746031744,0,2,0.0,complete
2025-08-12,2193681000,LOW,0.18150912583548579,ScheduleShift,0.3333333333333333,0.016673242247721473,0.06507544834552921,0.31746031746031744,0,2,0.0,complete
2025-01-18,2193681000,LOW,0.18060144995176403,ScheduleShift,0.3333333333333333,0.014498327371104796,0.06379944124184551,0.31746031746031744,0,2,0.0,complete
2025-08-30,2193681000,LOW,0.17933676523177017,ScheduleShift,0.3333333333333333,0.027362153165727855,0.03818027894994168,0.31746031746031744,0,2,0.0,complete
2025-07-29,2193681000,LOW,0.17798904458427675,ScheduleShift,0.3333333333333333,0.019570918470530906,0.04312852775527004,0.31746031746031744,0,2,0.0,complete
2025-05-06,2193681000,LOW,0.17706821359658623,ScheduleShift,0.3333333333333333,0.01833426717635708,0.040379349758078095,0.31746031746031744,1,2,0.0,complete
2025-05-10,2193681000,LOW,0.17673158169611664,ScheduleShift,0.3333333333333333,0.015923957549374878,0.04231165469620343,0.31746031746031744,0,2,0.0,complete
2025-08-02,2193681000,LOW,0.17638462970803065,ScheduleShift,0.3333333333333333,0.015025478995162803,0.04192461258709166,0.31746031746031744,0,2,0.0,complete
2025-04-26,2193681000,LOW,0.17372785874698457,ScheduleShift,0.3333333333333333,0.011323813660189445,0.03419325578432133,0.31746031746031744,0,2,0.0,complete
2025-08-16,2193681000,LOW,0.17341297260839839,ScheduleShift,0.3333333333333333,0.01628533822247125,0.025176538247967634,0.31746031746031744,0,2,0.0,complete
2025-04-22,2193681000,LOW,0.1709518586911316,ScheduleShift,0.3333333333333333,0.008923450290264924,0.023913800559943323,0.31746031746031744,0,2,0.0,complete
2025-08-26,2193681000,LOW,0.170329456302358,ScheduleShift,0.3333333333333333,0.009376004986390211,0.020122956571887275,0.31746031746031744,0,2,0.0,complete
2025-01-23,2193681000,LOW,0.1646343103958389,ScheduleShift,0.3333333333333333,0.021704390609407178,0.05847210892222665,0.23214285714285718,0,3,0.0,complete
2025-08-31,2193681000,LOW,0.16209752031196334,ScheduleShift,0.3333333333333333,0.042976119036804476,0.013880565861752795,0.23214285714285718,1,3,0.0,complete
2025-01-17,2193681000,LOW,0.16144339336146987,ScheduleShift,0.3333333333333333,0.009619688284303818,0.06064457723803653,0.23214285714285718,0,3,0.0,complete
2025-07-28,2193681000,LOW,0.16103920748182607,ScheduleShift,0.3333333333333333,0.015211142460239841,0.050236466575913526,0.23214285714285718,0,3,0.0,complete
2025-05-05,2193681000,LOW,0.16030996792681582,ScheduleShift,0.3333333333333333,0.01886639192894395,0.04110739459780608,0.23214285714285718,1,3,0.0,complete
2025-05-11,2193681000,LOW,0.159318069632862,ScheduleShift,0.3333333333333333,0.014309348487008529,0.04298346829093998,0.23214285714285718,0,3,0.0,complete
2025-08-03,2193681000,LOW,0.15894563768482106,ScheduleShift,0.3333333333333333,0.014674044579124128,0.04057426441256203,0.23214285714285718,0,3,0.0,complete
2025-08-11,2193681000,LOW,0.1584418080417723,ScheduleShift,0.3333333333333333,0.020253894788492842,0.029685340883265108,0.23214285714285718,0,3,0.0,complete
2025-04-27,2193681000,LOW,0.15809851731096172,ScheduleShift,0.3333333333333333,0.01539514821580726,0.03525700708824061,0.23214285714285718,0,3,0.0,complete
2025-08-17,2193681000,LOW,0.1560059640082877,ScheduleShift,0.3333333333333333,0.015529422686086184,0.024592828869452136,0.23214285714285718,0,3,0.0,complete
2025-01-24,2193681000,LOW,0.15463663008904027,ScheduleShift,0.3333333333333333,0.0225166682691192,0.058455767089141665,0.18095238095238098,0,4,0.0,complete
2025-08-25,2193681000,LOW,0.15425774047676535,ScheduleShift,0.3333333333333333,0.010655756727814047,0.0231622101492486,0.23214285714285718,0,3,0.0,complete
2025-04-21,2193681000,LOW,0.15291863872373634,ScheduleShift,0.3333333333333333,0.006479986473090394,0.022730356766188984,0.23214285714285718,0,3,0.0,complete
2025-01-16,2193681000,LOW,0.15289106128748167,ScheduleShift,0.3333333333333333,0.01011700113718873,0.06832742377924435,0.18095238095238098,0,4,0.0,complete
2025-08-04,2193681000,LOW,0.15202402012580332,ScheduleShift,0.3333333333333333,0.026311165336631078,0.03970097167168908,0.18095238095238098,0,4,0.0,complete
2025-07-27,2193681000,LOW,0.15094666848400953,ScheduleShift,0.3333333333333333,0.018859761090905473,0.04549131983130852,0.18095238095238098,0,4,0.0,complete
2025-01-25,2193681000,LOW,0.14913810191105883,ScheduleShift,0.3333333333333333,0.02818437708249758,0.056588547106150994,0.1468253968253968,0,5,0.0,complete
2025-05-04,2193681000,LOW,0.1486172050274789,ScheduleShift,0.3333333333333333,0.013185421439488637,0.042355512025780646,0.18095238095238098,0,4,0.0,complete
2025-04-28,2193681000,LOW,0.14811959543336078,ScheduleShift,0.3333333333333333,0.01479505737332612,0.03745301015443373,0.18095238095238098,0,4,0.0,complete
2025-09-01,2193681000,LOW,0.14718577385370318,ScheduleShift,0.3333333333333333,0.027735966660146372,0.013372538325915477,0.18095238095238098,1,4,0.0,complete
2025-08-24,2193681000,LOW,0.14680695338486252,ScheduleShift,0.3333333333333333,0.021082749543301034,0.021458261656980105,0.18095238095238098,0,4,0.0,complete
2025-07-19,2193681000,LOW,0.1467098401928349,ScheduleShift,0.3333333333333333,0.0820417013404239,0.05554159400848369,0.05494505494505495,12,12,0.0,complete
2025-01-15,2193681000,LOW,0.1465369554871552,ScheduleShift,0.3333333333333333,0.009782143816246218,0.07118616488600994,0.1468253968253968,0,5,0.0,complete
2025-08-10,2193681000,LOW,0.14504753887000965,ScheduleShift,0.3333333333333333,0.008842222524293734,0.031021979611226772,0.18095238095238098,0,4,0.0,complete
2025-07-26,2193681000,LOW,0.14449538620120186,ScheduleShift,0.3333333333333333,0.019973741881367687,0.045690921358560996,0.1468253968253968,0,5,0.0,complete
2025-01-26,2193681000,LOW,0.14389776970471943,ScheduleShift,0.3333333333333333,0.03539661905624489,0.04394494034739315,0.12244897959183673,0,6,0.0833,partial_missing
2025-01-14,2193681000,LOW,0.14372291625319555,ScheduleShift,0.3333333333333333,0.01001422314759251,0.08114426695275218,0.12244897959183673,0,6,0.0,complete
2025-08-05,2193681000,LOW,0.1436457090779782,ScheduleShift,0.3333333333333333,0.02273714363389817,0.03729743311364684,0.1468253968253968,0,5,0.0,complete
2025-05-03,2193681000,LOW,0.1425366517761184,ScheduleShift,0.3333333333333333,0.013947967813912157,0.04493591033432708,0.1468253968253968,0,5,0.0,complete
2025-08-18,2193681000,LOW,0.1424515650167502,ScheduleShift,0.3333333333333333,0.005397502163310916,0.023209190886403577,0.18095238095238098,0,4,0.0,complete
2025-04-29,2193681000,LOW,0.1421758053854231,ScheduleShift,0.3333333333333333,0.01619084878042311,0.03976735693108396,0.1468253968253968,0,5,0.0,complete
2025-05-13,2193681000,LOW,0.14207396160120253,ScheduleShift,0.3333333333333333,0.018448649132520617,0.035871437481834884,0.1468253968253968,1,5,0.0,complete
2025-04-20,2193681000,LOW,0.14161978411054968,ScheduleShift,0.3333333333333333,0.004706237297800881,0.02008718365366616,0.18095238095238098,0,4,0.0,complete
2025-12-04,2193681000,LOW,0.14030393945838113,,0.0,0.10106391796327177,0.06182858225175978,0.48809523809523814,0,1,0.0,complete
2025-12-02,2193681000,LOW,0.13989985873107796,,0.0,0.10012233896180969,0.0612205471174371,0.48809523809523814,0,1,0.0,complete
2025-03-31,2193681000,LOW,0.13981544867277426,ScheduleShift,0.3333333333333333,0.11766090557355088,0.00544302786068792,0.017142857142857144,8,24,0.0,complete
2025-07-25,2193681000,LOW,0.13908523749193957,ScheduleShift,0.3333333333333333,0.017057830853952478,0.047390461586932345,0.12244897959183673,0,6,0.0,complete
2025-09-02,2193681000,LOW,0.1387258975550056,ScheduleShift,0.3333333333333333,0.023076145228614734,0.01218987310670917,0.1468253968253968,1,5,0.0,complete
2025-08-09,2193681000,LOW,0.13863024879943672,ScheduleShift,0.3333333333333333,0.009021255151332301,0.03279396444478831,0.1468253968253968,0,5,0.0,complete
2025-08-06,2193681000,LOW,0.13846524764969853,ScheduleShift,0.3333333333333333,0.02239234005589797,0.03628874857280904,0.12244897959183673,0,6,0.0,complete
2025-07-24,2193681000,LOW,0.13841287000160174,ScheduleShift,0.3333333333333333,0.019839467411088753,0.05813848222470898,0.10416666666666667,0,7,0.0,complete
2025-01-27,2193681000,LOW,0.13823270634132104,ScheduleShift,0.3333333333333333,0.025132533875293836,0.04929806422699779,0.10416666666666667,0,7,0.0,complete
2026-01-02,2193681000,LOW,0.13809992608776084,,0.0,0.09455409271900829,0.060573253265053646,0.48809523809523814,0,1,0.0,complete
2025-04-30,2193681000,LOW,0.13801396170685423,ScheduleShift,0.3333333333333333,0.01741755381753923,0.041494498216125615,0.12244897959183673,0,6,0.0,complete
2025-08-08,2193681000,LOW,0.1377839241488293,ScheduleShift,0.3333333333333333,0.02170936373793602,0.03390659554540582,0.12244897959183673,0,6,0.0,complete
2025-01-13,2193681000,LOW,0.13776865863300208,ScheduleShift,0.3333333333333333,0.008528915426976239,0.0718832533578795,0.10416666666666667,0,7,0.0,complete
2025-01-12,2193681000,LOW,0.13746103011024932,ScheduleShift,0.3333333333333333,0.014272878877796973,0.07594874228746121,0.08994708994708994,0,8,0.0,complete
2025-05-02,2193681000,LOW,0.13666343924630966,ScheduleShift,0.3333333333333333,0.012840617861488424,0.04160728984747895,0.12244897959183673,0,6,0.0,complete
2025-05-14,2193681000,LOW,0.136548310798202,ScheduleShift,0.3333333333333333,0.009536802808823004,0.045987370185938736,0.12244897959183673,1,6,0.0,complete
2025-05-01,2193681000,LOW,0.13649277558205805,ScheduleShift,0.3333333333333333,0.022964249836715613,0.04385083648855024,0.10416666666666667,1,7,0.0,complete
2025-08-19,2193681000,LOW,0.13636472110623205,ScheduleShift,0.3333333333333333,0.007366861060735167,0.023947917114660655,0.1468253968253968,0,5,0.0,complete
2025-09-04,2193681000,LOW,0.1355442457124283,ScheduleShift,0.3333333333333333,0.040265763988581726,0.01315591591260217,0.10416666666666667,2,7,0.0,complete
2025-07-23,2193681000,LOW,0.13546792688973125,ScheduleShift,0.3333333333333333,0.022219938266897863,0.05406263710121951,0.08994708994708994,0,8,0.0,complete
2025-02-26,2193681000,LOW,0.13542211847734856,ScheduleShift,0.3333333333333333,0.011400068297631788,0.01318509311489828,0.1468253968253968,0,5,0.0,complete
2025-01-28,2193681000,LOW,0.13501832877731623,ScheduleShift,0.3333333333333333,0.023226167939235008,0.05030530203063874,0.08994708994708994,0,8,0.0,complete
2025-01-11,2193681000,LOW,0.13487461280152266,ScheduleShift,0.3333333333333333,0.013268306914969451,0.07589917506373066,0.07857142857142858,0,9,0.0,complete
2025-08-07,2193681000,LOW,0.13470114795094015,ScheduleShift,0.3333333333333333,0.022803452014282827,0.035133895066609876,0.10416666666666667,0,7,0.0,complete
2025-05-15,2193681000,LOW,0.13457357029155198,ScheduleShift,0.3333333333333333,0.011849307574737837,0.050927223428986465,0.10416666666666667,2,7,0.0,complete
2025-04-19,2193681000,LOW,0.13423125731616428,ScheduleShift,0.3333333333333333,0.003429800975396278,0.01918618829233019,0.1468253968253968,0,5,0.0,complete
2025-07-16,2193681000,LOW,0.13406417624201636,ScheduleShift,0.3333333333333333,0.02749476992649717,0.08890015489176471,0.04017857142857143,1,15,0.0,complete
2025-07-22,2193681000,LOW,0.13367631371670638,ScheduleShift,0.3333333333333333,0.017220286385894887,0.06397971043326109,0.07857142857142858,0,9,0.0,complete
2025-09-03,2193681000,LOW,0.13334145879496623,ScheduleShift,0.3333333333333333,0.018866391928943946,0.015958726489578547,0.12244897959183673,0,6,0.0,complete
2025-01-10,2193681000,LOW,0.13250219491924936,ScheduleShift,0.3333333333333333,0.008886980681053376,0.07991643431059746,0.06926406926406926,0,10,0.0,complete
2025-01-29,2193681000,LOW,0.13236015855876257,ScheduleShift,0.3333333333333333,0.023242745034331172,0.048365246670887554,0.07857142857142858,0,9,0.0,complete
2025-02-27,2193681000,LOW,0.13168659565907453,ScheduleShift,0.3333333333333333,0.012911899370401927,0.016616149647933003,0.12244897959183673,0,6,0.0,complete
2025-08-22,2193681000,LOW,0.131349093515252,ScheduleShift,0.3333333333333333,0.007854227656562381,0.022515146499579797,0.12244897959183673,0,6,0.0,complete
2025-08-20,2193681000,LOW,0.1310930226890305,ScheduleShift,0.3333333333333333,0.007167935919581201,0.02226422997394397,0.12244897959183673,0,6,0.0,complete
2025-01-09,2193681000,LOW,0.1308572604152065,ScheduleShift,0.3333333333333333,0.007613859777668001,0.08135757590159402,0.061507936507936505,0,11,0.0,complete
2025-03-17,2193681000,LOW,0.13057013972738624,,0.0,0.09475768958696207,0.49357130711363095,0.017142857142857144,2,24,0.0833,partial_missing
2025-01-08,2193681000,LOW,0.13038011971338545,ScheduleShift,0.3333333333333333,0.007570759330417981,0.08559940462624538,0.05494505494505495,0,12,0.0,complete
2025-01-30,2193681000,LOW,0.13007278831759503,ScheduleShift,0.3333333333333333,0.025033071304716863,0.04355026536683066,0.06926406926406926,0,10,0.0,complete
2025-05-16,2193681000,LOW,0.12929207425492195,ScheduleShift,0.3333333333333333,0.00454875489438733,0.049690148985938785,0.08994708994708994,0,8,0.0,complete
2025-01-05,2193681000,LOW,0.12920704870876157,ScheduleShift,0.3333333333333333,0.011637120757506938,0.08840099097897594,0.04017857142857143,0,15,0.0,complete
2025-04-18,2193681000,LOW,0.12906450464210711,ScheduleShift,0.3333333333333333,0.004026576398858173,0.016833679020411586,0.12244897959183673,0,6,0.0,complete
2025-01-07,2193681000,LOW,0.12905510953552154,ScheduleShift,0.3333333333333333,0.00722595575241777,0.08511688615782471,0.04931972789115646,0,13,0.0,complete
2025-03-03,2193681000,LOW,0.12866463592270683,ScheduleShift,0.3333333333333333,0.037384664860868444,0.017982113058162236,0.06926406926406926,2,10,0.0,complete
2025-03-01,2193681000,LOW,0.12856979877681227,ScheduleShift,0.3333333333333333,0.02402601277762489,0.016862884770534027,0.08994708994708994,1,8,0.0,complete
2025-01-31,2193681000,LOW,0.128364515611929,ScheduleShift,0.3333333333333333,0.024870615772774454,0.043008717892546754,0.061507936507936505,0,11,0.0,complete
2025-02-28,2193681000,LOW,0.1280026303509453,ScheduleShift,0.3333333333333333,0.014655809774518346,0.013862770426282338,0.10416666666666667,0,7,0.0,complete
2025-05-17,2193681000,LOW,0.1279724141641802,ScheduleShift,0.3333333333333333,0.006468382506523082,0.0515880684896878,0.07857142857142858,1,9,0.0,complete
2025-08-21,2193681000,LOW,0.12796386129170711,ScheduleShift,0.3333333333333333,0.006345712002811476,0.026134071787651668,0.10416666666666667,0,7,0.0,complete
2025-07-07,2193681000,LOW,0.12789031113473878,ScheduleShift,0.3333333333333333,0.012479237188392053,0.10358984274824878,0.017142857142857144,0,24,0.0,complete
2025-07-21,2193681000,LOW,0.1277852803404762,ScheduleShift,0.3333333333333333,0.012558807244853639,0.05082412157103127,0.06926406926406926,0,10,0.0,complete
2025-01-02,2193681000,LOW,0.1263752628208062,ScheduleShift,0.3333333333333333,0.007580705587475671,0.09043006775289265,0.03007518796992481,0,18,0.0,complete
2025-07-20,2193681000,LOW,0.12636563834615355,ScheduleShift,0.3333333333333333,0.011284028631958652,0.053394212274893216,0.061507936507936505,0,11,0.0,complete
2025-01-01,2193681000,LOW,0.12603208693937656,ScheduleShift,0.3333333333333333,0.008757679339303298,0.08964296330697549,0.027380952380952384,0,19,0.0,complete
2025-07-17,2193681000,LOW,0.1258096395320014,ScheduleShift,0.3333333333333333,0.014465173180912467,0.06290599344419387,0.044444444444444446,0,14,0.0,complete
2025-07-18,2193681000,LOW,0.12574010518467132,ScheduleShift,0.3333333333333333,0.012588646016026732,0.06049782900816015,0.04931972789115646,0,13,0.0,complete
2025-01-03,2193681000,LOW,0.12531498969435212,ScheduleShift,0.3333333333333333,0.007524343464148709,0.08221965020675459,0.03306878306878307,0,17,0.0,complete
2025-05-18,2193681000,LOW,0.12528140208213293,ScheduleShift,0.3333333333333333,0.0030535009167133595,0.05256268977152534,0.06926406926406926,0,10,0.0,complete
2025-04-17,2193681000,LOW,0.12490450551397717,ScheduleShift,0.3333333333333333,0.0031513057777807192,0.015628902236548173,0.10416666666666667,0,7,0.0,complete
2025-09-05,2193681000,LOW,0.12465241455650355,ScheduleShift,0.3333333333333333,0.01250078741201708,0.014563801717402236,0.08994708994708994,0,8,0.0,complete
2025-07-14,2193681000,LOW,0.12453086058654135,ScheduleShift,0.3333333333333333,0.012794201995219169,0.07039421687109496,0.03306878306878307,0,17,0.0,complete
2025-02-01,2193681000,LOW,0.1245013273113678,ScheduleShift,0.3333333333333333,0.02007983528998312,0.0374418286768094,0.05494505494505495,1,12,0.0,complete
2025-07-15,2193681000,LOW,0.12417644409817134,ScheduleShift,0.3333333333333333,0.010380576949217733,0.0688967892406996,0.036414565826330535,0,16,0.0,complete
2025-07-09,2193681000,LOW,0.12412827327712038,ScheduleShift,0.3333333333333333,0.01395459865195063,0.07900553466026401,0.020703933747412008,0,22,0.0,complete
2025-05-19,2193681000,LOW,0.12410630881352806,ScheduleShift,0.3333333333333333,0.0028678374516363275,0.054721851382249394,0.061507936507936505,0,11,0.0,complete
2025-06-08,2193681000,LOW,0.12401183917356993,ScheduleShift,0.3333333333333333,0.02322782564874461,0.077032933585209,0.00818452380952381,2,31,0.0,complete
2025-03-02,2193681000,LOW,0.12328354883232308,ScheduleShift,0.3333333333333333,0.01540509447286495,0.014738673880889395,0.07857142857142858,0,9,0.0,complete
2025-05-20,2193681000,LOW,0.12323844897206343,ScheduleShift,0.3333333333333333,0.003275633991001948,0.05633373892875928,0.05494505494505495,0,12,0.0,complete
2025-06-06,2193681000,LOW,0.12305275582689208,ScheduleShift,0.3333333333333333,0.021064514738695257,0.07334954670895723,0.010317460317460317,1,29,0.0,complete
2025-03-04,2193681000,LOW,0.12302020063084765,ScheduleShift,0.3333333333333333,0.02290954542289828,0.01922874851195441,0.061507936507936505,1,11,0.0,complete
2025-07-11,2193681000,LOW,0.12279828814867373,ScheduleShift,0.3333333333333333,0.012774309481103764,0.06988666586411665,0.02494331065759637,0,20,0.0,complete
2025-07-10,2193681000,LOW,0.12278005061268876,ScheduleShift,0.3333333333333333,0.012804148252276869,0.0719667579577558,0.02272727272727273,0,21,0.0,complete
2025-07-03,2193681000,LOW,0.1225066902178759,ScheduleShift,0.3333333333333333,0.007330391451523602,0.09004361103853091,0.011494252873563218,0,28,0.0,complete
2025-07-05,2193681000,LOW,0.12243449696580869,ScheduleShift,0.3333333333333333,0.011754818132689703,0.0804309101873281,0.014109347442680775,0,26,0.0,complete
2025-05-21,2193681000,LOW,0.12239811680898884,ScheduleShift,0.3333333333333333,0.004058072879540889,0.05658374683447642,0.04931972789115646,0,13,0.0,complete
2025-07-04,2193681000,LOW,0.12236838657828754,ScheduleShift,0.3333333333333333,0.013205313953604024,0.07927885992021536,0.012755102040816325,0,27,0.0,complete
2025-07-08,2193681000,LOW,0.12235206783337296,ScheduleShift,0.3333333333333333,0.012668216072488327,0.07390880870892601,0.018849206349206348,0,23,0.0,complete
2025-07-06,2193681000,LOW,0.12219211822771477,ScheduleShift,0.3333333333333333,0.010372288401669648,0.07983439296830383,0.015567765567765571,0,25,0.0,complete
2025-09-06,2193681000,LOW,0.12216398034260482,ScheduleShift,0.3333333333333333,0.01230351998037272,0.013793193171036434,0.07857142857142858,0,9,0.0,complete
2025-07-12,2193681000,LOW,0.12199266591014928,ScheduleShift,0.3333333333333333,0.010090477785034862,0.06744666049224166,0.027380952380952384,0,19,0.0,complete
2025-07-13,2193681000,LOW,0.12168076492749952,ScheduleShift,0.3333333333333333,0.00788572413724508,0.06650005046170517,0.03007518796992481,0,18,0.0,complete
2025-04-01,2193681000,LOW,0.12165439179368782,ScheduleShift,0.3333333333333333,0.05653701168022122,0.004617235098901009,0.018849206349206348,3,23,0.0,complete
2025-04-16,2193681000,LOW,0.12125893613758917,ScheduleShift,0.3333333333333333,0.001715729342452946,0.013773996727176569,0.08994708994708994,0,8,0.0,complete
2025-06-09,2193681000,LOW,0.12120231455569419,ScheduleShift,0.3333333333333333,0.012306835399391956,0.08033631246437586,0.007215007215007217,0,32,0.0,complete
2025-06-05,2193681000,LOW,0.12117330870831836,ScheduleShift,0.3333333333333333,0.013085958868911646,0.07474335236466115,0.011494252873563218,0,28,0.0,complete
2025-05-22,2193681000,LOW,0.12116824477361653,ScheduleShift,0.3333333333333333,0.003663538016252187,0.05590147239925992,0.044444444444444446,0,14,0.0,complete
2025-06-01,2193681000,LOW,0.1211068895060002,ScheduleShift,0.3333333333333333,0.014342502677200851,0.06687783637134259,0.017142857142857144,0,24,0.0,complete
2025-03-30,2193681000,LOW,0.12101386341428076,ScheduleShift,0.3333333333333333,0.056661339893442436,0.00450954166347457,0.015567765567765571,3,25,0.0,complete
2025-06-02,2193681000,LOW,0.12090210864458913,ScheduleShift,0.3333333333333333,0.013599848816892727,0.06854300442984101,0.015567765567765571,0,25,0.0,complete
2025-06-20,2193681000,LOW,0.12090129685323209,ScheduleShift,0.3333333333333333,0.007502793240523707,0.09268540098133865,0.0005668934240362802,1,41,0.0,complete
2025-02-04,2193681000,LOW,0.12085313356018496,ScheduleShift,0.3333333333333333,0.019117534919650816,0.03541079399287717,0.04017857142857143,1,15,0.0,complete
2025-06-04,2193681000,LOW,0.12080244447046168,ScheduleShift,0.3333333333333333,0.012664900653469084,0.07225976933128843,0.012755102040816325,0,27,0.0,complete
2025-09-07,2193681000,LOW,0.12073402111650283,ScheduleShift,0.3333333333333333,0.011971978078449444,0.016448069200770757,0.06926406926406926,0,10,0.0,complete
2025-06-03,2193681000,LOW,0.12072385199702942,ScheduleShift,0.3333333333333333,0.013162213506354003,0.06976659228293529,0.014109347442680775,0,26,0.0,complete
2025-02-02,2193681000,LOW,0.12065688354598043,ScheduleShift,0.3333333333333333,0.010446885329602376,0.03829436184434219,0.04931972789115646,0,13,0.0,complete
2025-06-07,2193681000,LOW,0.12050960438351085,ScheduleShift,0.3333333333333333,0.012790886576199935,0.07414510219150329,0.009216589861751152,0,30,0.0,complete
2025-06-10,2193681000,LOW,0.12041419637341416,ScheduleShift,0.3333333333333333,0.011968662659430217,0.07781546686952215,0.0063025210084033615,0,33,0.0,complete
2025-06-25,2193681000,LOW,0.12016745499750955,ScheduleShift,0.3333333333333333,0.004439346066752642,0.090317252026415,0.003861003861003863,0,36,0.0,complete
2025-05-23,2193681000,LOW,0.12001104122290523,ScheduleShift,0.3333333333333333,0.00249319510246303,0.056136842032260305,0.04017857142857143,0,15,0.0,complete
