OSF_ID,Date,n_present,n_missing,missing_ratio,missing_hours,outage_overlap_count,unknown_missing_count,data_quality_flag
2193681000,2025-01-01,24,0,0.0,[],0,0,complete
2193681000,2025-01-02,24,0,0.0,[],0,0,complete
2193681000,2025-01-03,24,0,0.0,[],0,0,complete
2193681000,2025-01-04,23,1,0.0417,[22],0,1,partial_missing
2193681000,2025-01-05,24,0,0.0,[],0,0,complete
2193681000,2025-01-06,23,1,0.0417,[21],0,1,partial_missing
2193681000,2025-01-07,24,0,0.0,[],0,0,complete
2193681000,2025-01-08,24,0,0.0,[],0,0,complete
2193681000,2025-01-09,24,0,0.0,[],0,0,complete
2193681000,2025-01-10,24,0,0.0,[],0,0,complete
2193681000,2025-01-11,24,0,0.0,[],0,0,complete
2193681000,2025-01-12,24,0,0.0,[],0,0,complete
2193681000,2025-01-13,24,0,0.0,[],0,0,complete
2193681000,2025-01-14,24,0,0.0,[],0,0,complete
2193681000,2025-01-15,24,0,0.0,[],0,0,complete
2193681000,2025-01-16,24,0,0.0,[],0,0,complete
2193681000,2025-01-17,24,0,0.0,[],0,0,complete
2193681000,2025-01-18,24,0,0.0,[],0,0,complete
2193681000,2025-01-19,24,0,0.0,[],0,0,complete
2193681000,2025-01-20,24,0,0.0,[],0,0,complete
2193681000,2025-01-21,24,0,0.0,[],0,0,complete
2193681000,2025-01-22,24,0,0.0,[],0,0,complete
2193681000,2025-01-23,24,0,0.0,[],0,0,complete
2193681000,2025-01-24,24,0,0.0,[],0,0,complete
2193681000,2025-01-25,24,0,0.0,[],0,0,complete
2193681000,2025-01-26,22,2,0.0833,"[13, 14]",0,2,partial_missing
2193681000,2025-01-27,24,0,0.0,[],0,0,complete
2193681000,2025-01-28,24,0,0.0,[],0,0,complete
2193681000,2025-01-29,24,0,0.0,[],0,0,complete
2193681000,2025-01-30,24,0,0.0,[],0,0,complete
2193681000,2025-01-31,24,0,0.0,[],0,0,complete
2193681000,2025-02-01,24,0,0.0,[],0,0,complete
2193681000,2025-02-02,24,0,0.0,[],0,0,complete
2193681000,2025-02-03,22,2,0.0833,"[19, 20]",0,2,partial_missing
2193681000,2025-02-04,24,0,0.0,[],0,0,complete
2193681000,2025-02-05,24,0,0.0,[],0,0,complete
2193681000,2025-02-06,24,0,0.0,[],0,0,complete
2193681000,2025-02-07,24,0,0.0,[],0,0,complete
2193681000,2025-02-08,24,0,0.0,[],0,0,complete
2193681000,2025-02-09,24,0,0.0,[],0,0,complete
2193681000,2025-02-10,24,0,0.0,[],0,0,complete
2193681000,2025-02-11,24,0,0.0,[],0,0,complete
2193681000,2025-02-12,24,0,0.0,[],0,0,complete
2193681000,2025-02-13,24,0,0.0,[],0,0,complete
2193681000,2025-02-14,24,0,0.0,[],0,0,complete
2193681000,2025-02-15,24,0,0.0,[],0,0,complete
2193681000,2025-02-16,24,0,0.0,[],0,0,complete
2193681000,2025-02-17,24,0,0.0,[],0,0,complete
2193681000,2025-02-18,24,0,0.0,[],0,0,complete
2193681000,2025-02-19,24,0,0.0,[],0,0,complete
2193681000,2025-02-20,24,0,0.0,[],0,0,complete
2193681000,2025-02-21,24,0,0.0,[],0,0,complete
2193681000,2025-02-22,24,0,0.0,[],0,0,complete
2193681000,2025-02-23,24,0,0.0,[],0,0,complete
2193681000,2025-02-24,24,0,0.0,[],0,0,complete
2193681000,2025-02-25,24,0,0.0,[],0,0,complete
2193681000,2025-02-26,24,0,0.0,[],0,0,complete
2193681000,2025-02-27,24,0,0.0,[],0,0,complete
2193681000,2025-02-28,24,0,0.0,[],0,0,complete
2193681000,2025-03-01,24,0,0.0,[],0,0,complete
2193681000,2025-03-02,24,0,0.0,[],0,0,complete
2193681000,2025-03-03,24,0,0.0,[],0,0,complete
2193681000,2025-03-04,24,0,0.0,[],0,0,complete
2193681000,2025-03-05,23,1,0.0417,[13],0,1,partial_missing
2193681000,2025-03-06,24,0,0.0,[],0,0,complete
2193681000,2025-03-07,24,0,0.0,[],0,0,complete
2193681000,2025-03-08,24,0,0.0,[],0,0,complete
2193681000,2025-03-09,24,0,0.0,[],0,0,complete
2193681000,2025-03-10,24,0,0.0,[],0,0,complete
2193681000,2025-03-11,24,0,0.0,[],0,0,complete
2193681000,2025-03-12,22,2,0.0833,"[2, 3]",0,2,partial_missing
2193681000,2025-03-13,24,0,0.0,[],0,0,complete
2193681000,2025-03-14,24,0,0.0,[],0,0,complete
2193681000,2025-03-15,24,0,0.0,[],0,0,complete
2193681000,2025-03-16,22,2,0.0833,"[9, 10]",0,2,partial_missing
2193681000,2025-03-17,22,2,0.0833,"[20, 21]",0,2,partial_missing
2193681000,2025-03-18,24,0,0.0,[],0,0,complete
2193681000,2025-03-19,24,0,0.0,[],0,0,complete
2193681000,2025-03-20,24,0,0.0,[],0,0,complete
2193681000,2025-03-21,24,0,0.0,[],0,0,complete
2193681000,2025-03-22,24,0,0.0,[],0,0,complete
2193681000,2025-03-23,24,0,0.0,[],0,0,complete
2193681000,2025-03-24,24,0,0.0,[],0,0,complete
2193681000,2025-03-25,24,0,0.0,[],0,0,complete
2193681000,2025-03-26,24,0,0.0,[],0,0,complete
2193681000,2025-03-27,24,0,0.0,[],0,0,complete
2193681000,2025-03-28,24,0,0.0,[],0,0,complete
2193681000,2025-03-29,24,0,0.0,[],0,0,complete
2193681000,2025-03-30,24,0,0.0,[],0,0,complete
2193681000,2025-03-31,24,0,0.0,[],0,0,complete
2193681000,2025-04-01,24,0,0.0,[],0,0,complete
2193681000,2025-04-02,24,0,0.0,[],0,0,complete
2193681000,2025-04-03,24,0,0.0,[],0,0,complete
2193681000,2025-04-04,24,0,0.0,[],0,0,complete
2193681000,2025-04-05,24,0,0.0,[],0,0,complete
2193681000,2025-04-06,24,0,0.0,[],0,0,complete
2193681000,2025-04-07,24,0,0.0,[],0,0,complete
2193681000,2025-04-08,24,0,0.0,[],0,0,complete
2193681000,2025-04-09,24,0,0.0,[],0,0,complete
2193681000,2025-04-10,24,0,0.0,[],0,0,complete
2193681000,2025-04-11,24,0,0.0,[],0,0,complete
2193681000,2025-04-12,24,0,0.0,[],0,0,complete
2193681000,2025-04-13,24,0,0.0,[],0,0,complete
2193681000,2025-04-14,24,0,0.0,[],0,0,complete
2193681000,2025-04-15,24,0,0.0,[],0,0,complete
2193681000,2025-04-16,24,0,0.0,[],0,0,complete
2193681000,2025-04-17,24,0,0.0,[],0,0,complete
2193681000,2025-04-18,24,0,0.0,[],0,0,complete
2193681000,2025-04-19,24,0,0.0,[],0,0,complete
2193681000,2025-04-20,24,0,0.0,[],0,0,complete
2193681000,2025-04-21,24,0,0.0,[],0,0,complete
2193681000,2025-04-22,24,0,0.0,[],0,0,complete
2193681000,2025-04-23,24,0,0.0,[],0,0,complete
2193681000,2025-04-24,24,0,0.0,[],0,0,complete
2193681000,2025-04-25,24,0,0.0,[],0,0,complete
2193681000,2025-04-26,24,0,0.0,[],0,0,complete
2193681000,2025-04-27,24,0,0.0,[],0,0,complete
2193681000,2025-04-28,24,0,0.0,[],0,0,complete
2193681000,2025-04-29,24,0,0.0,[],0,0,complete
2193681000,2025-04-30,24,0,0.0,[],0,0,complete
2193681000,2025-05-01,24,0,0.0,[],0,0,complete
2193681000,2025-05-02,24,0,0.0,[],0,0,complete
2193681000,2025-05-03,24,0,0.0,[],0,0,complete
2193681000,2025-05-04,24,0,0.0,[],0,0,complete
2193681000,2025-05-05,24,0,0.0,[],0,0,complete
2193681000,2025-05-06,24,0,0.0,[],0,0,complete
2193681000,2025-05-07,24,0,0.0,[],0,0,complete
2193681000,2025-05-08,24,0,0.0,[],0,0,complete
2193681000,2025-05-09,24,0,0.0,[],0,0,complete
2193681000,2025-05-10,24,0,0.0,[],0,0,complete
2193681000,2025-05-11,24,0,0.0,[],0,0,complete
2193681000,2025-05-12,24,0,0.0,[],0,0,complete
2193681000,2025-05-13,24,0,0.0,[],0,0,complete
2193681000,2025-05-14,24,0,0.0,[],0,0,complete
2193681000,2025-05-15,24,0,0.0,[],0,0,complete
2193681000,2025-05-16,24,0,0.0,[],0,0,complete
2193681000,2025-05-17,24,0,0.0,[],0,0,complete
2193681000,2025-05-18,24,0,0.0,[],0,0,complete
2193681000,2025-05-19,24,0,0.0,[],0,0,complete
2193681000,2025-05-20,24,0,0.0,[],0,0,complete
2193681000,2025-05-21,24,0,0.0,[],0,0,complete
2193681000,2025-05-22,24,0,0.0,[],0,0,complete
2193681000,2025-05-23,24,0,0.0,[],0,0,complete
2193681000,2025-05-24,24,0,0.0,[],0,0,complete
2193681000,2025-05-25,24,0,0.0,[],0,0,complete
2193681000,2025-05-26,24,0,0.0,[],0,0,complete
2193681000,2025-05-27,24,0,0.0,[],0,0,complete
2193681000,2025-05-28,24,0,0.0,[],0,0,complete
2193681000,2025-05-29,24,0,0.0,[],0,0,complete
2193681000,2025-05-30,24,0,0.0,[],0,0,complete
2193681000,2025-05-31,24,0,0.0,[],0,0,complete
2193681000,2025-06-01,24,0,0.0,[],0,0,complete
2193681000,2025-06-02,24,0,0.0,[],0,0,complete
2193681000,2025-06-03,24,0,0.0,[],0,0,complete
2193681000,2025-06-04,24,0,0.0,[],0,0,complete
2193681000,2025-06-05,24,0,0.0,[],0,0,complete
2193681000,2025-06-06,24,0,0.0,[],0,0,complete
2193681000,2025-06-07,24,0,0.0,[],0,0,complete
2193681000,2025-06-08,24,0,0.0,[],0,0,complete
2193681000,2025-06-09,24,0,0.0,[],0,0,complete
2193681000,2025-06-10,24,0,0.0,[],0,0,complete
2193681000,2025-06-11,24,0,0.0,[],0,0,complete
2193681000,2025-06-12,24,0,0.0,[],0,0,complete
2193681000,2025-06-13,24,0,0.0,[],0,0,complete
2193681000,2025-06-14,24,0,0.0,[],0,0,complete
2193681000,2025-06-15,24,0,0.0,[],0,0,complete
2193681000,2025-06-16,24,0,0.0,[],0,0,complete
2193681000,2025-06-17,24,0,0.0,[],0,0,complete
2193681000,2025-06-18,24,0,0.0,[],0,0,complete
2193681000,2025-06-19,24,0,0.0,[],0,0,complete
2193681000,2025-06-20,24,0,0.0,[],0,0,complete
2193681000,2025-06-21,24,0,0.0,[],0,0,complete
2193681000,2025-06-22,24,0,0.0,[],0,0,complete
2193681000,2025-06-23,24,0,0.0,[],0,0,complete
2193681000,2025-06-24,24,0,0.0,[],0,0,complete
2193681000,2025-06-25,24,0,0.0,[],0,0,complete
2193681000,2025-06-26,24,0,0.0,[],0,0,complete
2193681000,2025-06-27,24,0,0.0,[],0,0,complete
2193681000,2025-06-28,24,0,0.0,[],0,0,complete
2193681000,2025-06-29,24,0,0.0,[],0,0,complete
2193681000,2025-06-30,24,0,0.0,[],0,0,complete
2193681000,2025-07-01,24,0,0.0,[],0,0,complete
2193681000,2025-07-02,24,0,0.0,[],0,0,complete
2193681000,2025-07-03,24,0,0.0,[],0,0,complete
2193681000,2025-07-04,24,0,0.0,[],0,0,complete
2193681000,2025-07-05,24,0,0.0,[],0,0,complete
2193681000,2025-07-06,24,0,0.0,[],0,0,complete
2193681000,2025-07-07,24,0,0.0,[],0,0,complete
2193681000,2025-07-08,24,0,0.0,[],0,0,complete
2193681000,2025-07-09,24,0,0.0,[],0,0,complete
2193681000,2025-07-10,24,0,0.0,[],0,0,complete
2193681000,2025-07-11,24,0,0.0,[],0,0,complete
2193681000,2025-07-12,24,0,0.0,[],0,0,complete
2193681000,2025-07-13,24,0,0.0,[],0,0,complete
2193681000,2025-07-14,24,0,0.0,[],0,0,complete
2193681000,2025-07-15,24,0,0.0,[],0,0,complete
2193681000,2025-07-16,24,0,0.0,[],0,0,complete
2193681000,2025-07-17,24,0,0.0,[],0,0,complete
2193681000,2025-07-18,24,0,0.0,[],0,0,complete
2193681000,2025-07-19,24,0,0.0,[],0,0,complete
2193681000,2025-07-20,24,0,0.0,[],0,0,complete
2193681000,2025-07-21,24,0,0.0,[],0,0,complete
2193681000,2025-07-22,24,0,0.0,[],0,0,complete
2193681000,2025-07-23,24,0,0.0,[],0,0,complete
2193681000,2025-07-24,24,0,0.0,[],0,0,complete
2193681000,2025-07-25,24,0,0.0,[],0,0,complete
2193681000,2025-07-26,24,0,0.0,[],0,0,complete
2193681000,2025-07-27,24,0,0.0,[],0,0,complete
2193681000,2025-07-28,24,0,0.0,[],0,0,complete
2193681000,2025-07-29,24,0,0.0,[],0,0,complete
2193681000,2025-07-30,24,0,0.0,[],0,0,complete
2193681000,2025-07-31,24,0,0.0,[],0,0,complete
2193681000,2025-08-01,24,0,0.0,[],0,0,complete
2193681000,2025-08-02,24,0,0.0,[],0,0,complete
2193681000,2025-08-03,24,0,0.0,[],0,0,complete
2193681000,2025-08-04,24,0,0.0,[],0,0,complete
2193681000,2025-08-05,24,0,0.0,[],0,0,complete
2193681000,2025-08-06,24,0,0.0,[],0,0,complete
2193681000,2025-08-07,24,0,0.0,[],0,0,complete
2193681000,2025-08-08,24,0,0.0,[],0,0,complete
2193681000,2025-08-09,24,0,0.0,[],0,0,complete
2193681000,2025-08-10,24,0,0.0,[],0,0,complete
2193681000,2025-08-11,24,0,0.0,[],0,0,complete
2193681000,2025-08-12,24,0,0.0,[],0,0,complete
2193681000,2025-08-13,24,0,0.0,[],0,0,complete
2193681000,2025-08-14,24,0,0.0,[],0,0,complete
2193681000,2025-08-15,24,0,0.0,[],0,0,complete
2193681000,2025-08-16,24,0,0.0,[],0,0,complete
2193681000,2025-08-17,24,0,0.0,[],0,0,complete
2193681000,2025-08-18,24,0,0.0,[],0,0,complete
2193681000,2025-08-19,24,0,0.0,[],0,0,complete
2193681000,2025-08-20,24,0,0.0,[],0,0,complete
2193681000,2025-08-21,24,0,0.0,[],0,0,complete
2193681000,2025-08-22,24,0,0.0,[],0,0,complete
2193681000,2025-08-23,24,0,0.0,[],0,0,complete
2193681000,2025-08-24,24,0,0.0,[],0,0,complete
2193681000,2025-08-25,24,0,0.0,[],0,0,complete
2193681000,2025-08-26,24,0,0.0,[],0,0,complete
2193681000,2025-08-27,24,0,0.0,[],0,0,complete
2193681000,2025-08-28,24,0,0.0,[],0,0,complete
2193681000,2025-08-29,24,0,0.0,[],0,0,complete
2193681000,2025-08-30,24,0,0.0,[],0,0,complete
2193681000,2025-08-31,24,0,0.0,[],0,0,complete
2193681000,2025-09-01,24,0,0.0,[],0,0,complete
2193681000,2025-09-02,24,0,0.0,[],0,0,complete
2193681000,2025-09-03,24,0,0.0,[],0,0,complete
2193681000,2025-09-04,24,0,0.0,[],0,0,complete
2193681000,2025-09-05,24,0,0.0,[],0,0,complete
2193681000,2025-09-06,24,0,0.0,[],0,0,complete
2193681000,2025-09-07,24,0,0.0,[],0,0,complete
2193681000,2025-09-08,24,0,0.0,[],0,0,complete
2193681000,2025-09-09,24,0,0.0,[],0,0,complete
2193681000,2025-09-10,24,0,0.0,[],0,0,complete
2193681000,2025-09-11,24,0,0.0,[],0,0,complete
2193681000,2025-09-12,24,0,0.0,[],0,0,complete
2193681000,2025-09-13,24,0,0.0,[],0,0,complete
2193681000,2025-09-14,24,0,0.0,[],0,0,complete
2193681000,2025-09-15,24,0,0.0,[],0,0,complete
2193681000,2025-09-16,24,0,0.0,[],0,0,complete
2193681000,2025-09-17,24,0,0.0,[],0,0,complete
2193681000,2025-09-18,24,0,0.0,[],0,0,complete
2193681000,2025-09-19,24,0,0.0,[],0,0,complete
2193681000,2025-09-20,24,0,0.0,[],0,0,complete
2193681000,2025-09-21,24,0,0.0,[],0,0,complete
2193681000,2025-09-22,24,0,0.0,[],0,0,complete
2193681000,2025-09-23,24,0,0.0,[],0,0,complete
2193681000,2025-09-24,24,0,0.0,[],0,0,complete
2193681000,2025-09-25,24,0,0.0,[],0,0,complete
2193681000,2025-09-26,24,0,0.0,[],0,0,complete
2193681000,2025-09-27,24,0,0.0,[],0,0,complete
2193681000,2025-09-28,24,0,0.0,[],0,0,complete
2193681000,2025-09-29,24,0,0.0,[],0,0,complete
2193681000,2025-09-30,24,0,0.0,[],0,0,complete
2193681000,2025-10-01,24,0,0.0,[],0,0,complete
2193681000,2025-10-02,24,0,0.0,[],0,0,complete
2193681000,2025-10-03,24,0,0.0,[],0,0,complete
2193681000,2025-10-04,24,0,0.0,[],0,0,complete
2193681000,2025-10-05,24,0,0.0,[],0,0,complete
2193681000,2025-10-06,24,0,0.0,[],0,0,complete
2193681000,2025-10-07,24,0,0.0,[],0,0,complete
2193681000,2025-10-08,24,0,0.0,[],0,0,complete
2193681000,2025-10-09,24,0,0.0,[],0,0,complete
2193681000,2025-10-10,24,0,0.0,[],0,0,complete
2193681000,2025-10-11,24,0,0.0,[],0,0,complete
2193681000,2025-10-12,24,0,0.0,[],0,0,complete
2193681000,2025-10-13,24,0,0.0,[],0,0,complete
2193681000,2025-10-14,24,0,0.0,[],0,0,complete
2193681000,2025-10-15,24,0,0.0,[],0,0,complete
2193681000,2025-10-16,24,0,0.0,[],0,0,complete
2193681000,2025-10-17,24,0,0.0,[],0,0,complete
2193681000,2025-10-18,24,0,0.0,[],0,0,complete
2193681000,2025-10-19,24,0,0.0,[],0,0,complete
2193681000,2025-10-20,24,0,0.0,[],0,0,complete
2193681000,2025-10-21,24,0,0.0,[],0,0,complete
2193681000,2025-10-22,24,0,0.0,[],0,0,complete
2193681000,2025-10-23,24,0,0.0,[],0,0,complete
2193681000,2025-10-24,24,0,0.0,[],0,0,complete
2193681000,2025-10-25,24,0,0.0,[],0,0,complete
2193681000,2025-10-26,24,0,0.0,[],0,0,complete
2193681000,2025-10-27,24,0,0.0,[],0,0,complete
2193681000,2025-10-28,24,0,0.0,[],0,0,complete
2193681000,2025-10-29,24,0,0.0,[],0,0,complete
2193681000,2025-10-30,24,0,0.0,[],0,0,complete
2193681000,2025-10-31,24,0,0.0,[],0,0,complete
2193681000,2025-11-01,24,0,0.0,[],0,0,complete
2193681000,2025-11-02,24,0,0.0,[],0,0,complete
2193681000,2025-11-03,24,0,0.0,[],0,0,complete
2193681000,2025-11-04,24,0,0.0,[],0,0,complete
2193681000,2025-11-05,24,0,0.0,[],0,0,complete
2193681000,2025-11-06,24,0,0.0,[],0,0,complete
2193681000,2025-11-07,24,0,0.0,[],0,0,complete
2193681000,2025-11-08,24,0,0.0,[],0,0,complete
2193681000,2025-11-09,24,0,0.0,[],0,0,complete
2193681000,2025-11-10,24,0,0.0,[],0,0,complete
2193681000,2025-11-11,24,0,0.0,[],0,0,complete
2193681000,2025-11-12,24,0,0.0,[],0,0,complete
2193681000,2025-11-13,24,0,0.0,[],0,0,complete
2193681000,2025-11-14,24,0,0.0,[],0,0,complete
2193681000,2025-11-15,24,0,0.0,[],0,0,complete
2193681000,2025-11-16,24,0,0.0,[],0,0,complete
2193681000,2025-11-17,24,0,0.0,[],0,0,complete
2193681000,2025-11-18,24,0,0.0,[],0,0,complete
2193681000,2025-11-19,24,0,0.0,[],0,0,complete
2193681000,2025-11-20,24,0,0.0,[],0,0,complete
2193681000,2025-11-21,24,0,0.0,[],0,0,complete
2193681000,2025-11-22,24,0,0.0,[],0,0,complete
2193681000,2025-11-23,24,0,0.0,[],0,0,complete
2193681000,2025-11-24,24,0,0.0,[],0,0,complete
2193681000,2025-11-25,24,0,0.0,[],0,0,complete
2193681000,2025-11-26,24,0,0.0,[],0,0,complete
2193681000,2025-11-27,24,0,0.0,[],0,0,complete
2193681000,2025-11-28,24,0,0.0,[],0,0,complete
2193681000,2025-11-29,24,0,0.0,[],0,0,complete
2193681000,2025-11-30,24,0,0.0,[],0,0,complete
2193681000,2025-12-01,24,0,0.0,[],0,0,complete
2193681000,2025-12-02,24,0,0.0,[],0,0,complete
2193681000,2025-12-03,24,0,0.0,[],0,0,complete
2193681000,2025-12-04,24,0,0.0,[],0,0,complete
2193681000,2025-12-05,24,0,0.0,[],0,0,complete
2193681000,2025-12-06,24,0,0.0,[],0,0,complete
2193681000,2025-12-07,24,0,0.0,[],0,0,complete
2193681000,2025-12-08,24,0,0.0,[],0,0,complete
2193681000,2025-12-09,24,0,0.0,[],0,0,complete
2193681000,2025-12-10,24,0,0.0,[],0,0,complete
2193681000,2025-12-11,24,0,0.0,[],0,0,complete
2193681000,2025-12-12,24,0,0.0,[],0,0,complete
2193681000,2025-12-13,24,0,0.0,[],0,0,complete
2193681000,2025-12-14,24,0,0.0,[],0,0,complete
2193681000,2025-12-15,24,0,0.0,[],0,0,complete
2193681000,2025-12-16,24,0,0.0,[],0,0,complete
2193681000,2025-12-17,24,0,0.0,[],0,0,complete
2193681000,2025-12-18,24,0,0.0,[],0,0,complete
2193681000,2025-12-19,24,0,0.0,[],0,0,complete
2193681000,2025-12-20,24,0,0.0,[],0,0,complete
2193681000,2025-12-21,24,0,0.0,[],0,0,complete
2193681000,2025-12-22,24,0,0.0,[],0,0,complete
2193681000,2025-12-23,24,0,0.0,[],0,0,complete
2193681000,2025-12-24,24,0,0.0,[],0,0,complete
2193681000,2025-12-25,24,0,0.0,[],0,0,complete
2193681000,2025-12-26,24,0,0.0,[],0,0,complete
2193681000,2025-12-27,24,0,0.0,[],0,0,complete
2193681000,2025-12-28,24,0,0.0,[],0,0,complete
2193681000,2025-12-29,24,0,0.0,[],0,0,complete
2193681000,2025-12-30,24,0,0.0,[],0,0,complete
2193681000,2025-12-31,24,0,0.0,[],0,0,complete
2193681000,2026-01-01,24,0,0.0,[],0,0,complete
2193681000,2026-01-02,24,0,0.0,[],0,0,complete
2193681000,2026-01-03,24,0,0.0,[],0,0,complete
2193681000,2026-01-04,24,0,0.0,[],0,0,complete
2193681000,2026-01-05,24,0,0.0,[],0,0,complete
2193681000,2026-01-06,24,0,0.0,[],0,0,complete
2193681000,2026-01-07,24,0,0.0,[],0,0,complete
2193681000,2026-01-08,24,0,0.0,[],0,0,complete
2193681000,2026-01-09,24,0,0.0,[],0,0,complete
2193681000,2026-01-10,24,0,0.0,[],0,0,complete
2193681000,2026-01-11,24,0,0.0,[],0,0,complete
2193681000,2026-01-12,24,0,0.0,[],0,0,complete
2193681000,2026-01-13,24,0,0.0,[],0,0,complete
2193681000,2026-01-14,24,0,0.0,[],0,0,complete
2193681000,2026-01-15,24,0,0.0,[],0,0,complete
2193681000,2026-01-16,24,0,0.0,[],0,0,complete
2193681000,2026-01-17,24,0,0.0,[],0,0,complete
2193681000,2026-01-18,24,0,0.0,[],0,0,complete
2193681000,2026-01-19,24,0,0.0,[],0,0,complete
2193681000,2026-01-20,24,0,0.0,[],0,0,complete
2193681000,2026-01-21,24,0,0.0,[],0,0,complete
2193681000,2026-01-22,24,0,0.0,[],0,0,complete
2193681000,2026-01-23,24,0,0.0,[],0,0,complete
2193681000,2026-01-24,24,0,0.0,[],0,0,complete
2193681000,2026-01-25,24,0,0.0,[],0,0,complete
2193681000,2026-01-26,24,0,0.0,[],0,0,complete
2193681000,2026-01-27,24,0,0.0,[],0,0,complete
2193681000,2026-01-28,24,0,0.0,[],0,0,complete
2193681000,2026-01-29,24,0,0.0,[],0,0,complete
2193681000,2026-01-30,24,0,0.0,[],0,0,complete
2193681000,2026-01-31,24,0,0.0,[],0,0,complete
2193681000,2026-02-01,24,0,0.0,[],0,0,complete
2193681000,2026-02-02,24,0,0.0,[],0,0,complete
2193681000,2026-02-03,24,0,0.0,[],0,0,complete
2193681000,2026-02-04,24,0,0.0,[],0,0,complete
2193681000,2026-02-05,24,0,0.0,[],0,0,complete
2193681000,2026-02-06,24,0,0.0,[],0,0,complete
2193681000,2026-02-07,24,0,0.0,[],0,0,complete
2193681000,2026-02-08,24,0,0.0,[],0,0,complete
2193681000,2026-02-09,24,0,0.0,[],0,0,complete
2193681000,2026-02-10,24,0,0.0,[],0,0,complete
2193681000,2026-02-11,24,0,0.0,[],0,0,complete
2193681000,2026-02-12,15,9,0.375,"[12, 13, 14, 15, 16, 17, 18, 19, 20]",0,9,data_quality_low
2193681000,2026-02-13,10,14,0.5833,"[10, 11, 12, 13, 14, 15, 16, 17, 18, 19, 20, 21, 22, 23]",0,14,data_quality_low
